CD_CLIENTE_TNT;RAZAO_SOCIAL;CD_CONTRATO;DESC_CONTRATO;CD_OPERACAO;DESC_OPERACAO;CD_UF;NUM_CEP_ORIG;CIDADE_ORIG;UF_ORIG;NUM_CEP_DEST;CIDADE_DEST;UF_DEST;TP_CARGA;TP_EMBARQUE;TRANS_TIME_HORA_ORIGINAL;TRANS_TIME_DIA_ORIGINAL;INTERIOR;CAPITAL;CONCAT;TRANS_TIME_DIA_BASE_AUXILIAR;TRANS_TIME_HORA_BASE_AUXILIAR;TRANSPORTADORA;TIPO_OPERACAO_TT;REGRA_TT;FONTE_PLANILHA2_LINHA;STATUS_TT
6;GENERAL MOTORS DO BRASIL LTDA.;9;GM SOROCABA - GESTAO DE FRETES;102010306;GM SOROCABA - GESTAO DE FRETES;  ;7000000;GUARULHOS;SP;24400000;SAO GONCALO;RJ;Carga fracionada;Rodoviario  ;48.000;2;0.000;0.000;SAO GONCALO_RJ_GENERAL MOTORS DO BRASIL LTDA._7000000;;0,;CAMILO DOS SANTOS;;;;SEM_CADASTRO
6;GENERAL MOTORS DO BRASIL LTDA.;9;GM SOROCABA - GESTAO DE FRETES;102010306;GM SOROCABA - GESTAO DE FRETES;  ;7000000;GUARULHOS;SP;38000000;UBERABA;MG;Carga fracionada;Rodoviario  ;96.000;4;0.000;0.000;UBERABA_MG_GENERAL MOTORS DO BRASIL LTDA._7000000;14,;336,;CAMILO DOS SANTOS;REVERSA;FALLBACK_CIDADE_X2;Planilha2!E/F - linha 7552;OK - REVERSA IDENTIFICADA POR FALLBACK X2
6;GENERAL MOTORS DO BRASIL LTDA.;9;GM SOROCABA - GESTAO DE FRETES;102010306;GM SOROCABA - GESTAO DE FRETES;  ;7000000;GUARULHOS;SP;57240000;SAO MIGUEL DOS CAMPOS;AL;Carga fracionada;Aereo       ;72.000;3;0.000;0.000;SAO MIGUEL DOS CAMPOS_AL_GENERAL MOTORS DO BRASIL LTDA._7000000;;0,;TSP Sem Cadastro;;;;SEM_CADASTRO - TT E TSP
6;GENERAL MOTORS DO BRASIL LTDA.;9;GM SOROCABA - GESTAO DE FRETES;102010306;GM SOROCABA - GESTAO DE FRETES;  ;7000000;GUARULHOS;SP;57600000;PALMEIRA DOS INDIOS;AL;Carga fracionada;Aereo       ;72.000;3;0.000;0.000;PALMEIRA DOS INDIOS_AL_GENERAL MOTORS DO BRASIL LTDA._7000000;;0,;TSP Sem Cadastro;;;;SEM_CADASTRO - TT E TSP
6;GENERAL MOTORS DO BRASIL LTDA.;9;GM SOROCABA - GESTAO DE FRETES;102010306;GM SOROCABA - GESTAO DE FRETES;  ;7000000;GUARULHOS;SP;86430000;SANTO ANTONIO DA PLATINA;PR;Carga fracionada;Rodoviario  ;120.000;5;0.000;0.000;SANTO ANTONIO DA PLATINA_PR_GENERAL MOTORS DO BRASIL LTDA._7000000;8,;192,;TRANSTRY;REVERSA;FALLBACK_CIDADE_X2;Planilha2!E/F - linha 6209;CONFLITO/REVISAR
6;GENERAL MOTORS DO BRASIL LTDA.;9;GM SOROCABA - GESTAO DE FRETES;102010306;GM SOROCABA - GESTAO DE FRETES;  ;7000000;GUARULHOS;SP;89900000;SAO MIGUEL DO OESTE;SC;Indiferente     ;Rodoviario  ;120.000;5;0.000;0.000;SAO MIGUEL DO OESTE_SC_GENERAL MOTORS DO BRASIL LTDA._7000000;8,;192,;PROGRESSIVA;REVERSA;FALLBACK_CIDADE_X2;Planilha2!E/F - linha 6241;CONFLITO/REVISAR
6;GENERAL MOTORS DO BRASIL LTDA.;9;GM SOROCABA - GESTAO DE FRETES;102010306;GM SOROCABA - GESTAO DE FRETES;  ;18000000;SOROCABA;SP;7700000;CAIEIRAS;SP;Indiferente     ;Rodoviario  ;72.000;3;0.000;0.000;CAIEIRAS_SP_GENERAL MOTORS DO BRASIL LTDA._18000000;1,;24,;ALFA;DISTRIBUICAO;CHAVE_EXATA;Planilha2!G/F - linha 309;CONFLITO/REVISAR
6;GENERAL MOTORS DO BRASIL LTDA.;9;GM SOROCABA - GESTAO DE FRETES;102010306;GM SOROCABA - GESTAO DE FRETES;  ;18000000;SOROCABA;SP;13170000;SUMARE;SP;Carga fracionada;Rodoviario  ;96.000;4;0.000;0.000;SUMARE_SP_GENERAL MOTORS DO BRASIL LTDA._18000000;1,;24,;ALFA;DISTRIBUICAO;CHAVE_EXATA;Planilha2!G/F - linha 195;CONFLITO/REVISAR
6;GENERAL MOTORS DO BRASIL LTDA.;9;GM SOROCABA - GESTAO DE FRETES;102010306;GM SOROCABA - GESTAO DE FRETES;  ;18000000;SOROCABA;SP;13300000;ITU;SP;Carga fracionada;Rodoviario  ;96.000;4;0.000;0.000;ITU_SP_GENERAL MOTORS DO BRASIL LTDA._18000000;1,;24,;ALFA;DISTRIBUICAO;CHAVE_EXATA;Planilha2!G/F - linha 252;CONFLITO/REVISAR
6;GENERAL MOTORS DO BRASIL LTDA.;9;GM SOROCABA - GESTAO DE FRETES;102010306;GM SOROCABA - GESTAO DE FRETES;  ;18000000;SOROCABA;SP;13360000;CAPIVARI;SP;Indiferente     ;Rodoviario  ;72.000;3;0.000;0.000;CAPIVARI_SP_GENERAL MOTORS DO BRASIL LTDA._18000000;3,;72,;ALFA;DISTRIBUICAO;CHAVE_EXATA;Planilha2!G/F - linha 356;CONFLITO/REVISAR
6;GENERAL MOTORS DO BRASIL LTDA.;9;GM SOROCABA - GESTAO DE FRETES;102010306;GM SOROCABA - GESTAO DE FRETES;  ;18000000;SOROCABA;SP;14000000;RIBEIRAO PRETO;SP;Carga fracionada;Rodoviario  ;48.000;2;0.000;0.000;RIBEIRAO PRETO_SP_GENERAL MOTORS DO BRASIL LTDA._18000000;2,;48,;ALFA;DISTRIBUICAO;CHAVE_EXATA;Planilha2!G/F - linha 478;CONFLITO/REVISAR
6;GENERAL MOTORS DO BRASIL LTDA.;9;GM SOROCABA - GESTAO DE FRETES;102010306;GM SOROCABA - GESTAO DE FRETES;  ;18000000;SOROCABA;SP;14800000;ARARAQUARA;SP;Carga fracionada;Rodoviario  ;96.000;4;0.000;0.000;ARARAQUARA_SP_GENERAL MOTORS DO BRASIL LTDA._18000000;3,;72,;ALFA;DISTRIBUICAO;CHAVE_EXATA;Planilha2!G/F - linha 40;CONFLITO/REVISAR
6;GENERAL MOTORS DO BRASIL LTDA.;9;GM SOROCABA - GESTAO DE FRETES;102010306;GM SOROCABA - GESTAO DE FRETES;  ;18000000;SOROCABA;SP;16300000;PENAPOLIS;SP;Carga fracionada;Rodoviario  ;96.000;4;0.000;0.000;PENAPOLIS_SP_GENERAL MOTORS DO BRASIL LTDA._18000000;3,;72,;ALFA;DISTRIBUICAO;CHAVE_EXATA;Planilha2!G/F - linha 28;CONFLITO/REVISAR
6;GENERAL MOTORS DO BRASIL LTDA.;9;GM SOROCABA - GESTAO DE FRETES;102010306;GM SOROCABA - GESTAO DE FRETES;  ;18000000;SOROCABA;SP;18460000;ITARARE;SP;Indiferente     ;Rodoviario  ;72.000;3;0.000;0.000;ITARARE_SP_GENERAL MOTORS DO BRASIL LTDA._18000000;3,;72,;ALFA;DISTRIBUICAO;CHAVE_EXATA;Planilha2!G/F - linha 221;CONFLITO/REVISAR
6;GENERAL MOTORS DO BRASIL LTDA.;12;GM GRU - GESTAO DE FRETES;102010306;GM GRU - GESTAO DE FRETES;  ;7000000;GUARULHOS;SP;1000000;SAO PAULO;SP;Carga fracionada;Rodoviario  ;24.000;1;0.000;0.000;SAO PAULO_SP_GENERAL MOTORS DO BRASIL LTDA._7000000;2,;48,;ALFA;REVERSA;FALLBACK_CIDADE_X2;Planilha2!E/F - linha 691;CONFLITO/REVISAR
6;GENERAL MOTORS DO BRASIL LTDA.;12;GM GRU - GESTAO DE FRETES;102010306;GM GRU - GESTAO DE FRETES;  ;7000000;GUARULHOS;SP;18000000;SOROCABA;SP;Carga fracionada;Rodoviario  ;24.000;1;0.000;0.000;SOROCABA_SP_GENERAL MOTORS DO BRASIL LTDA._7000000;2,;48,;ALFA;REVERSA;FALLBACK_CIDADE_X2;Planilha2!E/F - linha 255;CONFLITO/REVISAR
6;GENERAL MOTORS DO BRASIL LTDA.;12;GM GRU - GESTAO DE FRETES;102010306;GM GRU - GESTAO DE FRETES;  ;7000000;GUARULHOS;SP;18000000;SOROCABA;SP;Indiferente     ;Rodoviario  ;24.000;1;0.000;0.000;SOROCABA_SP_GENERAL MOTORS DO BRASIL LTDA._7000000;2,;48,;ALFA;REVERSA;FALLBACK_CIDADE_X2;Planilha2!E/F - linha 255;CONFLITO/REVISAR
6;GENERAL MOTORS DO BRASIL LTDA.;12;GM GRU - GESTAO DE FRETES;102010306;GM GRU - GESTAO DE FRETES;  ;7000000;GUARULHOS;SP;20000000;RIO DE JANEIRO;RJ;Carga fracionada;Rodoviario  ;24.000;1;0.000;0.000;RIO DE JANEIRO_RJ_GENERAL MOTORS DO BRASIL LTDA._7000000;4,;96,;CAMILO DOS SANTOS;REVERSA;FALLBACK_CIDADE_X2;Planilha2!E/F - linha 7483;CONFLITO/REVISAR
6;GENERAL MOTORS DO BRASIL LTDA.;12;GM GRU - GESTAO DE FRETES;102010306;GM GRU - GESTAO DE FRETES;  ;7000000;GUARULHOS;SP;20000000;RIO DE JANEIRO;RJ;Indiferente     ;Rodoviario  ;72.000;3;0.000;0.000;RIO DE JANEIRO_RJ_GENERAL MOTORS DO BRASIL LTDA._7000000;4,;96,;CAMILO DOS SANTOS;REVERSA;FALLBACK_CIDADE_X2;Planilha2!E/F - linha 7483;CONFLITO/REVISAR
6;GENERAL MOTORS DO BRASIL LTDA.;12;GM GRU - GESTAO DE FRETES;102010306;GM GRU - GESTAO DE FRETES;  ;7000000;GUARULHOS;SP;22620000;BARRA DA TIJUCA;RJ;Carga fracionada;Rodoviario  ;72.000;3;0.000;0.000;BARRA DA TIJUCA_RJ_GENERAL MOTORS DO BRASIL LTDA._7000000;;0,;TSP Sem Cadastro;;;;SEM_CADASTRO - TT E TSP
6;GENERAL MOTORS DO BRASIL LTDA.;12;GM GRU - GESTAO DE FRETES;102010306;GM GRU - GESTAO DE FRETES;  ;7000000;GUARULHOS;SP;22620000;BARRA DA TIJUCA;RJ;Indiferente     ;Rodoviario  ;72.000;3;0.000;0.000;BARRA DA TIJUCA_RJ_GENERAL MOTORS DO BRASIL LTDA._7000000;;0,;TSP Sem Cadastro;;;;SEM_CADASTRO - TT E TSP
6;GENERAL MOTORS DO BRASIL LTDA.;12;GM GRU - GESTAO DE FRETES;102010306;GM GRU - GESTAO DE FRETES;  ;7000000;GUARULHOS;SP;24400000;SAO GONCALO;RJ;Carga fracionada;Rodoviario  ;48.000;2;0.000;0.000;SAO GONCALO_RJ_GENERAL MOTORS DO BRASIL LTDA._7000000;;0,;CAMILO DOS SANTOS;;;;SEM_CADASTRO
6;GENERAL MOTORS DO BRASIL LTDA.;12;GM GRU - GESTAO DE FRETES;102010306;GM GRU - GESTAO DE FRETES;  ;7000000;GUARULHOS;SP;25000000;DUQUE DE CAXIAS;RJ;Carga fracionada;Rodoviario  ;96.000;4;0.000;0.000;DUQUE DE CAXIAS_RJ_GENERAL MOTORS DO BRASIL LTDA._7000000;6,;144,;CAMILO DOS SANTOS;REVERSA;FALLBACK_CIDADE_X2;Planilha2!E/F - linha 7479;CONFLITO/REVISAR
6;GENERAL MOTORS DO BRASIL LTDA.;12;GM GRU - GESTAO DE FRETES;102010306;GM GRU - GESTAO DE FRETES;  ;7000000;GUARULHOS;SP;28000000;CAMPOS DOS GOYTACAZES;RJ;Carga fracionada;Rodoviario  ;48.000;2;0.000;0.000;CAMPOS DOS GOYTACAZES_RJ_GENERAL MOTORS DO BRASIL LTDA._7000000;10,;240,;CAMILO DOS SANTOS;REVERSA;FALLBACK_CIDADE_X2;Planilha2!E/F - linha 7477;CONFLITO/REVISAR
6;GENERAL MOTORS DO BRASIL LTDA.;12;GM GRU - GESTAO DE FRETES;102010306;GM GRU - GESTAO DE FRETES;  ;7000000;GUARULHOS;SP;29900000;LINHARES;ES;Carga fracionada;Rodoviario  ;120.000;5;0.000;0.000;LINHARES_ES_GENERAL MOTORS DO BRASIL LTDA._7000000;8,;192,;CAMILO DOS SANTOS;REVERSA;FALLBACK_CIDADE_X2;Planilha2!E/F - linha 7493;CONFLITO/REVISAR
6;GENERAL MOTORS DO BRASIL LTDA.;12;GM GRU - GESTAO DE FRETES;102010306;GM GRU - GESTAO DE FRETES;  ;7000000;GUARULHOS;SP;32000000;CONTAGEM;MG;Indiferente     ;Rodoviario  ;96.000;4;0.000;0.000;CONTAGEM_MG_GENERAL MOTORS DO BRASIL LTDA._7000000;6,;144,;CAMILO DOS SANTOS;REVERSA;FALLBACK_CIDADE_X2;Planilha2!E/F - linha 7466;CONFLITO/REVISAR
6;GENERAL MOTORS DO BRASIL LTDA.;12;GM GRU - GESTAO DE FRETES;102010306;GM GRU - GESTAO DE FRETES;  ;7000000;GUARULHOS;SP;38400000;UBERLANDIA;MG;Carga fracionada;Rodoviario  ;48.000;2;0.000;0.000;UBERLANDIA_MG_GENERAL MOTORS DO BRASIL LTDA._7000000;12,;288,;CAMILO DOS SANTOS;REVERSA;FALLBACK_CIDADE_X2;Planilha2!E/F - linha 7473;CONFLITO/REVISAR
6;GENERAL MOTORS DO BRASIL LTDA.;12;GM GRU - GESTAO DE FRETES;102010306;GM GRU - GESTAO DE FRETES;  ;7000000;GUARULHOS;SP;65000000;SAO LUIS;MA;Carga fracionada;Rodoviario  ;192.000;8;0.000;0.000;SAO LUIS_MA_GENERAL MOTORS DO BRASIL LTDA._7000000;18,;432,;TECMAR;REVERSA;FALLBACK_CIDADE_X2;Planilha2!E/F - linha 7299;CONFLITO/REVISAR
6;GENERAL MOTORS DO BRASIL LTDA.;12;GM GRU - GESTAO DE FRETES;102010306;GM GRU - GESTAO DE FRETES;  ;7000000;GUARULHOS;SP;78840000;CAMPO VERDE;MT;Carga fracionada;Rodoviario  ;192.000;8;0.000;0.000;CAMPO VERDE_MT_GENERAL MOTORS DO BRASIL LTDA._7000000;12,;288,;CARVALIMA;REVERSA;FALLBACK_CIDADE_X2;Planilha2!E/F - linha 7362;OK - REVERSA IDENTIFICADA POR FALLBACK X2
6;GENERAL MOTORS DO BRASIL LTDA.;12;GM GRU - GESTAO DE FRETES;102010306;GM GRU - GESTAO DE FRETES;  ;7000000;GUARULHOS;SP;89200000;JOINVILLE;SC;Carga fracionada;Rodoviario  ;48.000;2;0.000;0.000;JOINVILLE_SC_GENERAL MOTORS DO BRASIL LTDA._7000000;6,;144,;ALFA;REVERSA;FALLBACK_CIDADE_X2;Planilha2!E/F - linha 716;CONFLITO/REVISAR
6;GENERAL MOTORS DO BRASIL LTDA.;12;GM GRU - GESTAO DE FRETES;102010306;GM GRU - GESTAO DE FRETES;  ;18000000;SOROCABA;SP;57600000;PALMEIRA DOS INDIOS;AL;Carga fracionada;Aereo       ;72.000;3;0.000;0.000;PALMEIRA DOS INDIOS_AL_GENERAL MOTORS DO BRASIL LTDA._18000000;;0,;TSP Sem Cadastro;;;;SEM_CADASTRO - TT E TSP
6;GENERAL MOTORS DO BRASIL LTDA.;12;GM GRU - GESTAO DE FRETES;102010306;GM GRU - GESTAO DE FRETES;  ;18000000;SOROCABA;SP;86430000;SANTO ANTONIO DA PLATINA;PR;Carga fracionada;Rodoviario  ;120.000;5;0.000;0.000;SANTO ANTONIO DA PLATINA_PR_GENERAL MOTORS DO BRASIL LTDA._18000000;4,;96,;TRANSTRY;DISTRIBUICAO;CHAVE_EXATA;Planilha2!G/F - linha 6209;OK - DISTRIBUICAO
6;GENERAL MOTORS DO BRASIL LTDA.;12;GM GRU - GESTAO DE FRETES;102010306;GM GRU - GESTAO DE FRETES;  ;38400000;UBERLANDIA;MG;18000000;SOROCABA;SP;Carga fracionada;Rodoviario  ;48.000;2;0.000;0.000;SOROCABA_SP_GENERAL MOTORS DO BRASIL LTDA._38400000;2,;48,;ALFA;REVERSA;FALLBACK_CIDADE_X2;Planilha2!E/F - linha 255;CONFLITO/REVISAR
6;GENERAL MOTORS DO BRASIL LTDA.;14;DISTRIBUICAO PEA - MG/RJ/ES/SP FTL;102010326;DISTRIBUICAO PEA MG/RJ/ES/SP;  ;37130000;ALFENAS;MG;7000000;GUARULHOS;SP;Indiferente     ;Rodoviario  ;216.000;9;0.000;0.000;GUARULHOS_SP_GENERAL MOTORS DO BRASIL LTDA._37130000;2,;48,;ALFA;REVERSA;FALLBACK_CIDADE_X2;Planilha2!E/F - linha 313;CONFLITO/REVISAR
6;GENERAL MOTORS DO BRASIL LTDA.;14;DISTRIBUICAO PEA - MG/RJ/ES/SP FTL;102010326;DISTRIBUICAO PEA MG/RJ/ES/SP;  ;37130000;ALFENAS;MG;9500000;SAO CAETANO DO SUL;SP;Indiferente     ;Rodoviario  ;216.000;9;0.000;0.000;SAO CAETANO DO SUL_SP_GENERAL MOTORS DO BRASIL LTDA._37130000;6,;144,;ALFA;REVERSA;FALLBACK_CIDADE_X2;Planilha2!E/F - linha 1445;CONFLITO/REVISAR
6;GENERAL MOTORS DO BRASIL LTDA.;14;DISTRIBUICAO PEA - MG/RJ/ES/SP FTL;102010326;DISTRIBUICAO PEA MG/RJ/ES/SP;  ;37130000;ALFENAS;MG;18000000;SOROCABA;SP;Indiferente     ;Rodoviario  ;216.000;9;0.000;0.000;SOROCABA_SP_GENERAL MOTORS DO BRASIL LTDA._37130000;2,;48,;ALFA;REVERSA;FALLBACK_CIDADE_X2;Planilha2!E/F - linha 255;CONFLITO/REVISAR
6;GENERAL MOTORS DO BRASIL LTDA.;14;DISTRIBUICAO PEA - MG/RJ/ES/SP FTL;102010326;DISTRIBUICAO PEA MG/RJ/ES/SP;  ;39900000;ALMENARA;MG;7000000;GUARULHOS;SP;Indiferente     ;Rodoviario  ;240.000;10;0.000;0.000;GUARULHOS_SP_GENERAL MOTORS DO BRASIL LTDA._39900000;2,;48,;ALFA;REVERSA;FALLBACK_CIDADE_X2;Planilha2!E/F - linha 313;CONFLITO/REVISAR
6;GENERAL MOTORS DO BRASIL LTDA.;14;DISTRIBUICAO PEA - MG/RJ/ES/SP FTL;102010326;DISTRIBUICAO PEA MG/RJ/ES/SP;  ;39900000;ALMENARA;MG;9500000;SAO CAETANO DO SUL;SP;Indiferente     ;Rodoviario  ;240.000;10;0.000;0.000;SAO CAETANO DO SUL_SP_GENERAL MOTORS DO BRASIL LTDA._39900000;6,;144,;ALFA;REVERSA;FALLBACK_CIDADE_X2;Planilha2!E/F - linha 1445;CONFLITO/REVISAR
6;GENERAL MOTORS DO BRASIL LTDA.;14;DISTRIBUICAO PEA - MG/RJ/ES/SP FTL;102010326;DISTRIBUICAO PEA MG/RJ/ES/SP;  ;39900000;ALMENARA;MG;18000000;SOROCABA;SP;Indiferente     ;Rodoviario  ;240.000;10;0.000;0.000;SOROCABA_SP_GENERAL MOTORS DO BRASIL LTDA._39900000;2,;48,;ALFA;REVERSA;FALLBACK_CIDADE_X2;Planilha2!E/F - linha 255;CONFLITO/REVISAR
6;GENERAL MOTORS DO BRASIL LTDA.;14;DISTRIBUICAO PEA - MG/RJ/ES/SP FTL;102010326;DISTRIBUICAO PEA MG/RJ/ES/SP;  ;37795000;ANDRADAS;MG;7000000;GUARULHOS;SP;Indiferente     ;Rodoviario  ;216.000;9;0.000;0.000;GUARULHOS_SP_GENERAL MOTORS DO BRASIL LTDA._37795000;2,;48,;ALFA;REVERSA;FALLBACK_CIDADE_X2;Planilha2!E/F - linha 313;CONFLITO/REVISAR
6;GENERAL MOTORS DO BRASIL LTDA.;14;DISTRIBUICAO PEA - MG/RJ/ES/SP FTL;102010326;DISTRIBUICAO PEA MG/RJ/ES/SP;  ;37795000;ANDRADAS;MG;9500000;SAO CAETANO DO SUL;SP;Indiferente     ;Rodoviario  ;216.000;9;0.000;0.000;SAO CAETANO DO SUL_SP_GENERAL MOTORS DO BRASIL LTDA._37795000;6,;144,;ALFA;REVERSA;FALLBACK_CIDADE_X2;Planilha2!E/F - linha 1445;CONFLITO/REVISAR
6;GENERAL MOTORS DO BRASIL LTDA.;15;DISTRIBUICAO PEA - SP ROTERIZADO/REVERSA;102010314;DIST.PEA SP ROTERIZADO/REVERSA;  ;17801000;ADAMANTINA;SP;7000000;GUARULHOS;SP;Indiferente     ;Rodoviario  ;144.000;6;;;GUARULHOS_SP_GENERAL MOTORS DO BRASIL LTDA._17801000;2,;48,;ALFA;REVERSA;FALLBACK_CIDADE_X2;Planilha2!E/F - linha 313;CONFLITO/REVISAR
6;GENERAL MOTORS DO BRASIL LTDA.;15;DISTRIBUICAO PEA - SP ROTERIZADO/REVERSA;102010314;DIST.PEA SP ROTERIZADO/REVERSA;  ;17801000;ADAMANTINA;SP;18000000;SOROCABA;SP;Indiferente     ;Rodoviario  ;144.000;6;;;SOROCABA_SP_GENERAL MOTORS DO BRASIL LTDA._17801000;2,;48,;ALFA;REVERSA;FALLBACK_CIDADE_X2;Planilha2!E/F - linha 255;CONFLITO/REVISAR
6;GENERAL MOTORS DO BRASIL LTDA.;15;DISTRIBUICAO PEA - SP ROTERIZADO/REVERSA;102010314;DIST.PEA SP ROTERIZADO/REVERSA;  ;37130000;ALFENAS;MG;7000000;GUARULHOS;SP;Indiferente     ;Rodoviario  ;192.000;8;;;GUARULHOS_SP_GENERAL MOTORS DO BRASIL LTDA._37130000;2,;48,;ALFA;REVERSA;FALLBACK_CIDADE_X2;Planilha2!E/F - linha 313;CONFLITO/REVISAR
6;GENERAL MOTORS DO BRASIL LTDA.;15;DISTRIBUICAO PEA - SP ROTERIZADO/REVERSA;102010314;DIST.PEA SP ROTERIZADO/REVERSA;  ;37130000;ALFENAS;MG;18000000;SOROCABA;SP;Indiferente     ;Rodoviario  ;192.000;8;;;SOROCABA_SP_GENERAL MOTORS DO BRASIL LTDA._37130000;2,;48,;ALFA;REVERSA;FALLBACK_CIDADE_X2;Planilha2!E/F - linha 255;CONFLITO/REVISAR
6;GENERAL MOTORS DO BRASIL LTDA.;15;DISTRIBUICAO PEA - SP ROTERIZADO/REVERSA;102010314;DIST.PEA SP ROTERIZADO/REVERSA;  ;13465000;AMERICANA;SP;7000000;GUARULHOS;SP;Indiferente     ;Rodoviario  ;96.000;4;;;GUARULHOS_SP_GENERAL MOTORS DO BRASIL LTDA._13465000;2,;48,;ALFA;REVERSA;FALLBACK_CIDADE_X2;Planilha2!E/F - linha 313;CONFLITO/REVISAR
6;GENERAL MOTORS DO BRASIL LTDA.;15;DISTRIBUICAO PEA - SP ROTERIZADO/REVERSA;102010314;DIST.PEA SP ROTERIZADO/REVERSA;  ;13465000;AMERICANA;SP;18000000;SOROCABA;SP;Indiferente     ;Rodoviario  ;96.000;4;;;SOROCABA_SP_GENERAL MOTORS DO BRASIL LTDA._13465000;2,;48,;ALFA;REVERSA;FALLBACK_CIDADE_X2;Planilha2!E/F - linha 255;CONFLITO/REVISAR
6;GENERAL MOTORS DO BRASIL LTDA.;15;DISTRIBUICAO PEA - SP ROTERIZADO/REVERSA;102010314;DIST.PEA SP ROTERIZADO/REVERSA;  ;13900000;AMPARO;SP;7000000;GUARULHOS;SP;Indiferente     ;Rodoviario  ;144.000;6;;;GUARULHOS_SP_GENERAL MOTORS DO BRASIL LTDA._13900000;2,;48,;ALFA;REVERSA;FALLBACK_CIDADE_X2;Planilha2!E/F - linha 313;CONFLITO/REVISAR
6;GENERAL MOTORS DO BRASIL LTDA.;15;DISTRIBUICAO PEA - SP ROTERIZADO/REVERSA;102010314;DIST.PEA SP ROTERIZADO/REVERSA;  ;13900000;AMPARO;SP;18000000;SOROCABA;SP;Indiferente     ;Rodoviario  ;144.000;6;;;SOROCABA_SP_GENERAL MOTORS DO BRASIL LTDA._13900000;2,;48,;ALFA;REVERSA;FALLBACK_CIDADE_X2;Planilha2!E/F - linha 255;CONFLITO/REVISAR
6;GENERAL MOTORS DO BRASIL LTDA.;15;DISTRIBUICAO PEA - SP ROTERIZADO/REVERSA;102010314;DIST.PEA SP ROTERIZADO/REVERSA;  ;16900000;ANDRADINA;SP;7000000;GUARULHOS;SP;Indiferente     ;Rodoviario  ;144.000;6;;;GUARULHOS_SP_GENERAL MOTORS DO BRASIL LTDA._16900000;2,;48,;ALFA;REVERSA;FALLBACK_CIDADE_X2;Planilha2!E/F - linha 313;CONFLITO/REVISAR
6;GENERAL MOTORS DO BRASIL LTDA.;18;GM CABOTAGEM;101031223;GM CABOTAGEM;  ;69000000;MANAUS;AM;9500000;SAO CAETANO DO SUL;SP;Indiferente     ;Rodoviario  ;720.000;30;0.000;0.000;SAO CAETANO DO SUL_SP_GENERAL MOTORS DO BRASIL LTDA._69000000;6,;144,;ALFA;REVERSA;FALLBACK_CIDADE_X2;Planilha2!E/F - linha 1445;CONFLITO/REVISAR
6;GENERAL MOTORS DO BRASIL LTDA.;19;DISTRIBUICAO PECAS E ACESSORIOS CO E NOR;102010311;DISTRIBUICAO PECAS E ACESSORIO;  ;7000000;GUARULHOS;SP;66000000;BELEM;PA;Indiferente     ;Rodoviario  ;216.000;9;;;BELEM_PA_GENERAL MOTORS DO BRASIL LTDA._7000000;18,;432,;CARVALIMA;REVERSA;FALLBACK_CIDADE_X2;Planilha2!E/F - linha 7373;CONFLITO/REVISAR
6;GENERAL MOTORS DO BRASIL LTDA.;19;DISTRIBUICAO PECAS E ACESSORIOS CO E NOR;102010311;DISTRIBUICAO PECAS E ACESSORIO;  ;7000000;GUARULHOS;SP;67000000;ANANINDEUA;PA;Indiferente     ;Rodoviario  ;216.000;9;;;ANANINDEUA_PA_GENERAL MOTORS DO BRASIL LTDA._7000000;18,;432,;CARVALIMA;REVERSA;FALLBACK_CIDADE_X2;Planilha2!E/F - linha 7372;CONFLITO/REVISAR
6;GENERAL MOTORS DO BRASIL LTDA.;19;DISTRIBUICAO PECAS E ACESSORIOS CO E NOR;102010311;DISTRIBUICAO PECAS E ACESSORIO;  ;7000000;GUARULHOS;SP;67200000;MARITUBA;PA;Indiferente     ;Rodoviario  ;216.000;9;;;MARITUBA_PA_GENERAL MOTORS DO BRASIL LTDA._7000000;18,;432,;CARVALIMA;REVERSA;FALLBACK_CIDADE_X2;Planilha2!E/F - linha 7376;OK - REVERSA IDENTIFICADA POR FALLBACK X2
6;GENERAL MOTORS DO BRASIL LTDA.;19;DISTRIBUICAO PECAS E ACESSORIOS CO E NOR;102010311;DISTRIBUICAO PECAS E ACESSORIO;  ;7000000;GUARULHOS;SP;68000000;SANTAREM;PA;Indiferente     ;Rodoviario  ;384.000;16;;;SANTAREM_PA_GENERAL MOTORS DO BRASIL LTDA._7000000;18,;432,;CARVALIMA;REVERSA;FALLBACK_CIDADE_X2;Planilha2!E/F - linha 7389;CONFLITO/REVISAR
6;GENERAL MOTORS DO BRASIL LTDA.;19;DISTRIBUICAO PECAS E ACESSORIOS CO E NOR;102010311;DISTRIBUICAO PECAS E ACESSORIO;  ;7000000;GUARULHOS;SP;68180000;ITAITUBA;PA;Indiferente     ;Rodoviario  ;456.000;19;0.000;0.000;ITAITUBA_PA_GENERAL MOTORS DO BRASIL LTDA._7000000;38,;912,;CARVALIMA;REVERSA;FALLBACK_CIDADE_X2;Planilha2!E/F - linha 7390;OK - REVERSA IDENTIFICADA POR FALLBACK X2
6;GENERAL MOTORS DO BRASIL LTDA.;19;DISTRIBUICAO PECAS E ACESSORIOS CO E NOR;102010311;DISTRIBUICAO PECAS E ACESSORIO;  ;7000000;GUARULHOS;SP;68370000;ALTAMIRA;PA;Indiferente     ;Rodoviario  ;288.000;12;;;ALTAMIRA_PA_GENERAL MOTORS DO BRASIL LTDA._7000000;20,;480,;CARVALIMA;REVERSA;FALLBACK_CIDADE_X2;Planilha2!E/F - linha 7384;OK - REVERSA IDENTIFICADA POR FALLBACK X2
6;GENERAL MOTORS DO BRASIL LTDA.;19;DISTRIBUICAO PECAS E ACESSORIOS CO E NOR;102010311;DISTRIBUICAO PECAS E ACESSORIO;  ;7000000;GUARULHOS;SP;68380000;SAO FELIX DO XINGU;PA;Indiferente     ;Rodoviario  ;336.000;14;;;SAO FELIX DO XINGU_PA_GENERAL MOTORS DO BRASIL LTDA._7000000;28,;672,;CARVALIMA;REVERSA;FALLBACK_CIDADE_X2;Planilha2!E/F - linha 7387;OK - REVERSA IDENTIFICADA POR FALLBACK X2
6;GENERAL MOTORS DO BRASIL LTDA.;19;DISTRIBUICAO PECAS E ACESSORIOS CO E NOR;102010311;DISTRIBUICAO PECAS E ACESSORIO;  ;7000000;GUARULHOS;SP;68385000;TUCUMA;PA;Indiferente     ;Rodoviario  ;240.000;10;;;TUCUMA_PA_GENERAL MOTORS DO BRASIL LTDA._7000000;20,;480,;CARVALIMA;REVERSA;FALLBACK_CIDADE_X2;Planilha2!E/F - linha 7380;OK - REVERSA IDENTIFICADA POR FALLBACK X2
6;GENERAL MOTORS DO BRASIL LTDA.;19;DISTRIBUICAO PECAS E ACESSORIOS CO E NOR;102010311;DISTRIBUICAO PECAS E ACESSORIO;  ;7000000;GUARULHOS;SP;68400000;CAMETA;PA;Indiferente     ;Rodoviario  ;312.000;13;;;CAMETA_PA_GENERAL MOTORS DO BRASIL LTDA._7000000;26,;624,;CARVALIMA;REVERSA;FALLBACK_CIDADE_X2;Planilha2!E/F - linha 7386;OK - REVERSA IDENTIFICADA POR FALLBACK X2
6;GENERAL MOTORS DO BRASIL LTDA.;19;DISTRIBUICAO PECAS E ACESSORIOS CO E NOR;102010311;DISTRIBUICAO PECAS E ACESSORIO;  ;7000000;GUARULHOS;SP;68440000;ABAETETUBA;PA;Indiferente     ;Rodoviario  ;264.000;11;;;ABAETETUBA_PA_GENERAL MOTORS DO BRASIL LTDA._7000000;22,;528,;CARVALIMA;REVERSA;FALLBACK_CIDADE_X2;Planilha2!E/F - linha 7382;OK - REVERSA IDENTIFICADA POR FALLBACK X2
6;GENERAL MOTORS DO BRASIL LTDA.;20;GM GROUND - REGIAO SUL;102010311;DISTRIBUICAO CCA SUL;  ;18000000;SOROCABA;SP;80000000;CURITIBA;PR;Indiferente     ;Rodoviario  ;48.000;2;0.000;0.000;CURITIBA_PR_GENERAL MOTORS DO BRASIL LTDA._18000000;2,;48,;TRANSTRY;DISTRIBUICAO;CHAVE_EXATA;Planilha2!G/F - linha 6190;OK - DISTRIBUICAO
6;GENERAL MOTORS DO BRASIL LTDA.;20;GM GROUND - REGIAO SUL;102010311;DISTRIBUICAO CCA SUL;  ;18000000;SOROCABA;SP;83000000;SAO JOSE DOS PINHAIS;PR;Indiferente     ;Rodoviario  ;48.000;2;0.000;0.000;SAO JOSE DOS PINHAIS_PR_GENERAL MOTORS DO BRASIL LTDA._18000000;2,;48,;TRANSTRY;DISTRIBUICAO;CHAVE_EXATA;Planilha2!G/F - linha 6210;OK - DISTRIBUICAO
6;GENERAL MOTORS DO BRASIL LTDA.;20;GM GROUND - REGIAO SUL;102010311;DISTRIBUICAO CCA SUL;  ;18000000;SOROCABA;SP;83200000;PARANAGUA;PR;Indiferente     ;Rodoviario  ;96.000;4;0.000;0.000;PARANAGUA_PR_GENERAL MOTORS DO BRASIL LTDA._18000000;3,;72,;TRANSTRY;DISTRIBUICAO;CHAVE_EXATA;Planilha2!G/F - linha 6204;OK - DISTRIBUICAO
6;GENERAL MOTORS DO BRASIL LTDA.;20;GM GROUND - REGIAO SUL;102010311;DISTRIBUICAO CCA SUL;  ;18000000;SOROCABA;SP;84000000;PONTA GROSSA;PR;Indiferente     ;Rodoviario  ;72.000;3;0.000;0.000;PONTA GROSSA_PR_GENERAL MOTORS DO BRASIL LTDA._18000000;3,;72,;TRANSTRY;DISTRIBUICAO;CHAVE_EXATA;Planilha2!G/F - linha 6207;OK - DISTRIBUICAO
6;GENERAL MOTORS DO BRASIL LTDA.;20;GM GROUND - REGIAO SUL;102010311;DISTRIBUICAO CCA SUL;  ;18000000;SOROCABA;SP;84160000;CASTRO;PR;Indiferente     ;Rodoviario  ;72.000;3;0.000;0.000;CASTRO_PR_GENERAL MOTORS DO BRASIL LTDA._18000000;3,;72,;TRANSTRY;DISTRIBUICAO;CHAVE_EXATA;Planilha2!G/F - linha 6187;OK - DISTRIBUICAO
50;EATON LTDA;2;EATON - TRANSPORTE LTL;102010311;AEREO EXPRESSO UNIDADE PARADA;  ;13270000;VALINHOS;SP;13480000;LIMEIRA;SP;Indiferente     ;Aereo       ;48.000;2;0.000;0.000;LIMEIRA_SP_EATON LTDA_13270000;1,;24,;MVT;DISTRIBUICAO;CHAVE_EXATA;Planilha2!G/F - linha 1532;OK - DISTRIBUICAO
50;EATON LTDA;2;EATON - TRANSPORTE LTL;102010311;AEREO EXPRESSO UNIDADE PARADA;  ;13270000;VALINHOS;SP;18700000;AVARE;SP;Indiferente     ;Aereo       ;72.000;3;0.000;0.000;AVARE_SP_EATON LTDA_13270000;3,;72,;MVT;DISTRIBUICAO;CHAVE_EXATA;Planilha2!G/F - linha 1584;OK - DISTRIBUICAO
50;EATON LTDA;2;EATON - TRANSPORTE LTL;102010311;AEREO EXPRESSO UNIDADE PARADA;  ;13270000;VALINHOS;SP;20000000;RIO DE JANEIRO;RJ;Indiferente     ;Aereo       ;48.000;2;0.000;0.000;RIO DE JANEIRO_RJ_EATON LTDA_13270000;4,;96,;CAMILO DOS SANTOS;REVERSA;FALLBACK_CIDADE_X2;Planilha2!E/F - linha 7483;CONFLITO/REVISAR
50;EATON LTDA;2;EATON - TRANSPORTE LTL;102010311;AEREO EXPRESSO UNIDADE PARADA;  ;13270000;VALINHOS;SP;25000000;DUQUE DE CAXIAS;RJ;Indiferente     ;Aereo       ;96.000;4;0.000;0.000;DUQUE DE CAXIAS_RJ_EATON LTDA_13270000;6,;144,;CAMILO DOS SANTOS;REVERSA;FALLBACK_CIDADE_X2;Planilha2!E/F - linha 7479;CONFLITO/REVISAR
50;EATON LTDA;2;EATON - TRANSPORTE LTL;102010311;AEREO EXPRESSO UNIDADE PARADA;  ;13270000;VALINHOS;SP;37550000;POUSO ALEGRE;MG;Indiferente     ;Aereo       ;96.000;4;0.000;0.000;POUSO ALEGRE_MG_EATON LTDA_13270000;14,;336,;CAMILO DOS SANTOS;REVERSA;FALLBACK_CIDADE_X2;Planilha2!E/F - linha 7551;OK - REVERSA IDENTIFICADA POR FALLBACK X2
50;EATON LTDA;2;EATON - TRANSPORTE LTL;102010311;AEREO EXPRESSO UNIDADE PARADA;  ;13270000;VALINHOS;SP;38400000;UBERLANDIA;MG;Indiferente     ;Rodoviario  ;96.000;4;0.000;0.000;UBERLANDIA_MG_EATON LTDA_13270000;12,;288,;CAMILO DOS SANTOS;REVERSA;FALLBACK_CIDADE_X2;Planilha2!E/F - linha 7473;CONFLITO/REVISAR
50;EATON LTDA;2;EATON - TRANSPORTE LTL;102010311;AEREO EXPRESSO UNIDADE PARADA;  ;13270000;VALINHOS;SP;9600000;SAO BERNARDO DO CAMPO;SP;Indiferente     ;Aereo       ;24.000;1;0.000;0.000;SAO BERNARDO DO CAMPO_SP_EATON LTDA_13270000;3,;72,;MVT;DISTRIBUICAO;CHAVE_EXATA;Planilha2!G/F - linha 2093;OK - DISTRIBUICAO
50;EATON LTDA;2;EATON - TRANSPORTE LTL;102010311;AEREO EXPRESSO UNIDADE PARADA;  ;13270000;VALINHOS;SP;97000000;SANTA MARIA;RS;Indiferente     ;Aereo       ;96.000;4;0.000;0.000;SANTA MARIA_RS_EATON LTDA_13270000;5,;120,;OURO NEGRO;DISTRIBUICAO;CHAVE_EXATA;Planilha2!G/F - linha 6410;CONFLITO/REVISAR
50;EATON LTDA;2;EATON - TRANSPORTE LTL;102010711;RODOVIARIO LTL;  ;95000000;CAXIAS DO SUL;RS;1000000;SAO PAULO;SP;Indiferente     ;Rodoviario  ;96.000;4;0.000;0.000;SAO PAULO_SP_EATON LTDA_95000000;2,;48,;ALFA;REVERSA;FALLBACK_CIDADE_X2;Planilha2!E/F - linha 691;CONFLITO/REVISAR
50;EATON LTDA;2;EATON - TRANSPORTE LTL;102010711;RODOVIARIO LTL;  ;95000000;CAXIAS DO SUL;RS;6000000;OSASCO;SP;Indiferente     ;Rodoviario  ;96.000;4;0.000;0.000;OSASCO_SP_EATON LTDA_95000000;2,;48,;ALFA;REVERSA;FALLBACK_CIDADE_X2;Planilha2!E/F - linha 316;CONFLITO/REVISAR
50;EATON LTDA;2;EATON - TRANSPORTE LTL;102010711;RODOVIARIO LTL;  ;95000000;CAXIAS DO SUL;RS;6300000;CARAPICUIBA;SP;Indiferente     ;Rodoviario  ;96.000;4;0.000;0.000;CARAPICUIBA_SP_EATON LTDA_95000000;6,;144,;ALFA;REVERSA;FALLBACK_CIDADE_X2;Planilha2!E/F - linha 1416;CONFLITO/REVISAR
50;EATON LTDA;2;EATON - TRANSPORTE LTL;102010711;RODOVIARIO LTL;  ;95000000;CAXIAS DO SUL;RS;6500000;SANTANA DE PARNAIBA;SP;Indiferente     ;Rodoviario  ;120.000;5;0.000;0.000;SANTANA DE PARNAIBA_SP_EATON LTDA_95000000;4,;96,;ALFA;REVERSA;FALLBACK_CIDADE_X2;Planilha2!E/F - linha 685;CONFLITO/REVISAR
50;EATON LTDA;2;EATON - TRANSPORTE LTL;102010711;RODOVIARIO LTL;  ;95000000;CAXIAS DO SUL;RS;6600000;JANDIRA;SP;Indiferente     ;Rodoviario  ;96.000;4;0.000;0.000;JANDIRA_SP_EATON LTDA_95000000;6,;144,;ALFA;REVERSA;FALLBACK_CIDADE_X2;Planilha2!E/F - linha 338;CONFLITO/REVISAR
50;EATON LTDA;2;EATON - TRANSPORTE LTL;102010711;RODOVIARIO LTL;  ;95000000;CAXIAS DO SUL;RS;6650000;ITAPEVI;SP;Indiferente     ;Rodoviario  ;96.000;4;0.000;0.000;ITAPEVI_SP_EATON LTDA_95000000;6,;144,;ALFA;REVERSA;FALLBACK_CIDADE_X2;Planilha2!E/F - linha 336;CONFLITO/REVISAR
50;EATON LTDA;2;EATON - TRANSPORTE LTL;102010711;RODOVIARIO LTL;  ;95000000;CAXIAS DO SUL;RS;6700000;COTIA;SP;Indiferente     ;Rodoviario  ;96.000;4;0.000;0.000;COTIA_SP_EATON LTDA_95000000;2,;48,;ALFA;REVERSA;FALLBACK_CIDADE_X2;Planilha2!E/F - linha 310;CONFLITO/REVISAR
50;EATON LTDA;2;EATON - TRANSPORTE LTL;102010711;RODOVIARIO LTL;  ;95000000;CAXIAS DO SUL;RS;6750000;TABOAO DA SERRA;SP;Indiferente     ;Rodoviario  ;96.000;4;0.000;0.000;TABOAO DA SERRA_SP_EATON LTDA_95000000;6,;144,;ALFA;REVERSA;FALLBACK_CIDADE_X2;Planilha2!E/F - linha 1449;CONFLITO/REVISAR
50;EATON LTDA;2;EATON - TRANSPORTE LTL;102010711;RODOVIARIO LTL;  ;18540000;PORTO FELIZ;SP;1000000;SAO PAULO;SP;Indiferente     ;Rodoviario  ;48.000;2;0.000;0.000;SAO PAULO_SP_EATON LTDA_18540000;2,;48,;ALFA;REVERSA;FALLBACK_CIDADE_X2;Planilha2!E/F - linha 691;CONFLITO/REVISAR
50;EATON LTDA;2;EATON - TRANSPORTE LTL;102010711;RODOVIARIO LTL;  ;18540000;PORTO FELIZ;SP;6000000;OSASCO;SP;Indiferente     ;Rodoviario  ;48.000;2;0.000;0.000;OSASCO_SP_EATON LTDA_18540000;2,;48,;ALFA;REVERSA;FALLBACK_CIDADE_X2;Planilha2!E/F - linha 316;CONFLITO/REVISAR
50;EATON LTDA;2;EATON - TRANSPORTE LTL;102010711;RODOVIARIO LTL;  ;18540000;PORTO FELIZ;SP;6300000;CARAPICUIBA;SP;Indiferente     ;Rodoviario  ;48.000;2;0.000;0.000;CARAPICUIBA_SP_EATON LTDA_18540000;6,;144,;ALFA;REVERSA;FALLBACK_CIDADE_X2;Planilha2!E/F - linha 1416;CONFLITO/REVISAR
50;EATON LTDA;2;EATON - TRANSPORTE LTL;102010711;RODOVIARIO LTL;  ;18540000;PORTO FELIZ;SP;6500000;SANTANA DE PARNAIBA;SP;Indiferente     ;Rodoviario  ;72.000;3;0.000;0.000;SANTANA DE PARNAIBA_SP_EATON LTDA_18540000;4,;96,;ALFA;REVERSA;FALLBACK_CIDADE_X2;Planilha2!E/F - linha 685;CONFLITO/REVISAR
50;EATON LTDA;2;EATON - TRANSPORTE LTL;102010711;RODOVIARIO LTL;  ;18540000;PORTO FELIZ;SP;6600000;JANDIRA;SP;Indiferente     ;Rodoviario  ;48.000;2;0.000;0.000;JANDIRA_SP_EATON LTDA_18540000;6,;144,;ALFA;REVERSA;FALLBACK_CIDADE_X2;Planilha2!E/F - linha 338;CONFLITO/REVISAR
50;EATON LTDA;2;EATON - TRANSPORTE LTL;102010711;RODOVIARIO LTL;  ;18540000;PORTO FELIZ;SP;6650000;ITAPEVI;SP;Indiferente     ;Rodoviario  ;48.000;2;0.000;0.000;ITAPEVI_SP_EATON LTDA_18540000;6,;144,;ALFA;REVERSA;FALLBACK_CIDADE_X2;Planilha2!E/F - linha 336;CONFLITO/REVISAR
50;EATON LTDA;2;EATON - TRANSPORTE LTL;102010711;RODOVIARIO LTL;  ;13270000;VALINHOS;SP;1000000;SAO PAULO;SP;Indiferente     ;Rodoviario  ;24.000;1;0.000;0.000;SAO PAULO_SP_EATON LTDA_13270000;3,;72,;MVT;DISTRIBUICAO;CHAVE_EXATA;Planilha2!G/F - linha 2096;OK - DISTRIBUICAO
50;EATON LTDA;2;EATON - TRANSPORTE LTL;102010711;RODOVIARIO LTL;  ;13270000;VALINHOS;SP;6000000;OSASCO;SP;Indiferente     ;Rodoviario  ;24.000;1;0.000;0.000;OSASCO_SP_EATON LTDA_13270000;3,;72,;MVT;DISTRIBUICAO;CHAVE_EXATA;Planilha2!G/F - linha 2083;OK - DISTRIBUICAO
50;EATON LTDA;2;EATON - TRANSPORTE LTL;102010711;RODOVIARIO LTL;  ;13270000;VALINHOS;SP;6300000;CARAPICUIBA;SP;Indiferente     ;Rodoviario  ;24.000;1;0.000;0.000;CARAPICUIBA_SP_EATON LTDA_13270000;3,;72,;MVT;DISTRIBUICAO;CHAVE_EXATA;Planilha2!G/F - linha 2065;OK - DISTRIBUICAO
50;EATON LTDA;2;EATON - TRANSPORTE LTL;102010711;RODOVIARIO LTL;  ;13270000;VALINHOS;SP;6500000;SANTANA DE PARNAIBA;SP;Indiferente     ;Rodoviario  ;48.000;2;0.000;0.000;SANTANA DE PARNAIBA_SP_EATON LTDA_13270000;3,;72,;MVT;DISTRIBUICAO;CHAVE_EXATA;Planilha2!G/F - linha 2091;OK - DISTRIBUICAO
50;EATON LTDA;2;EATON - TRANSPORTE LTL;102010711;RODOVIARIO LTL;  ;13270000;VALINHOS;SP;6600000;JANDIRA;SP;Indiferente     ;Rodoviario  ;24.000;1;0.000;0.000;JANDIRA_SP_EATON LTDA_13270000;3,;72,;MVT;DISTRIBUICAO;CHAVE_EXATA;Planilha2!G/F - linha 2077;OK - DISTRIBUICAO
50;EATON LTDA;2;EATON - TRANSPORTE LTL;102010711;RODOVIARIO LTL;  ;13270000;VALINHOS;SP;6650000;ITAPEVI;SP;Indiferente     ;Rodoviario  ;24.000;1;0.000;0.000;ITAPEVI_SP_EATON LTDA_13270000;3,;72,;MVT;DISTRIBUICAO;CHAVE_EXATA;Planilha2!G/F - linha 2075;OK - DISTRIBUICAO
50;EATON LTDA;2;EATON - TRANSPORTE LTL;102010711;RODOVIARIO LTL;  ;13270000;VALINHOS;SP;6700000;COTIA;SP;Indiferente     ;Rodoviario  ;24.000;1;0.000;0.000;COTIA_SP_EATON LTDA_13270000;3,;72,;MVT;DISTRIBUICAO;CHAVE_EXATA;Planilha2!G/F - linha 2066;OK - DISTRIBUICAO
50;EATON LTDA;2;EATON - TRANSPORTE LTL;102010711;RODOVIARIO LTL;  ;13270000;VALINHOS;SP;6750000;TABOAO DA SERRA;SP;Indiferente     ;Rodoviario  ;24.000;1;0.000;0.000;TABOAO DA SERRA_SP_EATON LTDA_13270000;3,;72,;MVT;DISTRIBUICAO;CHAVE_EXATA;Planilha2!G/F - linha 2098;OK - DISTRIBUICAO
50;EATON LTDA;2;EATON - TRANSPORTE LTL;102010711;RODOVIARIO LTL;  ;13270000;VALINHOS;SP;7000000;GUARULHOS;SP;Indiferente     ;Aereo       ;24.000;1;0.000;0.000;GUARULHOS_SP_EATON LTDA_13270000;3,;72,;MVT;DISTRIBUICAO;CHAVE_EXATA;Planilha2!G/F - linha 2073;OK - DISTRIBUICAO
50;EATON LTDA;2;EATON - TRANSPORTE LTL;102010711;RODOVIARIO LTL;  ;13270000;VALINHOS;SP;7000000;GUARULHOS;SP;Indiferente     ;Rodoviario  ;24.000;1;0.000;0.000;GUARULHOS_SP_EATON LTDA_13270000;3,;72,;MVT;DISTRIBUICAO;CHAVE_EXATA;Planilha2!G/F - linha 2073;OK - DISTRIBUICAO
50;EATON LTDA;2;EATON - TRANSPORTE LTL;102010711;RODOVIARIO LTL;  ;13270000;VALINHOS;SP;7400000;ARUJA;SP;Indiferente     ;Rodoviario  ;24.000;1;0.000;0.000;ARUJA_SP_EATON LTDA_13270000;3,;72,;MVT;DISTRIBUICAO;CHAVE_EXATA;Planilha2!G/F - linha 2060;OK - DISTRIBUICAO
50;EATON LTDA;2;EATON - TRANSPORTE LTL;102010711;RODOVIARIO LTL;  ;13270000;VALINHOS;SP;7750000;CAJAMAR;SP;Indiferente     ;Rodoviario  ;24.000;1;0.000;0.000;CAJAMAR_SP_EATON LTDA_13270000;3,;72,;MVT;DISTRIBUICAO;CHAVE_EXATA;Planilha2!G/F - linha 2064;OK - DISTRIBUICAO
50;EATON LTDA;2;EATON - TRANSPORTE LTL;102010711;RODOVIARIO LTL;  ;13270000;VALINHOS;SP;8570000;ITAQUAQUECETUBA;SP;Indiferente     ;Rodoviario  ;48.000;2;0.000;0.000;ITAQUAQUECETUBA_SP_EATON LTDA_13270000;3,;72,;MVT;DISTRIBUICAO;CHAVE_EXATA;Planilha2!G/F - linha 2076;OK - DISTRIBUICAO
50;EATON LTDA;2;EATON - TRANSPORTE LTL;102010711;RODOVIARIO LTL;  ;13270000;VALINHOS;SP;8600000;SUZANO;SP;Indiferente     ;Rodoviario  ;24.000;1;0.000;0.000;SUZANO_SP_EATON LTDA_13270000;3,;72,;MVT;DISTRIBUICAO;CHAVE_EXATA;Planilha2!G/F - linha 2097;OK - DISTRIBUICAO
50;EATON LTDA;2;EATON - TRANSPORTE LTL;102010711;RODOVIARIO LTL;  ;13270000;VALINHOS;SP;8700000;MOGI DAS CRUZES;SP;Indiferente     ;Rodoviario  ;24.000;1;0.000;0.000;MOGI DAS CRUZES_SP_EATON LTDA_13270000;3,;72,;MVT;DISTRIBUICAO;CHAVE_EXATA;Planilha2!G/F - linha 2082;OK - DISTRIBUICAO
50;EATON LTDA;2;EATON - TRANSPORTE LTL;102010711;RODOVIARIO LTL;  ;13270000;VALINHOS;SP;9000000;SANTO ANDRE;SP;Indiferente     ;Rodoviario  ;24.000;1;0.000;0.000;SANTO ANDRE_SP_EATON LTDA_13270000;3,;72,;MVT;DISTRIBUICAO;CHAVE_EXATA;Planilha2!G/F - linha 2092;OK - DISTRIBUICAO
50;EATON LTDA;2;EATON - TRANSPORTE LTL;102010711;RODOVIARIO LTL;  ;13270000;VALINHOS;SP;75860000;QUIRINOPOLIS;GO;Indiferente     ;Rodoviario  ;144.000;6;0.000;0.000;QUIRINOPOLIS_GO_EATON LTDA_13270000;4,;96,;RIO VERMELHO;DISTRIBUICAO;CHAVE_EXATA;Planilha2!G/F - linha 776;OK - DISTRIBUICAO
50;EATON LTDA;2;EATON - TRANSPORTE LTL;102010711;RODOVIARIO LTL;  ;13270000;VALINHOS;SP;75900000;RIO VERDE;GO;Indiferente     ;Rodoviario  ;120.000;5;0.000;0.000;RIO VERDE_GO_EATON LTDA_13270000;3,;72,;RIO VERMELHO;DISTRIBUICAO;CHAVE_EXATA;Planilha2!G/F - linha 764;OK - DISTRIBUICAO
50;EATON LTDA;2;EATON - TRANSPORTE LTL;102010711;RODOVIARIO LTL;  ;13270000;VALINHOS;SP;76980000;VILHENA;RO;Indiferente     ;Rodoviario  ;264.000;11;0.000;0.000;VILHENA_RO_EATON LTDA_13270000;18,;432,;CARVALIMA;REVERSA;FALLBACK_CIDADE_X2;Planilha2!E/F - linha 7391;CONFLITO/REVISAR
50;EATON LTDA;2;EATON - TRANSPORTE LTL;102010711;RODOVIARIO LTL;  ;13270000;VALINHOS;SP;77000000;PALMAS;TO;Indiferente     ;Rodoviario  ;144.000;6;0.000;0.000;PALMAS_TO_EATON LTDA_13270000;4,;96,;RIO VERMELHO;DISTRIBUICAO;CHAVE_EXATA;Planilha2!G/F - linha 766;OK - DISTRIBUICAO
50;EATON LTDA;2;EATON - TRANSPORTE LTL;102010711;RODOVIARIO LTL;  ;13270000;VALINHOS;SP;77400000;GURUPI;TO;Indiferente     ;Rodoviario  ;144.000;6;0.000;0.000;GURUPI_TO_EATON LTDA_13270000;4,;96,;RIO VERMELHO;DISTRIBUICAO;CHAVE_EXATA;Planilha2!G/F - linha 778;OK - DISTRIBUICAO
50;EATON LTDA;2;EATON - TRANSPORTE LTL;102010711;RODOVIARIO LTL;  ;13270000;VALINHOS;SP;77800000;ARAGUAINA;TO;Indiferente     ;Rodoviario  ;216.000;9;0.000;0.000;ARAGUAINA_TO_EATON LTDA_13270000;7,;168,;RIO VERMELHO;DISTRIBUICAO;CHAVE_EXATA;Planilha2!G/F - linha 767;OK - DISTRIBUICAO
50;EATON LTDA;2;EATON - TRANSPORTE LTL;102010711;RODOVIARIO LTL;  ;13270000;VALINHOS;SP;77925000;SAO MIGUEL DO TOCANTINS;TO;Indiferente     ;Rodoviario  ;336.000;14;0.000;0.000;SAO MIGUEL DO TOCANTINS_TO_EATON LTDA_13270000;12,;288,;RIO VERMELHO;DISTRIBUICAO;CHAVE_EXATA;Planilha2!G/F - linha 768;OK - DISTRIBUICAO
50;EATON LTDA;2;EATON - TRANSPORTE LTL;102010711;RODOVIARIO LTL;  ;13270000;VALINHOS;SP;78000000;CUIABA;MT;Indiferente     ;Rodoviario  ;144.000;6;0.000;0.000;CUIABA_MT_EATON LTDA_13270000;10,;240,;CARVALIMA;REVERSA;FALLBACK_CIDADE_X2;Planilha2!E/F - linha 7359;CONFLITO/REVISAR
50;EATON LTDA;2;EATON - TRANSPORTE LTL;102010711;RODOVIARIO LTL;  ;13270000;VALINHOS;SP;78110000;VARZEA GRANDE;MT;Indiferente     ;Rodoviario  ;144.000;6;0.000;0.000;VARZEA GRANDE_MT_EATON LTDA_13270000;10,;240,;CARVALIMA;REVERSA;FALLBACK_CIDADE_X2;Planilha2!E/F - linha 7360;CONFLITO/REVISAR
50;EATON LTDA;2;EATON - TRANSPORTE LTL;102010711;RODOVIARIO LTL;  ;13270000;VALINHOS;SP;78300000;TANGARA DA SERRA;MT;Indiferente     ;Rodoviario  ;144.000;6;0.000;0.000;TANGARA DA SERRA_MT_EATON LTDA_13270000;12,;288,;CARVALIMA;REVERSA;FALLBACK_CIDADE_X2;Planilha2!E/F - linha 7369;CONFLITO/REVISAR
50;EATON LTDA;2;EATON - TRANSPORTE LTL;102010711;RODOVIARIO LTL;  ;13270000;VALINHOS;SP;78460000;NOBRES;MT;Indiferente     ;Rodoviario  ;168.000;7;0.000;0.000;NOBRES_MT_EATON LTDA_13270000;;0,;TSP Sem Cadastro;;;;SEM_CADASTRO - TT E TSP
50;EATON LTDA;2;EATON - TRANSPORTE LTL;102010711;RODOVIARIO LTL;  ;13270000;VALINHOS;SP;78525000;MATUPA;MT;Indiferente     ;Rodoviario  ;168.000;7;0.000;0.000;MATUPA_MT_EATON LTDA_13270000;;0,;TSP Sem Cadastro;;;;SEM_CADASTRO - TT E TSP
50;EATON LTDA;2;EATON - TRANSPORTE LTL;102010711;RODOVIARIO LTL;  ;13270000;VALINHOS;SP;78550000;SINOP;MT;Indiferente     ;Rodoviario  ;168.000;7;0.000;0.000;SINOP_MT_EATON LTDA_13270000;12,;288,;CARVALIMA;REVERSA;FALLBACK_CIDADE_X2;Planilha2!E/F - linha 7367;CONFLITO/REVISAR
50;EATON LTDA;2;EATON - TRANSPORTE LTL;102010711;RODOVIARIO LTL;  ;13270000;VALINHOS;SP;78555000;TAPURAH;MT;Indiferente     ;Rodoviario  ;144.000;6;0.000;0.000;TAPURAH_MT_EATON LTDA_13270000;;0,;TSP Sem Cadastro;;;;SEM_CADASTRO - TT E TSP
50;EATON LTDA;2;EATON - TRANSPORTE LTL;102010711;RODOVIARIO LTL;  ;13270000;VALINHOS;SP;78580000;ALTA FLORESTA;MT;Indiferente     ;Rodoviario  ;216.000;9;0.000;0.000;ALTA FLORESTA_MT_EATON LTDA_13270000;18,;432,;CARVALIMA;REVERSA;FALLBACK_CIDADE_X2;Planilha2!E/F - linha 7370;OK - REVERSA IDENTIFICADA POR FALLBACK X2
50;EATON LTDA;2;EATON - TRANSPORTE LTL;102010711;RODOVIARIO LTL;  ;13270000;VALINHOS;SP;78635000;AGUA BOA;MT;Indiferente     ;Rodoviario  ;168.000;7;0.000;0.000;AGUA BOA_MT_EATON LTDA_13270000;12,;288,;CARVALIMA;REVERSA;FALLBACK_CIDADE_X2;Planilha2!E/F - linha 7422;OK - REVERSA IDENTIFICADA POR FALLBACK X2
50;EATON LTDA;2;EATON - TRANSPORTE LTL;102010711;RODOVIARIO LTL;  ;13270000;VALINHOS;SP;78652000;CONFRESA;MT;Indiferente     ;Rodoviario  ;168.000;7;0.000;0.000;CONFRESA_MT_EATON LTDA_13270000;;0,;TSP Sem Cadastro;;;;SEM_CADASTRO - TT E TSP
50;EATON LTDA;2;EATON - TRANSPORTE LTL;102010711;RODOVIARIO LTL;  ;13270000;VALINHOS;SP;78700000;RONDONOPOLIS;MT;Indiferente     ;Rodoviario  ;192.000;8;0.000;0.000;RONDONOPOLIS_MT_EATON LTDA_13270000;12,;288,;CARVALIMA;REVERSA;FALLBACK_CIDADE_X2;Planilha2!E/F - linha 7366;CONFLITO/REVISAR
50;EATON LTDA;2;EATON - TRANSPORTE LTL;102010711;RODOVIARIO LTL;  ;13270000;VALINHOS;SP;78900000;PORTO VELHO;RO;Indiferente     ;Rodoviario  ;264.000;11;0.000;0.000;PORTO VELHO_RO_EATON LTDA_13270000;22,;528,;CARVALIMA;REVERSA;FALLBACK_CIDADE_X2;Planilha2!E/F - linha 7396;CONFLITO/REVISAR
50;EATON LTDA;2;EATON - TRANSPORTE LTL;102010711;RODOVIARIO LTL;  ;13270000;VALINHOS;SP;78930000;ARIQUEMES;RO;Indiferente     ;Rodoviario  ;264.000;11;0.000;0.000;ARIQUEMES_RO_EATON LTDA_13270000;20,;480,;CARVALIMA;REVERSA;FALLBACK_CIDADE_X2;Planilha2!E/F - linha 7392;OK - REVERSA IDENTIFICADA POR FALLBACK X2
50;EATON LTDA;2;EATON - TRANSPORTE LTL;102010711;RODOVIARIO LTL;  ;13270000;VALINHOS;SP;78940000;JARU;RO;Indiferente     ;Rodoviario  ;264.000;11;0.000;0.000;JARU_RO_EATON LTDA_13270000;22,;528,;CARVALIMA;REVERSA;FALLBACK_CIDADE_X2;Planilha2!E/F - linha 7394;OK - REVERSA IDENTIFICADA POR FALLBACK X2
50;EATON LTDA;2;EATON - TRANSPORTE LTL;102010711;RODOVIARIO LTL;  ;13270000;VALINHOS;SP;78960000;JIPARANA;RO;Indiferente     ;Rodoviario  ;288.000;12;0.000;0.000;JIPARANA_RO_EATON LTDA_13270000;;0,;TSP Sem Cadastro;;;;SEM_CADASTRO - TT E TSP
50;EATON LTDA;2;EATON - TRANSPORTE LTL;102010711;RODOVIARIO LTL;  ;13270000;VALINHOS;SP;78975000;CACOAL;RO;Indiferente     ;Rodoviario  ;264.000;11;0.000;0.000;CACOAL_RO_EATON LTDA_13270000;20,;480,;CARVALIMA;REVERSA;FALLBACK_CIDADE_X2;Planilha2!E/F - linha 7393;CONFLITO/REVISAR
50;EATON LTDA;2;EATON - TRANSPORTE LTL;102010711;RODOVIARIO LTL;  ;13270000;VALINHOS;SP;78995000;VILHENA;RO;Indiferente     ;Rodoviario  ;264.000;11;0.000;0.000;VILHENA_RO_EATON LTDA_13270000;18,;432,;CARVALIMA;REVERSA;FALLBACK_CIDADE_X2;Planilha2!E/F - linha 7391;CONFLITO/REVISAR
50;EATON LTDA;2;EATON - TRANSPORTE LTL;102010711;RODOVIARIO LTL;  ;13270000;VALINHOS;SP;79000000;CAMPO GRANDE;MS;Indiferente     ;Rodoviario  ;120.000;5;0.000;0.000;CAMPO GRANDE_MS_EATON LTDA_13270000;10,;240,;CARVALIMA;REVERSA;FALLBACK_CIDADE_X2;Planilha2!E/F - linha 7343;CONFLITO/REVISAR
50;EATON LTDA;2;EATON - TRANSPORTE LTL;102010711;RODOVIARIO LTL;  ;13270000;VALINHOS;SP;79150000;MARACAJU;MS;Indiferente     ;Rodoviario  ;168.000;7;0.000;0.000;MARACAJU_MS_EATON LTDA_13270000;;0,;TSP Sem Cadastro;;;;SEM_CADASTRO - TT E TSP
50;EATON LTDA;2;EATON - TRANSPORTE LTL;102010711;RODOVIARIO LTL;  ;13270000;VALINHOS;SP;79490000;SAO GABRIEL DO OESTE;MS;Indiferente     ;Rodoviario  ;120.000;5;0.000;0.000;SAO GABRIEL DO OESTE_MS_EATON LTDA_13270000;;0,;TSP Sem Cadastro;;;;SEM_CADASTRO - TT E TSP
50;EATON LTDA;2;EATON - TRANSPORTE LTL;102010711;RODOVIARIO LTL;  ;13270000;VALINHOS;SP;79560000;CHAPADAO DO SUL;MS;Indiferente     ;Rodoviario  ;168.000;7;0.000;0.000;CHAPADAO DO SUL_MS_EATON LTDA_13270000;14,;336,;CARVALIMA;REVERSA;FALLBACK_CIDADE_X2;Planilha2!E/F - linha 7355;CONFLITO/REVISAR
50;EATON LTDA;2;EATON - TRANSPORTE LTL;102010711;RODOVIARIO LTL;  ;13270000;VALINHOS;SP;79600000;TRES LAGOAS;MS;Indiferente     ;Rodoviario  ;168.000;7;0.000;0.000;TRES LAGOAS_MS_EATON LTDA_13270000;10,;240,;CARVALIMA;REVERSA;FALLBACK_CIDADE_X2;Planilha2!E/F - linha 7349;CONFLITO/REVISAR
50;EATON LTDA;2;EATON - TRANSPORTE LTL;102010711;RODOVIARIO LTL;  ;13270000;VALINHOS;SP;79750000;NOVA ANDRADINA;MS;Indiferente     ;Rodoviario  ;120.000;5;0.000;0.000;NOVA ANDRADINA_MS_EATON LTDA_13270000;10,;240,;CARVALIMA;REVERSA;FALLBACK_CIDADE_X2;Planilha2!E/F - linha 7346;OK - REVERSA IDENTIFICADA POR FALLBACK X2
50;EATON LTDA;2;EATON - TRANSPORTE LTL;102010711;RODOVIARIO LTL;  ;13270000;VALINHOS;SP;79800000;DOURADOS;MS;Indiferente     ;Rodoviario  ;120.000;5;0.000;0.000;DOURADOS_MS_EATON LTDA_13270000;10,;240,;CARVALIMA;REVERSA;FALLBACK_CIDADE_X2;Planilha2!E/F - linha 7344;CONFLITO/REVISAR
50;EATON LTDA;2;EATON - TRANSPORTE LTL;102010711;RODOVIARIO LTL;  ;13270000;VALINHOS;SP;79900000;PONTA PORA;MS;Indiferente     ;Rodoviario  ;120.000;5;0.000;0.000;PONTA PORA_MS_EATON LTDA_13270000;10,;240,;CARVALIMA;REVERSA;FALLBACK_CIDADE_X2;Planilha2!E/F - linha 7348;OK - REVERSA IDENTIFICADA POR FALLBACK X2
50;EATON LTDA;2;EATON - TRANSPORTE LTL;102010711;RODOVIARIO LTL;  ;13270000;VALINHOS;SP;80000000;CURITIBA;PR;Indiferente     ;Rodoviario  ;48.000;2;0.000;0.000;CURITIBA_PR_EATON LTDA_13270000;1,;24,;OURO NEGRO;DISTRIBUICAO;CHAVE_EXATA;Planilha2!G/F - linha 6344;OK - DISTRIBUICAO
50;EATON LTDA;2;EATON - TRANSPORTE LTL;102010711;RODOVIARIO LTL;  ;13270000;VALINHOS;SP;83000000;SAO JOSE DOS PINHAIS;PR;Indiferente     ;Rodoviario  ;72.000;3;0.000;0.000;SAO JOSE DOS PINHAIS_PR_EATON LTDA_13270000;2,;48,;OURO NEGRO;DISTRIBUICAO;CHAVE_EXATA;Planilha2!G/F - linha 6379;OK - DISTRIBUICAO
50;EATON LTDA;2;EATON - TRANSPORTE LTL;102010711;RODOVIARIO LTL;  ;13270000;VALINHOS;SP;83200000;PARANAGUA;PR;Indiferente     ;Rodoviario  ;72.000;3;0.000;0.000;PARANAGUA_PR_EATON LTDA_13270000;4,;96,;OURO NEGRO;DISTRIBUICAO;CHAVE_EXATA;Planilha2!G/F - linha 6375;OK - DISTRIBUICAO
50;EATON LTDA;2;EATON - TRANSPORTE LTL;102010711;RODOVIARIO LTL;  ;13270000;VALINHOS;SP;83320000;PINHAIS;PR;Indiferente     ;Rodoviario  ;48.000;2;0.000;0.000;PINHAIS_PR_EATON LTDA_13270000;1,;24,;OURO NEGRO;DISTRIBUICAO;CHAVE_EXATA;Planilha2!G/F - linha 6349;OK - DISTRIBUICAO
50;EATON LTDA;2;EATON - TRANSPORTE LTL;102010711;RODOVIARIO LTL;  ;13270000;VALINHOS;SP;83400000;COLOMBO;PR;Indiferente     ;Rodoviario  ;72.000;3;0.000;0.000;COLOMBO_PR_EATON LTDA_13270000;6,;144,;ALFA;REVERSA;FALLBACK_CIDADE_X2;Planilha2!E/F - linha 699;CONFLITO/REVISAR
50;EATON LTDA;2;EATON - TRANSPORTE LTL;102010711;RODOVIARIO LTL;  ;13270000;VALINHOS;SP;83500000;ALMIRANTE TAMANDARE;PR;Indiferente     ;Rodoviario  ;144.000;6;0.000;0.000;ALMIRANTE TAMANDARE_PR_EATON LTDA_13270000;;0,;TSP Sem Cadastro;;;;SEM_CADASTRO - TT E TSP
50;EATON LTDA;2;EATON - TRANSPORTE LTL;102010711;RODOVIARIO LTL;  ;13270000;VALINHOS;SP;83700000;ARAUCARIA;PR;Indiferente     ;Rodoviario  ;72.000;3;0.000;0.000;ARAUCARIA_PR_EATON LTDA_13270000;2,;48,;OURO NEGRO;DISTRIBUICAO;CHAVE_EXATA;Planilha2!G/F - linha 6351;OK - DISTRIBUICAO
50;EATON LTDA;2;EATON - TRANSPORTE LTL;102010711;RODOVIARIO LTL;  ;13270000;VALINHOS;SP;84000000;PONTA GROSSA;PR;Indiferente     ;Rodoviario  ;96.000;4;0.000;0.000;PONTA GROSSA_PR_EATON LTDA_13270000;2,;48,;OURO NEGRO;DISTRIBUICAO;CHAVE_EXATA;Planilha2!G/F - linha 6377;OK - DISTRIBUICAO
50;EATON LTDA;2;EATON - TRANSPORTE LTL;102010711;RODOVIARIO LTL;  ;13270000;VALINHOS;SP;84600000;UNIAO DA VITORIA;PR;Indiferente     ;Rodoviario  ;48.000;2;0.000;0.000;UNIAO DA VITORIA_PR_EATON LTDA_13270000;2,;48,;OURO NEGRO;DISTRIBUICAO;CHAVE_EXATA;Planilha2!G/F - linha 6350;OK - DISTRIBUICAO
50;EATON LTDA;2;EATON - TRANSPORTE LTL;102010711;RODOVIARIO LTL;  ;13270000;VALINHOS;SP;85000000;GUARAPUAVA;PR;Indiferente     ;Rodoviario  ;72.000;3;0.000;0.000;GUARAPUAVA_PR_EATON LTDA_13270000;2,;48,;OURO NEGRO;DISTRIBUICAO;CHAVE_EXATA;Planilha2!G/F - linha 6365;OK - DISTRIBUICAO
50;EATON LTDA;2;EATON - TRANSPORTE LTL;102010711;RODOVIARIO LTL;  ;13270000;VALINHOS;SP;85500000;PATO BRANCO;PR;Indiferente     ;Rodoviario  ;72.000;3;0.000;0.000;PATO BRANCO_PR_EATON LTDA_13270000;2,;48,;OURO NEGRO;DISTRIBUICAO;CHAVE_EXATA;Planilha2!G/F - linha 6376;OK - DISTRIBUICAO
50;EATON LTDA;2;EATON - TRANSPORTE LTL;102010711;RODOVIARIO LTL;  ;13270000;VALINHOS;SP;85520000;VITORINO;PR;Indiferente     ;Rodoviario  ;120.000;5;0.000;0.000;VITORINO_PR_EATON LTDA_13270000;;0,;TSP Sem Cadastro;;;;SEM_CADASTRO - TT E TSP
50;EATON LTDA;2;EATON - TRANSPORTE LTL;102010711;RODOVIARIO LTL;  ;13270000;VALINHOS;SP;85600000;FRANCISCO BELTRAO;PR;Indiferente     ;Rodoviario  ;72.000;3;0.000;0.000;FRANCISCO BELTRAO_PR_EATON LTDA_13270000;2,;48,;OURO NEGRO;DISTRIBUICAO;CHAVE_EXATA;Planilha2!G/F - linha 6362;OK - DISTRIBUICAO
50;EATON LTDA;2;EATON - TRANSPORTE LTL;102010711;RODOVIARIO LTL;  ;13270000;VALINHOS;SP;85800000;CASCAVEL;PR;Indiferente     ;Rodoviario  ;72.000;3;0.000;0.000;CASCAVEL_PR_EATON LTDA_13270000;2,;48,;OURO NEGRO;DISTRIBUICAO;CHAVE_EXATA;Planilha2!G/F - linha 6343;OK - DISTRIBUICAO
50;EATON LTDA;2;EATON - TRANSPORTE LTL;102010711;RODOVIARIO LTL;  ;13270000;VALINHOS;SP;85850000;FOZ DO IGUACU;PR;Indiferente     ;Rodoviario  ;96.000;4;0.000;0.000;FOZ DO IGUACU_PR_EATON LTDA_13270000;3,;72,;OURO NEGRO;DISTRIBUICAO;CHAVE_EXATA;Planilha2!G/F - linha 6361;OK - DISTRIBUICAO
50;EATON LTDA;2;EATON - TRANSPORTE LTL;102010711;RODOVIARIO LTL;  ;13270000;VALINHOS;SP;85875000;SANTA TEREZINHA DE ITAIPU;PR;Indiferente     ;Rodoviario  ;48.000;2;0.000;0.000;SANTA TEREZINHA DE ITAIPU_PR_EATON LTDA_13270000;;0,;TSP Sem Cadastro;;;;SEM_CADASTRO - TT E TSP
50;EATON LTDA;2;EATON - TRANSPORTE LTL;102010711;RODOVIARIO LTL;  ;13270000;VALINHOS;SP;85877000;SAO MIGUEL DO IGUACU;PR;Indiferente     ;Rodoviario  ;48.000;2;0.000;0.000;SAO MIGUEL DO IGUACU_PR_EATON LTDA_13270000;;0,;TSP Sem Cadastro;;;;SEM_CADASTRO - TT E TSP
50;EATON LTDA;2;EATON - TRANSPORTE LTL;102010711;RODOVIARIO LTL;  ;13270000;VALINHOS;SP;85900000;TOLEDO;PR;Indiferente     ;Rodoviario  ;96.000;4;0.000;0.000;TOLEDO_PR_EATON LTDA_13270000;3,;72,;OURO NEGRO;DISTRIBUICAO;CHAVE_EXATA;Planilha2!G/F - linha 6381;OK - DISTRIBUICAO
50;EATON LTDA;2;EATON - TRANSPORTE LTL;102010711;RODOVIARIO LTL;  ;13270000;VALINHOS;SP;86000000;LONDRINA;PR;Indiferente     ;Rodoviario  ;72.000;3;0.000;0.000;LONDRINA_PR_EATON LTDA_13270000;2,;48,;OURO NEGRO;DISTRIBUICAO;CHAVE_EXATA;Planilha2!G/F - linha 6345;OK - DISTRIBUICAO
50;EATON LTDA;2;EATON - TRANSPORTE LTL;102010711;RODOVIARIO LTL;  ;13270000;VALINHOS;SP;86180000;CAMBE;PR;Indiferente     ;Rodoviario  ;72.000;3;0.000;0.000;CAMBE_PR_EATON LTDA_13270000;2,;48,;OURO NEGRO;DISTRIBUICAO;CHAVE_EXATA;Planilha2!G/F - linha 6354;OK - DISTRIBUICAO
50;EATON LTDA;2;EATON - TRANSPORTE LTL;102010711;RODOVIARIO LTL;  ;13270000;VALINHOS;SP;86600000;ROLANDIA;PR;Indiferente     ;Rodoviario  ;96.000;4;0.000;0.000;ROLANDIA_PR_EATON LTDA_13270000;6,;144,;TRANSTRY;REVERSA;FALLBACK_CIDADE_X2;Planilha2!E/F - linha 6208;OK - REVERSA IDENTIFICADA POR FALLBACK X2
50;EATON LTDA;2;EATON - TRANSPORTE LTL;102010711;RODOVIARIO LTL;  ;13270000;VALINHOS;SP;86690000;COLORADO;PR;Indiferente     ;Rodoviario  ;240.000;10;0.000;0.000;COLORADO_PR_EATON LTDA_13270000;3,;72,;OURO NEGRO;DISTRIBUICAO;CHAVE_EXATA;Planilha2!G/F - linha 6358;OK - DISTRIBUICAO
50;EATON LTDA;2;EATON - TRANSPORTE LTL;102010711;RODOVIARIO LTL;  ;13270000;VALINHOS;SP;86700000;ARAPONGAS;PR;Indiferente     ;Rodoviario  ;72.000;3;0.000;0.000;ARAPONGAS_PR_EATON LTDA_13270000;2,;48,;OURO NEGRO;DISTRIBUICAO;CHAVE_EXATA;Planilha2!G/F - linha 6341;OK - DISTRIBUICAO
50;EATON LTDA;2;EATON - TRANSPORTE LTL;102010711;RODOVIARIO LTL;  ;13270000;VALINHOS;SP;86990000;MARIALVA;PR;Indiferente     ;Rodoviario  ;144.000;6;0.000;0.000;MARIALVA_PR_EATON LTDA_13270000;3,;72,;OURO NEGRO;DISTRIBUICAO;CHAVE_EXATA;Planilha2!G/F - linha 6371;OK - DISTRIBUICAO
50;EATON LTDA;2;EATON - TRANSPORTE LTL;102010711;RODOVIARIO LTL;  ;13270000;VALINHOS;SP;87000000;MARINGA;PR;Indiferente     ;Rodoviario  ;72.000;3;0.000;0.000;MARINGA_PR_EATON LTDA_13270000;2,;48,;OURO NEGRO;DISTRIBUICAO;CHAVE_EXATA;Planilha2!G/F - linha 6347;OK - DISTRIBUICAO
50;EATON LTDA;2;EATON - TRANSPORTE LTL;102010711;RODOVIARIO LTL;  ;13270000;VALINHOS;SP;87110000;SARANDI;PR;Indiferente     ;Rodoviario  ;96.000;4;0.000;0.000;SARANDI_PR_EATON LTDA_13270000;4,;96,;OURO NEGRO;DISTRIBUICAO;CHAVE_EXATA;Planilha2!G/F - linha 6383;OK - DISTRIBUICAO
50;EATON LTDA;2;EATON - TRANSPORTE LTL;102010711;RODOVIARIO LTL;  ;13270000;VALINHOS;SP;87300000;CAMPO MOURAO;PR;Indiferente     ;Rodoviario  ;96.000;4;0.000;0.000;CAMPO MOURAO_PR_EATON LTDA_13270000;2,;48,;OURO NEGRO;DISTRIBUICAO;CHAVE_EXATA;Planilha2!G/F - linha 6342;OK - DISTRIBUICAO
50;EATON LTDA;2;EATON - TRANSPORTE LTL;102010711;RODOVIARIO LTL;  ;13270000;VALINHOS;SP;87355000;JURANDA;PR;Indiferente     ;Rodoviario  ;240.000;10;0.000;0.000;JURANDA_PR_EATON LTDA_13270000;;0,;TSP Sem Cadastro;;;;SEM_CADASTRO - TT E TSP
50;EATON LTDA;2;EATON - TRANSPORTE LTL;102010711;RODOVIARIO LTL;  ;13270000;VALINHOS;SP;87500000;UMUARAMA;PR;Indiferente     ;Rodoviario  ;96.000;4;0.000;0.000;UMUARAMA_PR_EATON LTDA_13270000;2,;48,;OURO NEGRO;DISTRIBUICAO;CHAVE_EXATA;Planilha2!G/F - linha 6382;OK - DISTRIBUICAO
50;EATON LTDA;2;EATON - TRANSPORTE LTL;102010711;RODOVIARIO LTL;  ;13270000;VALINHOS;SP;88000000;FLORIANOPOLIS;SC;Indiferente     ;Rodoviario  ;72.000;3;0.000;0.000;FLORIANOPOLIS_SC_EATON LTDA_13270000;2,;48,;OURO NEGRO;DISTRIBUICAO;CHAVE_EXATA;Planilha2!G/F - linha 6443;CONFLITO/REVISAR
50;EATON LTDA;2;EATON - TRANSPORTE LTL;102010711;RODOVIARIO LTL;  ;13270000;VALINHOS;SP;88100000;SAO JOSE;SC;Indiferente     ;Rodoviario  ;72.000;3;0.000;0.000;SAO JOSE_SC_EATON LTDA_13270000;2,;48,;OURO NEGRO;DISTRIBUICAO;CHAVE_EXATA;Planilha2!G/F - linha 6476;CONFLITO/REVISAR
50;EATON LTDA;2;EATON - TRANSPORTE LTL;102010711;RODOVIARIO LTL;  ;13270000;VALINHOS;SP;88130000;PALHOCA;SC;Indiferente     ;Rodoviario  ;72.000;3;0.000;0.000;PALHOCA_SC_EATON LTDA_13270000;2,;48,;LOGI SUL;DISTRIBUICAO;CHAVE_EXATA;Planilha2!G/F - linha 6517;OK - DISTRIBUICAO
50;EATON LTDA;2;EATON - TRANSPORTE LTL;102010711;RODOVIARIO LTL;  ;13270000;VALINHOS;SP;88200000;TIJUCAS;SC;Indiferente     ;Rodoviario  ;240.000;10;0.000;0.000;TIJUCAS_SC_EATON LTDA_13270000;4,;96,;LOGI SUL;DISTRIBUICAO;CHAVE_EXATA;Planilha2!G/F - linha 6552;OK - DISTRIBUICAO
50;EATON LTDA;2;EATON - TRANSPORTE LTL;102010711;RODOVIARIO LTL;  ;13270000;VALINHOS;SP;88230000;CANELINHA;SC;Indiferente     ;Rodoviario  ;240.000;10;0.000;0.000;CANELINHA_SC_EATON LTDA_13270000;3,;72,;LOGI SUL;DISTRIBUICAO;CHAVE_EXATA;Planilha2!G/F - linha 6534;OK - DISTRIBUICAO
50;EATON LTDA;2;EATON - TRANSPORTE LTL;102010711;RODOVIARIO LTL;  ;13270000;VALINHOS;SP;88240000;SAO JOAO BATISTA;SC;Indiferente     ;Rodoviario  ;240.000;10;0.000;0.000;SAO JOAO BATISTA_SC_EATON LTDA_13270000;4,;96,;LOGI SUL;DISTRIBUICAO;CHAVE_EXATA;Planilha2!G/F - linha 6551;OK - DISTRIBUICAO
50;EATON LTDA;2;EATON - TRANSPORTE LTL;102010711;RODOVIARIO LTL;  ;13270000;VALINHOS;SP;88300000;ITAJAI;SC;Indiferente     ;Rodoviario  ;72.000;3;0.000;0.000;ITAJAI_SC_EATON LTDA_13270000;2,;48,;OURO NEGRO;DISTRIBUICAO;CHAVE_EXATA;Planilha2!G/F - linha 6463;CONFLITO/REVISAR
50;EATON LTDA;2;EATON - TRANSPORTE LTL;102010711;RODOVIARIO LTL;  ;13270000;VALINHOS;SP;88350000;BRUSQUE;SC;Indiferente     ;Rodoviario  ;72.000;3;0.000;0.000;BRUSQUE_SC_EATON LTDA_13270000;2,;48,;OURO NEGRO;DISTRIBUICAO;CHAVE_EXATA;Planilha2!G/F - linha 6450;CONFLITO/REVISAR
50;EATON LTDA;2;EATON - TRANSPORTE LTL;102010711;RODOVIARIO LTL;  ;13270000;VALINHOS;SP;88360000;GUABIRUBA;SC;Indiferente     ;Rodoviario  ;120.000;5;0.000;0.000;GUABIRUBA_SC_EATON LTDA_13270000;3,;72,;LOGI SUL;DISTRIBUICAO;CHAVE_EXATA;Planilha2!G/F - linha 6537;OK - DISTRIBUICAO
50;EATON LTDA;2;EATON - TRANSPORTE LTL;102010711;RODOVIARIO LTL;  ;13270000;VALINHOS;SP;88375000;NAVEGANTES;SC;Indiferente     ;Rodoviario  ;144.000;6;0.000;0.000;NAVEGANTES_SC_EATON LTDA_13270000;2,;48,;LOGI SUL;DISTRIBUICAO;CHAVE_EXATA;Planilha2!G/F - linha 6544;OK - DISTRIBUICAO
50;EATON LTDA;2;EATON - TRANSPORTE LTL;102010711;RODOVIARIO LTL;  ;13270000;VALINHOS;SP;88500000;LAGES;SC;Indiferente     ;Rodoviario  ;96.000;4;0.000;0.000;LAGES_SC_EATON LTDA_13270000;3,;72,;OURO NEGRO;DISTRIBUICAO;CHAVE_EXATA;Planilha2!G/F - linha 6465;CONFLITO/REVISAR
50;EATON LTDA;2;EATON - TRANSPORTE LTL;102010711;RODOVIARIO LTL;  ;13270000;VALINHOS;SP;88700000;TUBARAO;SC;Indiferente     ;Rodoviario  ;72.000;3;0.000;0.000;TUBARAO_SC_EATON LTDA_13270000;2,;48,;OURO NEGRO;DISTRIBUICAO;CHAVE_EXATA;Planilha2!G/F - linha 6478;CONFLITO/REVISAR
50;EATON LTDA;2;EATON - TRANSPORTE LTL;102010711;RODOVIARIO LTL;  ;13270000;VALINHOS;SP;88800000;CRICIUMA;SC;Indiferente     ;Rodoviario  ;72.000;3;0.000;0.000;CRICIUMA_SC_EATON LTDA_13270000;2,;48,;OURO NEGRO;DISTRIBUICAO;CHAVE_EXATA;Planilha2!G/F - linha 6457;CONFLITO/REVISAR
50;EATON LTDA;2;EATON - TRANSPORTE LTL;102010711;RODOVIARIO LTL;  ;13270000;VALINHOS;SP;88820000;ICARA;SC;Indiferente     ;Rodoviario  ;72.000;3;0.000;0.000;ICARA_SC_EATON LTDA_13270000;2,;48,;OURO NEGRO;DISTRIBUICAO;CHAVE_EXATA;Planilha2!G/F - linha 6461;CONFLITO/REVISAR
50;EATON LTDA;2;EATON - TRANSPORTE LTL;102010711;RODOVIARIO LTL;  ;13270000;VALINHOS;SP;88840000;URUSSANGA;SC;Indiferente     ;Rodoviario  ;144.000;6;0.000;0.000;URUSSANGA_SC_EATON LTDA_13270000;4,;96,;LOGI SUL;DISTRIBUICAO;CHAVE_EXATA;Planilha2!G/F - linha 6509;OK - DISTRIBUICAO
50;EATON LTDA;2;EATON - TRANSPORTE LTL;102010711;RODOVIARIO LTL;  ;13270000;VALINHOS;SP;88900000;ARARANGUA;SC;Indiferente     ;Rodoviario  ;72.000;3;0.000;0.000;ARARANGUA_SC_EATON LTDA_13270000;2,;48,;OURO NEGRO;DISTRIBUICAO;CHAVE_EXATA;Planilha2!G/F - linha 6447;CONFLITO/REVISAR
50;EATON LTDA;2;EATON - TRANSPORTE LTL;102010711;RODOVIARIO LTL;  ;13270000;VALINHOS;SP;88930000;TURVO;SC;Indiferente     ;Rodoviario  ;144.000;6;0.000;0.000;TURVO_SC_EATON LTDA_13270000;4,;96,;LOGI SUL;DISTRIBUICAO;CHAVE_EXATA;Planilha2!G/F - linha 6508;OK - DISTRIBUICAO
50;EATON LTDA;2;EATON - TRANSPORTE LTL;102010711;RODOVIARIO LTL;  ;13270000;VALINHOS;SP;89000000;BLUMENAU;SC;Indiferente     ;Rodoviario  ;72.000;3;0.000;0.000;BLUMENAU_SC_EATON LTDA_13270000;2,;48,;OURO NEGRO;DISTRIBUICAO;CHAVE_EXATA;Planilha2!G/F - linha 6449;CONFLITO/REVISAR
50;EATON LTDA;2;EATON - TRANSPORTE LTL;102010711;RODOVIARIO LTL;  ;13270000;VALINHOS;SP;89107000;POMERODE;SC;Indiferente     ;Rodoviario  ;48.000;2;0.000;0.000;POMERODE_SC_EATON LTDA_13270000;5,;120,;LOGI SUL;DISTRIBUICAO;CHAVE_EXATA;Planilha2!G/F - linha 6547;OK - DISTRIBUICAO
50;EATON LTDA;2;EATON - TRANSPORTE LTL;102010711;RODOVIARIO LTL;  ;13270000;VALINHOS;SP;89130000;INDAIAL;SC;Indiferente     ;Rodoviario  ;72.000;3;0.000;0.000;INDAIAL_SC_EATON LTDA_13270000;2,;48,;OURO NEGRO;DISTRIBUICAO;CHAVE_EXATA;Planilha2!G/F - linha 6462;CONFLITO/REVISAR
50;EATON LTDA;2;EATON - TRANSPORTE LTL;102010711;RODOVIARIO LTL;  ;13270000;VALINHOS;SP;89160000;RIO DO SUL;SC;Indiferente     ;Rodoviario  ;96.000;4;0.000;0.000;RIO DO SUL_SC_EATON LTDA_13270000;3,;72,;OURO NEGRO;DISTRIBUICAO;CHAVE_EXATA;Planilha2!G/F - linha 6473;CONFLITO/REVISAR
50;EATON LTDA;2;EATON - TRANSPORTE LTL;102010711;RODOVIARIO LTL;  ;13270000;VALINHOS;SP;89190000;TAIO;SC;Indiferente     ;Rodoviario  ;96.000;4;0.000;0.000;TAIO_SC_EATON LTDA_13270000;4,;96,;LOGI SUL;DISTRIBUICAO;CHAVE_EXATA;Planilha2!G/F - linha 6703;OK - DISTRIBUICAO
50;EATON LTDA;2;EATON - TRANSPORTE LTL;102010711;RODOVIARIO LTL;  ;13270000;VALINHOS;SP;89200000;JOINVILLE;SC;Indiferente     ;Rodoviario  ;72.000;3;0.000;0.000;JOINVILLE_SC_EATON LTDA_13270000;2,;48,;OURO NEGRO;DISTRIBUICAO;CHAVE_EXATA;Planilha2!G/F - linha 6446;CONFLITO/REVISAR
50;EATON LTDA;2;EATON - TRANSPORTE LTL;102010711;RODOVIARIO LTL;  ;13270000;VALINHOS;SP;89245000;ARAQUARI;SC;Indiferente     ;Rodoviario  ;144.000;6;0.000;0.000;ARAQUARI_SC_EATON LTDA_13270000;2,;48,;LOGI SUL;DISTRIBUICAO;CHAVE_EXATA;Planilha2!G/F - linha 6602;OK - DISTRIBUICAO
50;EATON LTDA;2;EATON - TRANSPORTE LTL;102010711;RODOVIARIO LTL;  ;13270000;VALINHOS;SP;89248000;GARUVA;SC;Indiferente     ;Rodoviario  ;240.000;10;0.000;0.000;GARUVA_SC_EATON LTDA_13270000;2,;48,;LOGI SUL;DISTRIBUICAO;CHAVE_EXATA;Planilha2!G/F - linha 6605;OK - DISTRIBUICAO
50;EATON LTDA;2;EATON - TRANSPORTE LTL;102010711;RODOVIARIO LTL;  ;13270000;VALINHOS;SP;89250000;JARAGUA DO SUL;SC;Indiferente     ;Rodoviario  ;72.000;3;0.000;0.000;JARAGUA DO SUL_SC_EATON LTDA_13270000;2,;48,;OURO NEGRO;DISTRIBUICAO;CHAVE_EXATA;Planilha2!G/F - linha 6445;CONFLITO/REVISAR
50;EATON LTDA;2;EATON - TRANSPORTE LTL;102010711;RODOVIARIO LTL;  ;13270000;VALINHOS;SP;89270000;GUARAMIRIM;SC;Indiferente     ;Rodoviario  ;72.000;3;0.000;0.000;GUARAMIRIM_SC_EATON LTDA_13270000;2,;48,;OURO NEGRO;DISTRIBUICAO;CHAVE_EXATA;Planilha2!G/F - linha 6444;CONFLITO/REVISAR
50;EATON LTDA;2;EATON - TRANSPORTE LTL;102010711;RODOVIARIO LTL;  ;13270000;VALINHOS;SP;89278000;CORUPA;SC;Indiferente     ;Rodoviario  ;144.000;6;0.000;0.000;CORUPA_SC_EATON LTDA_13270000;5,;120,;LOGI SUL;DISTRIBUICAO;CHAVE_EXATA;Planilha2!G/F - linha 6604;OK - DISTRIBUICAO
50;EATON LTDA;2;EATON - TRANSPORTE LTL;102010711;RODOVIARIO LTL;  ;13270000;VALINHOS;SP;89290000;SAO BENTO DO SUL;SC;Indiferente     ;Rodoviario  ;72.000;3;0.000;0.000;SAO BENTO DO SUL_SC_EATON LTDA_13270000;3,;72,;OURO NEGRO;DISTRIBUICAO;CHAVE_EXATA;Planilha2!G/F - linha 6474;CONFLITO/REVISAR
50;EATON LTDA;2;EATON - TRANSPORTE LTL;102010711;RODOVIARIO LTL;  ;13270000;VALINHOS;SP;89295000;RIO NEGRINHO;SC;Indiferente     ;Rodoviario  ;72.000;3;0.000;0.000;RIO NEGRINHO_SC_EATON LTDA_13270000;3,;72,;LOGI SUL;DISTRIBUICAO;CHAVE_EXATA;Planilha2!G/F - linha 6718;OK - DISTRIBUICAO
50;EATON LTDA;2;EATON - TRANSPORTE LTL;102010711;RODOVIARIO LTL;  ;13270000;VALINHOS;SP;89300000;MAFRA;SC;Indiferente     ;Rodoviario  ;144.000;6;0.000;0.000;MAFRA_SC_EATON LTDA_13270000;2,;48,;OURO NEGRO;DISTRIBUICAO;CHAVE_EXATA;Planilha2!G/F - linha 6467;CONFLITO/REVISAR
50;EATON LTDA;2;EATON - TRANSPORTE LTL;102010711;RODOVIARIO LTL;  ;13270000;VALINHOS;SP;89460000;CANOINHAS;SC;Indiferente     ;Rodoviario  ;144.000;6;0.000;0.000;CANOINHAS_SC_EATON LTDA_13270000;2,;48,;OURO NEGRO;DISTRIBUICAO;CHAVE_EXATA;Planilha2!G/F - linha 6453;CONFLITO/REVISAR
50;EATON LTDA;2;EATON - TRANSPORTE LTL;102010711;RODOVIARIO LTL;  ;13270000;VALINHOS;SP;89500000;CACADOR;SC;Indiferente     ;Rodoviario  ;144.000;6;0.000;0.000;CACADOR_SC_EATON LTDA_13270000;4,;96,;OURO NEGRO;DISTRIBUICAO;CHAVE_EXATA;Planilha2!G/F - linha 6451;CONFLITO/REVISAR
50;EATON LTDA;2;EATON - TRANSPORTE LTL;102010711;RODOVIARIO LTL;  ;13270000;VALINHOS;SP;89560000;VIDEIRA;SC;Indiferente     ;Rodoviario  ;120.000;5;0.000;0.000;VIDEIRA_SC_EATON LTDA_13270000;4,;96,;OURO NEGRO;DISTRIBUICAO;CHAVE_EXATA;Planilha2!G/F - linha 6479;CONFLITO/REVISAR
50;EATON LTDA;2;EATON - TRANSPORTE LTL;102010711;RODOVIARIO LTL;  ;13270000;VALINHOS;SP;89600000;JOACABA;SC;Indiferente     ;Rodoviario  ;96.000;4;0.000;0.000;JOACABA_SC_EATON LTDA_13270000;3,;72,;OURO NEGRO;DISTRIBUICAO;CHAVE_EXATA;Planilha2!G/F - linha 6464;CONFLITO/REVISAR
50;EATON LTDA;2;EATON - TRANSPORTE LTL;102010711;RODOVIARIO LTL;  ;13270000;VALINHOS;SP;89609000;LUZERNA;SC;Indiferente     ;Rodoviario  ;96.000;4;0.000;0.000;LUZERNA_SC_EATON LTDA_13270000;2,;48,;LOGI SUL;DISTRIBUICAO;CHAVE_EXATA;Planilha2!G/F - linha 6580;OK - DISTRIBUICAO
50;EATON LTDA;2;EATON - TRANSPORTE LTL;102010711;RODOVIARIO LTL;  ;13270000;VALINHOS;SP;89700000;CONCORDIA;SC;Indiferente     ;Rodoviario  ;96.000;4;0.000;0.000;CONCORDIA_SC_EATON LTDA_13270000;3,;72,;OURO NEGRO;DISTRIBUICAO;CHAVE_EXATA;Planilha2!G/F - linha 6456;CONFLITO/REVISAR
50;EATON LTDA;2;EATON - TRANSPORTE LTL;102010711;RODOVIARIO LTL;  ;13270000;VALINHOS;SP;89800000;CHAPECO;SC;Indiferente     ;Rodoviario  ;96.000;4;0.000;0.000;CHAPECO_SC_EATON LTDA_13270000;3,;72,;OURO NEGRO;DISTRIBUICAO;CHAVE_EXATA;Planilha2!G/F - linha 6455;CONFLITO/REVISAR
50;EATON LTDA;2;EATON - TRANSPORTE LTL;102010711;RODOVIARIO LTL;  ;13270000;VALINHOS;SP;89820000;XANXERE;SC;Indiferente     ;Rodoviario  ;96.000;4;0.000;0.000;XANXERE_SC_EATON LTDA_13270000;3,;72,;OURO NEGRO;DISTRIBUICAO;CHAVE_EXATA;Planilha2!G/F - linha 6480;CONFLITO/REVISAR
50;EATON LTDA;2;EATON - TRANSPORTE LTL;102010711;RODOVIARIO LTL;  ;13270000;VALINHOS;SP;89825000;XAXIM;SC;Indiferente     ;Rodoviario  ;48.000;2;0.000;0.000;XAXIM_SC_EATON LTDA_13270000;3,;72,;LOGI SUL;DISTRIBUICAO;CHAVE_EXATA;Planilha2!G/F - linha 6777;OK - DISTRIBUICAO
50;EATON LTDA;2;EATON - TRANSPORTE LTL;102010711;RODOVIARIO LTL;  ;13270000;VALINHOS;SP;89872000;MODELO;SC;Indiferente     ;Rodoviario  ;240.000;10;0.000;0.000;MODELO_SC_EATON LTDA_13270000;4,;96,;LOGI SUL;DISTRIBUICAO;CHAVE_EXATA;Planilha2!G/F - linha 6761;OK - DISTRIBUICAO
50;EATON LTDA;2;EATON - TRANSPORTE LTL;102010711;RODOVIARIO LTL;  ;13270000;VALINHOS;SP;89900000;SAO MIGUEL DO OESTE;SC;Indiferente     ;Rodoviario  ;120.000;5;0.000;0.000;SAO MIGUEL DO OESTE_SC_EATON LTDA_13270000;4,;96,;OURO NEGRO;DISTRIBUICAO;CHAVE_EXATA;Planilha2!G/F - linha 6477;CONFLITO/REVISAR
50;EATON LTDA;2;EATON - TRANSPORTE LTL;102010711;RODOVIARIO LTL;  ;13270000;VALINHOS;SP;89990000;SAO LOURENCO DO OESTE;SC;Indiferente     ;Rodoviario  ;48.000;2;0.000;0.000;SAO LOURENCO DO OESTE_SC_EATON LTDA_13270000;3,;72,;OURO NEGRO;DISTRIBUICAO;CHAVE_EXATA;Planilha2!G/F - linha 6482;CONFLITO/REVISAR
50;EATON LTDA;2;EATON - TRANSPORTE LTL;102010711;RODOVIARIO LTL;  ;13270000;VALINHOS;SP;90000000;PORTO ALEGRE;RS;Indiferente     ;Rodoviario  ;96.000;4;0.000;0.000;PORTO ALEGRE_RS_EATON LTDA_13270000;2,;48,;OURO NEGRO;DISTRIBUICAO;CHAVE_EXATA;Planilha2!G/F - linha 6392;CONFLITO/REVISAR
50;EATON LTDA;2;EATON - TRANSPORTE LTL;102010711;RODOVIARIO LTL;  ;13270000;VALINHOS;SP;92000000;CANOAS;RS;Indiferente     ;Rodoviario  ;96.000;4;0.000;0.000;CANOAS_RS_EATON LTDA_13270000;3,;72,;OURO NEGRO;DISTRIBUICAO;CHAVE_EXATA;Planilha2!G/F - linha 6401;CONFLITO/REVISAR
50;EATON LTDA;2;EATON - TRANSPORTE LTL;102010711;RODOVIARIO LTL;  ;13270000;VALINHOS;SP;92990000;ELDORADO DO SUL;RS;Indiferente     ;Rodoviario  ;144.000;6;0.000;0.000;ELDORADO DO SUL_RS_EATON LTDA_13270000;3,;72,;OURO NEGRO;DISTRIBUICAO;CHAVE_EXATA;Planilha2!G/F - linha 6386;CONFLITO/REVISAR
50;EATON LTDA;2;EATON - TRANSPORTE LTL;102010711;RODOVIARIO LTL;  ;13270000;VALINHOS;SP;93000000;SAO LEOPOLDO;RS;Indiferente     ;Rodoviario  ;96.000;4;0.000;0.000;SAO LEOPOLDO_RS_EATON LTDA_13270000;2,;48,;OURO NEGRO;DISTRIBUICAO;CHAVE_EXATA;Planilha2!G/F - linha 6394;CONFLITO/REVISAR
50;EATON LTDA;2;EATON - TRANSPORTE LTL;102010711;RODOVIARIO LTL;  ;13270000;VALINHOS;SP;93200000;SAPUCAIA DO SUL;RS;Indiferente     ;Rodoviario  ;96.000;4;0.000;0.000;SAPUCAIA DO SUL_RS_EATON LTDA_13270000;1,;24,;LOGI SUL;DISTRIBUICAO;CHAVE_EXATA;Planilha2!G/F - linha 7198;OK - DISTRIBUICAO
50;EATON LTDA;2;EATON - TRANSPORTE LTL;102010711;RODOVIARIO LTL;  ;13270000;VALINHOS;SP;93250000;ESTEIO;RS;Indiferente     ;Rodoviario  ;96.000;4;0.000;0.000;ESTEIO_RS_EATON LTDA_13270000;2,;48,;LOGI SUL;DISTRIBUICAO;CHAVE_EXATA;Planilha2!G/F - linha 6937;OK - DISTRIBUICAO
50;EATON LTDA;2;EATON - TRANSPORTE LTL;102010711;RODOVIARIO LTL;  ;13270000;VALINHOS;SP;93300000;NOVO HAMBURGO;RS;Indiferente     ;Rodoviario  ;96.000;4;0.000;0.000;NOVO HAMBURGO_RS_EATON LTDA_13270000;3,;72,;OURO NEGRO;DISTRIBUICAO;CHAVE_EXATA;Planilha2!G/F - linha 6408;CONFLITO/REVISAR
50;EATON LTDA;2;EATON - TRANSPORTE LTL;102010711;RODOVIARIO LTL;  ;13270000;VALINHOS;SP;93900000;IVOTI;RS;Indiferente     ;Rodoviario  ;144.000;6;0.000;0.000;IVOTI_RS_EATON LTDA_13270000;3,;72,;LOGI SUL;DISTRIBUICAO;CHAVE_EXATA;Planilha2!G/F - linha 6998;OK - DISTRIBUICAO
50;EATON LTDA;2;EATON - TRANSPORTE LTL;102010711;RODOVIARIO LTL;  ;13270000;VALINHOS;SP;94000000;GRAVATAI;RS;Indiferente     ;Rodoviario  ;96.000;4;0.000;0.000;GRAVATAI_RS_EATON LTDA_13270000;2,;48,;OURO NEGRO;DISTRIBUICAO;CHAVE_EXATA;Planilha2!G/F - linha 6389;CONFLITO/REVISAR
50;EATON LTDA;2;EATON - TRANSPORTE LTL;102010711;RODOVIARIO LTL;  ;13270000;VALINHOS;SP;94900000;CACHOEIRINHA;RS;Indiferente     ;Rodoviario  ;96.000;4;0.000;0.000;CACHOEIRINHA_RS_EATON LTDA_13270000;2,;48,;OURO NEGRO;DISTRIBUICAO;CHAVE_EXATA;Planilha2!G/F - linha 6384;CONFLITO/REVISAR
50;EATON LTDA;2;EATON - TRANSPORTE LTL;102010711;RODOVIARIO LTL;  ;13270000;VALINHOS;SP;95000000;CAXIAS DO SUL;RS;Indiferente     ;Rodoviario  ;96.000;4;0.000;0.000;CAXIAS DO SUL_RS_EATON LTDA_13270000;3,;72,;OURO NEGRO;DISTRIBUICAO;CHAVE_EXATA;Planilha2!G/F - linha 6402;CONFLITO/REVISAR
50;EATON LTDA;2;EATON - TRANSPORTE LTL;102010711;RODOVIARIO LTL;  ;13270000;VALINHOS;SP;95180000;FARROUPILHA;RS;Indiferente     ;Rodoviario  ;96.000;4;0.000;0.000;FARROUPILHA_RS_EATON LTDA_13270000;3,;72,;OURO NEGRO;DISTRIBUICAO;CHAVE_EXATA;Planilha2!G/F - linha 6387;CONFLITO/REVISAR
50;EATON LTDA;2;EATON - TRANSPORTE LTL;102010711;RODOVIARIO LTL;  ;13270000;VALINHOS;SP;95236000;MONTE ALEGRE DOS CAMPOS;RS;Indiferente     ;Rodoviario  ;240.000;10;0.000;0.000;MONTE ALEGRE DOS CAMPOS_RS_EATON LTDA_13270000;5,;120,;LOGI SUL;DISTRIBUICAO;CHAVE_EXATA;Planilha2!G/F - linha 7037;OK - DISTRIBUICAO
50;EATON LTDA;2;EATON - TRANSPORTE LTL;102010711;RODOVIARIO LTL;  ;13270000;VALINHOS;SP;95335000;COTIPORA;RS;Indiferente     ;Rodoviario  ;240.000;10;0.000;0.000;COTIPORA_RS_EATON LTDA_13270000;5,;120,;LOGI SUL;DISTRIBUICAO;CHAVE_EXATA;Planilha2!G/F - linha 6898;OK - DISTRIBUICAO
50;EATON LTDA;2;EATON - TRANSPORTE LTL;102010711;RODOVIARIO LTL;  ;13270000;VALINHOS;SP;95520000;OSORIO;RS;Indiferente     ;Rodoviario  ;144.000;6;0.000;0.000;OSORIO_RS_EATON LTDA_13270000;4,;96,;OURO NEGRO;DISTRIBUICAO;CHAVE_EXATA;Planilha2!G/F - linha 6420;CONFLITO/REVISAR
50;EATON LTDA;2;EATON - TRANSPORTE LTL;102010711;RODOVIARIO LTL;  ;13270000;VALINHOS;SP;95650000;IGREJINHA;RS;Indiferente     ;Rodoviario  ;240.000;10;0.000;0.000;IGREJINHA_RS_EATON LTDA_13270000;4,;96,;LOGI SUL;DISTRIBUICAO;CHAVE_EXATA;Planilha2!G/F - linha 6981;OK - DISTRIBUICAO
50;EATON LTDA;2;EATON - TRANSPORTE LTL;102010711;RODOVIARIO LTL;  ;13270000;VALINHOS;SP;95680000;CANELA;RS;Indiferente     ;Rodoviario  ;96.000;4;0.000;0.000;CANELA_RS_EATON LTDA_13270000;3,;72,;LOGI SUL;DISTRIBUICAO;CHAVE_EXATA;Planilha2!G/F - linha 6856;OK - DISTRIBUICAO
50;EATON LTDA;2;EATON - TRANSPORTE LTL;102010711;RODOVIARIO LTL;  ;13270000;VALINHOS;SP;95700000;BENTO GONCALVES;RS;Indiferente     ;Rodoviario  ;96.000;4;0.000;0.000;BENTO GONCALVES_RS_EATON LTDA_13270000;3,;72,;OURO NEGRO;DISTRIBUICAO;CHAVE_EXATA;Planilha2!G/F - linha 6399;CONFLITO/REVISAR
50;EATON LTDA;2;EATON - TRANSPORTE LTL;102010711;RODOVIARIO LTL;  ;13270000;VALINHOS;SP;95720000;GARIBALDI;RS;Indiferente     ;Rodoviario  ;96.000;4;0.000;0.000;GARIBALDI_RS_EATON LTDA_13270000;3,;72,;OURO NEGRO;DISTRIBUICAO;CHAVE_EXATA;Planilha2!G/F - linha 6388;CONFLITO/REVISAR
50;EATON LTDA;2;EATON - TRANSPORTE LTL;102010711;RODOVIARIO LTL;  ;13270000;VALINHOS;SP;95860000;TAQUARI;RS;Indiferente     ;Rodoviario  ;240.000;10;0.000;0.000;TAQUARI_RS_EATON LTDA_13270000;5,;120,;LOGI SUL;DISTRIBUICAO;CHAVE_EXATA;Planilha2!G/F - linha 6912;OK - DISTRIBUICAO
50;EATON LTDA;2;EATON - TRANSPORTE LTL;102010711;RODOVIARIO LTL;  ;13270000;VALINHOS;SP;95900000;LAJEADO;RS;Indiferente     ;Rodoviario  ;120.000;5;0.000;0.000;LAJEADO_RS_EATON LTDA_13270000;4,;96,;OURO NEGRO;DISTRIBUICAO;CHAVE_EXATA;Planilha2!G/F - linha 6391;CONFLITO/REVISAR
50;EATON LTDA;2;EATON - TRANSPORTE LTL;102010711;RODOVIARIO LTL;  ;13270000;VALINHOS;SP;95940000;ARROIO DO MEIO;RS;Indiferente     ;Rodoviario  ;96.000;4;0.000;0.000;ARROIO DO MEIO_RS_EATON LTDA_13270000;3,;72,;LOGI SUL;DISTRIBUICAO;CHAVE_EXATA;Planilha2!G/F - linha 6799;OK - DISTRIBUICAO
50;EATON LTDA;2;EATON - TRANSPORTE LTL;102010711;RODOVIARIO LTL;  ;13270000;VALINHOS;SP;9600000;SAO BERNARDO DO CAMPO;SP;Indiferente     ;Rodoviario  ;24.000;1;0.000;0.000;SAO BERNARDO DO CAMPO_SP_EATON LTDA_13270000;3,;72,;MVT;DISTRIBUICAO;CHAVE_EXATA;Planilha2!G/F - linha 2093;OK - DISTRIBUICAO
50;EATON LTDA;2;EATON - TRANSPORTE LTL;102010711;RODOVIARIO LTL;  ;13270000;VALINHOS;SP;96000000;PELOTAS;RS;Indiferente     ;Rodoviario  ;144.000;6;0.000;0.000;PELOTAS_RS_EATON LTDA_13270000;4,;96,;OURO NEGRO;DISTRIBUICAO;CHAVE_EXATA;Planilha2!G/F - linha 6421;CONFLITO/REVISAR
50;EATON LTDA;2;EATON - TRANSPORTE LTL;102010711;RODOVIARIO LTL;  ;13270000;VALINHOS;SP;96180000;CAMAQUA;RS;Indiferente     ;Rodoviario  ;144.000;6;0.000;0.000;CAMAQUA_RS_EATON LTDA_13270000;4,;96,;OURO NEGRO;DISTRIBUICAO;CHAVE_EXATA;Planilha2!G/F - linha 6413;CONFLITO/REVISAR
50;EATON LTDA;2;EATON - TRANSPORTE LTL;102010711;RODOVIARIO LTL;  ;13270000;VALINHOS;SP;96500000;CACHOEIRA DO SUL;RS;Indiferente     ;Rodoviario  ;240.000;10;0.000;0.000;CACHOEIRA DO SUL_RS_EATON LTDA_13270000;5,;120,;OURO NEGRO;DISTRIBUICAO;CHAVE_EXATA;Planilha2!G/F - linha 6400;CONFLITO/REVISAR
50;EATON LTDA;2;EATON - TRANSPORTE LTL;102010711;RODOVIARIO LTL;  ;13270000;VALINHOS;SP;96800000;SANTA CRUZ DO SUL;RS;Indiferente     ;Rodoviario  ;144.000;6;0.000;0.000;SANTA CRUZ DO SUL_RS_EATON LTDA_13270000;5,;120,;OURO NEGRO;DISTRIBUICAO;CHAVE_EXATA;Planilha2!G/F - linha 6409;CONFLITO/REVISAR
50;EATON LTDA;2;EATON - TRANSPORTE LTL;102010711;RODOVIARIO LTL;  ;13270000;VALINHOS;SP;97000000;SANTA MARIA;RS;Indiferente     ;Rodoviario  ;144.000;6;0.000;0.000;SANTA MARIA_RS_EATON LTDA_13270000;5,;120,;OURO NEGRO;DISTRIBUICAO;CHAVE_EXATA;Planilha2!G/F - linha 6410;CONFLITO/REVISAR
50;EATON LTDA;2;EATON - TRANSPORTE LTL;102010711;RODOVIARIO LTL;  ;13270000;VALINHOS;SP;98200000;IBIRUBA;RS;Indiferente     ;Rodoviario  ;96.000;4;0.000;0.000;IBIRUBA_RS_EATON LTDA_13270000;6,;144,;OURO NEGRO;DISTRIBUICAO;CHAVE_EXATA;Planilha2!G/F - linha 6417;CONFLITO/REVISAR
50;EATON LTDA;2;EATON - TRANSPORTE LTL;102010711;RODOVIARIO LTL;  ;13270000;VALINHOS;SP;98280000;PANAMBI;RS;Indiferente     ;Rodoviario  ;144.000;6;0.000;0.000;PANAMBI_RS_EATON LTDA_13270000;5,;120,;OURO NEGRO;DISTRIBUICAO;CHAVE_EXATA;Planilha2!G/F - linha 6433;CONFLITO/REVISAR
50;EATON LTDA;2;EATON - TRANSPORTE LTL;102010711;RODOVIARIO LTL;  ;13270000;VALINHOS;SP;98368000;CRISTAL DO SUL;RS;Indiferente     ;Rodoviario  ;168.000;7;0.000;0.000;CRISTAL DO SUL_RS_EATON LTDA_13270000;5,;120,;LOGI SUL;DISTRIBUICAO;CHAVE_EXATA;Planilha2!G/F - linha 7124;OK - DISTRIBUICAO
50;EATON LTDA;2;EATON - TRANSPORTE LTL;102010711;RODOVIARIO LTL;  ;13270000;VALINHOS;SP;98800000;SANTO ANGELO;RS;Indiferente     ;Rodoviario  ;144.000;6;0.000;0.000;SANTO ANGELO_RS_EATON LTDA_13270000;5,;120,;OURO NEGRO;DISTRIBUICAO;CHAVE_EXATA;Planilha2!G/F - linha 6436;CONFLITO/REVISAR
50;EATON LTDA;2;EATON - TRANSPORTE LTL;102010711;RODOVIARIO LTL;  ;13270000;VALINHOS;SP;98900000;SANTA ROSA;RS;Indiferente     ;Rodoviario  ;96.000;4;0.000;0.000;SANTA ROSA_RS_EATON LTDA_13270000;6,;144,;OURO NEGRO;DISTRIBUICAO;CHAVE_EXATA;Planilha2!G/F - linha 6442;CONFLITO/REVISAR
50;EATON LTDA;2;EATON - TRANSPORTE LTL;102010711;RODOVIARIO LTL;  ;13270000;VALINHOS;SP;98910000;TRES DE MAIO;RS;Indiferente     ;Rodoviario  ;144.000;6;0.000;0.000;TRES DE MAIO_RS_EATON LTDA_13270000;5,;120,;LOGI SUL;DISTRIBUICAO;CHAVE_EXATA;Planilha2!G/F - linha 6916;OK - DISTRIBUICAO
50;EATON LTDA;2;EATON - TRANSPORTE LTL;102010711;RODOVIARIO LTL;  ;13270000;VALINHOS;SP;99000000;PASSO FUNDO;RS;Indiferente     ;Rodoviario  ;144.000;6;0.000;0.000;PASSO FUNDO_RS_EATON LTDA_13270000;5,;120,;OURO NEGRO;DISTRIBUICAO;CHAVE_EXATA;Planilha2!G/F - linha 6434;CONFLITO/REVISAR
50;EATON LTDA;2;EATON - TRANSPORTE LTL;102010711;RODOVIARIO LTL;  ;13270000;VALINHOS;SP;99150000;MARAU;RS;Indiferente     ;Rodoviario  ;96.000;4;0.000;0.000;MARAU_RS_EATON LTDA_13270000;5,;120,;OURO NEGRO;DISTRIBUICAO;CHAVE_EXATA;Planilha2!G/F - linha 6405;CONFLITO/REVISAR
50;EATON LTDA;2;EATON - TRANSPORTE LTL;102010711;RODOVIARIO LTL;  ;13270000;VALINHOS;SP;99250000;SERAFINA CORREA;RS;Indiferente     ;Rodoviario  ;144.000;6;0.000;0.000;SERAFINA CORREA_RS_EATON LTDA_13270000;4,;96,;LOGI SUL;DISTRIBUICAO;CHAVE_EXATA;Planilha2!G/F - linha 7206;OK - DISTRIBUICAO
50;EATON LTDA;2;EATON - TRANSPORTE LTL;102010711;RODOVIARIO LTL;  ;13270000;VALINHOS;SP;99260000;CASCA;RS;Indiferente     ;Rodoviario  ;168.000;7;0.000;0.000;CASCA_RS_EATON LTDA_13270000;3,;72,;LOGI SUL;DISTRIBUICAO;CHAVE_EXATA;Planilha2!G/F - linha 6871;OK - DISTRIBUICAO
50;EATON LTDA;2;EATON - TRANSPORTE LTL;102010711;RODOVIARIO LTL;  ;13270000;VALINHOS;SP;99470000;NAOMETOQUE;RS;Indiferente     ;Rodoviario  ;144.000;6;0.000;0.000;NAOMETOQUE_RS_EATON LTDA_13270000;;0,;TSP Sem Cadastro;;;;SEM_CADASTRO - TT E TSP
50;EATON LTDA;2;EATON - TRANSPORTE LTL;102010711;RODOVIARIO LTL;  ;13270000;VALINHOS;SP;99840000;SANANDUVA;RS;Indiferente     ;Rodoviario  ;168.000;7;0.000;0.000;SANANDUVA_RS_EATON LTDA_13270000;4,;96,;LOGI SUL;DISTRIBUICAO;CHAVE_EXATA;Planilha2!G/F - linha 7138;OK - DISTRIBUICAO
50;EATON LTDA;2;EATON - TRANSPORTE LTL;102020711;AEREO - LTL;  ;13270000;VALINHOS;SP;24000000;NITEROI;RJ;Indiferente     ;Rodoviario  ;96.000;4;0.000;0.000;NITEROI_RJ_EATON LTDA_13270000;6,;144,;CAMILO DOS SANTOS;REVERSA;FALLBACK_CIDADE_X2;Planilha2!E/F - linha 7499;OK - REVERSA IDENTIFICADA POR FALLBACK X2
50;EATON LTDA;2;EATON - TRANSPORTE LTL;102020711;AEREO - LTL;  ;13270000;VALINHOS;SP;24400000;SAO GONCALO;RJ;Indiferente     ;Rodoviario  ;96.000;4;0.000;0.000;SAO GONCALO_RJ_EATON LTDA_13270000;;0,;CAMILO DOS SANTOS;;;;SEM_CADASTRO
50;EATON LTDA;2;EATON - TRANSPORTE LTL;102020711;AEREO - LTL;  ;13270000;VALINHOS;SP;24800000;ITABORAI;RJ;Indiferente     ;Rodoviario  ;96.000;4;0.000;0.000;ITABORAI_RJ_EATON LTDA_13270000;;0,;CAMILO DOS SANTOS;;;;SEM_CADASTRO
50;EATON LTDA;2;EATON - TRANSPORTE LTL;102020711;AEREO - LTL;  ;13270000;VALINHOS;SP;25000000;DUQUE DE CAXIAS;RJ;Indiferente     ;Aereo       ;96.000;4;0.000;0.000;DUQUE DE CAXIAS_RJ_EATON LTDA_13270000;6,;144,;CAMILO DOS SANTOS;REVERSA;FALLBACK_CIDADE_X2;Planilha2!E/F - linha 7479;CONFLITO/REVISAR
50;EATON LTDA;2;EATON - TRANSPORTE LTL;102020711;AEREO - LTL;  ;13270000;VALINHOS;SP;25000000;DUQUE DE CAXIAS;RJ;Indiferente     ;Rodoviario  ;96.000;4;0.000;0.000;DUQUE DE CAXIAS_RJ_EATON LTDA_13270000;6,;144,;CAMILO DOS SANTOS;REVERSA;FALLBACK_CIDADE_X2;Planilha2!E/F - linha 7479;CONFLITO/REVISAR
50;EATON LTDA;2;EATON - TRANSPORTE LTL;102020711;AEREO - LTL;  ;13270000;VALINHOS;SP;25500000;SAO JOAO DE MERITI;RJ;Indiferente     ;Rodoviario  ;96.000;4;0.000;0.000;SAO JOAO DE MERITI_RJ_EATON LTDA_13270000;;0,;CAMILO DOS SANTOS;;;;SEM_CADASTRO
50;EATON LTDA;2;EATON - TRANSPORTE LTL;102020711;AEREO - LTL;  ;13270000;VALINHOS;SP;26000000;NOVA IGUACU;RJ;Indiferente     ;Rodoviario  ;96.000;4;0.000;0.000;NOVA IGUACU_RJ_EATON LTDA_13270000;6,;144,;CAMILO DOS SANTOS;REVERSA;FALLBACK_CIDADE_X2;Planilha2!E/F - linha 7503;OK - REVERSA IDENTIFICADA POR FALLBACK X2
50;EATON LTDA;2;EATON - TRANSPORTE LTL;102020711;AEREO - LTL;  ;13270000;VALINHOS;SP;27200000;VOLTA REDONDA;RJ;Indiferente     ;Rodoviario  ;96.000;4;0.000;0.000;VOLTA REDONDA_RJ_EATON LTDA_13270000;6,;144,;CAMILO DOS SANTOS;REVERSA;FALLBACK_CIDADE_X2;Planilha2!E/F - linha 7484;CONFLITO/REVISAR
50;EATON LTDA;2;EATON - TRANSPORTE LTL;102020711;AEREO - LTL;  ;13270000;VALINHOS;SP;27300000;BARRA MANSA;RJ;Indiferente     ;Rodoviario  ;96.000;4;0.000;0.000;BARRA MANSA_RJ_EATON LTDA_13270000;10,;240,;CAMILO DOS SANTOS;REVERSA;FALLBACK_CIDADE_X2;Planilha2!E/F - linha 7475;CONFLITO/REVISAR
50;EATON LTDA;2;EATON - TRANSPORTE LTL;102020711;AEREO - LTL;  ;13270000;VALINHOS;SP;27500000;RESENDE;RJ;Indiferente     ;Rodoviario  ;96.000;4;0.000;0.000;RESENDE_RJ_EATON LTDA_13270000;10,;240,;CAMILO DOS SANTOS;REVERSA;FALLBACK_CIDADE_X2;Planilha2!E/F - linha 7535;CONFLITO/REVISAR
50;EATON LTDA;2;EATON - TRANSPORTE LTL;102020711;AEREO - LTL;  ;13270000;VALINHOS;SP;27570000;PORTO REAL;RJ;Indiferente     ;Rodoviario  ;96.000;4;0.000;0.000;PORTO REAL_RJ_EATON LTDA_13270000;;0,;TSP Sem Cadastro;;;;SEM_CADASTRO - TT E TSP
50;EATON LTDA;2;EATON - TRANSPORTE LTL;102020711;AEREO - LTL;  ;13270000;VALINHOS;SP;28000000;CAMPOS DOS GOYTACAZES;RJ;Indiferente     ;Rodoviario  ;96.000;4;0.000;0.000;CAMPOS DOS GOYTACAZES_RJ_EATON LTDA_13270000;10,;240,;CAMILO DOS SANTOS;REVERSA;FALLBACK_CIDADE_X2;Planilha2!E/F - linha 7477;CONFLITO/REVISAR
50;EATON LTDA;2;EATON - TRANSPORTE LTL;102020711;AEREO - LTL;  ;13270000;VALINHOS;SP;28600000;NOVA FRIBURGO;RJ;Indiferente     ;Rodoviario  ;96.000;4;0.000;0.000;NOVA FRIBURGO_RJ_EATON LTDA_13270000;8,;192,;CAMILO DOS SANTOS;REVERSA;FALLBACK_CIDADE_X2;Planilha2!E/F - linha 7519;OK - REVERSA IDENTIFICADA POR FALLBACK X2
50;EATON LTDA;2;EATON - TRANSPORTE LTL;102020711;AEREO - LTL;  ;13270000;VALINHOS;SP;28800000;RIO BONITO;RJ;Indiferente     ;Rodoviario  ;96.000;4;0.000;0.000;RIO BONITO_RJ_EATON LTDA_13270000;10,;240,;CAMILO DOS SANTOS;REVERSA;FALLBACK_CIDADE_X2;Planilha2!E/F - linha 7527;OK - REVERSA IDENTIFICADA POR FALLBACK X2
50;EATON LTDA;2;EATON - TRANSPORTE LTL;102020711;AEREO - LTL;  ;13270000;VALINHOS;SP;29135000;VIANA;ES;Indiferente     ;Rodoviario  ;72.000;3;0.000;0.000;VIANA_ES_EATON LTDA_13270000;;0,;TSP Sem Cadastro;;;;SEM_CADASTRO - TT E TSP
50;EATON LTDA;2;EATON - TRANSPORTE LTL;102020711;AEREO - LTL;  ;13270000;VALINHOS;SP;29160000;SERRA;ES;Indiferente     ;Rodoviario  ;48.000;2;0.000;0.000;SERRA_ES_EATON LTDA_13270000;8,;192,;CAMILO DOS SANTOS;REVERSA;FALLBACK_CIDADE_X2;Planilha2!E/F - linha 7463;CONFLITO/REVISAR
50;EATON LTDA;2;EATON - TRANSPORTE LTL;102020711;AEREO - LTL;  ;13270000;VALINHOS;SP;29185000;FUNDAO;ES;Indiferente     ;Rodoviario  ;72.000;3;0.000;0.000;FUNDAO_ES_EATON LTDA_13270000;;0,;TSP Sem Cadastro;;;;SEM_CADASTRO - TT E TSP
50;EATON LTDA;2;EATON - TRANSPORTE LTL;102020711;AEREO - LTL;  ;13270000;VALINHOS;SP;29300000;CACHOEIRO DE ITAPEMIRIM;ES;Indiferente     ;Rodoviario  ;72.000;3;0.000;0.000;CACHOEIRO DE ITAPEMIRIM_ES_EATON LTDA_13270000;8,;192,;CAMILO DOS SANTOS;REVERSA;FALLBACK_CIDADE_X2;Planilha2!E/F - linha 7494;CONFLITO/REVISAR
50;EATON LTDA;2;EATON - TRANSPORTE LTL;102020711;AEREO - LTL;  ;13270000;VALINHOS;SP;29395000;IBATIBA;ES;Indiferente     ;Rodoviario  ;72.000;3;0.000;0.000;IBATIBA_ES_EATON LTDA_13270000;;0,;TSP Sem Cadastro;;;;SEM_CADASTRO - TT E TSP
50;EATON LTDA;2;EATON - TRANSPORTE LTL;102020711;AEREO - LTL;  ;13270000;VALINHOS;SP;29645000;SANTA MARIA DE JETIBA;ES;Indiferente     ;Rodoviario  ;72.000;3;0.000;0.000;SANTA MARIA DE JETIBA_ES_EATON LTDA_13270000;;0,;TSP Sem Cadastro;;;;SEM_CADASTRO - TT E TSP
50;EATON LTDA;2;EATON - TRANSPORTE LTL;102020711;AEREO - LTL;  ;13270000;VALINHOS;SP;29700000;COLATINA;ES;Indiferente     ;Rodoviario  ;72.000;3;0.000;0.000;COLATINA_ES_EATON LTDA_13270000;6,;144,;CAMILO DOS SANTOS;REVERSA;FALLBACK_CIDADE_X2;Planilha2!E/F - linha 7498;CONFLITO/REVISAR
50;EATON LTDA;2;EATON - TRANSPORTE LTL;102020711;AEREO - LTL;  ;13270000;VALINHOS;SP;29900000;LINHARES;ES;Indiferente     ;Rodoviario  ;72.000;3;0.000;0.000;LINHARES_ES_EATON LTDA_13270000;8,;192,;CAMILO DOS SANTOS;REVERSA;FALLBACK_CIDADE_X2;Planilha2!E/F - linha 7493;CONFLITO/REVISAR
50;EATON LTDA;2;EATON - TRANSPORTE LTL;102020711;AEREO - LTL;  ;13270000;VALINHOS;SP;30000000;BELO HORIZONTE;MG;Indiferente     ;Rodoviario  ;48.000;2;0.000;0.000;BELO HORIZONTE_MG_EATON LTDA_13270000;6,;144,;CAMILO DOS SANTOS;REVERSA;FALLBACK_CIDADE_X2;Planilha2!E/F - linha 7464;CONFLITO/REVISAR
50;EATON LTDA;2;EATON - TRANSPORTE LTL;102020711;AEREO - LTL;  ;13270000;VALINHOS;SP;32500000;BETIM;MG;Indiferente     ;Rodoviario  ;48.000;2;0.000;0.000;BETIM_MG_EATON LTDA_13270000;6,;144,;CAMILO DOS SANTOS;REVERSA;FALLBACK_CIDADE_X2;Planilha2!E/F - linha 7465;OK - REVERSA IDENTIFICADA POR FALLBACK X2
50;EATON LTDA;2;EATON - TRANSPORTE LTL;102020711;AEREO - LTL;  ;13270000;VALINHOS;SP;33800000;RIBEIRAO DAS NEVES;MG;Indiferente     ;Rodoviario  ;96.000;4;0.000;0.000;RIBEIRAO DAS NEVES_MG_EATON LTDA_13270000;;0,;TSP Sem Cadastro;;;;SEM_CADASTRO - TT E TSP
50;EATON LTDA;2;EATON - TRANSPORTE LTL;102020711;AEREO - LTL;  ;13270000;VALINHOS;SP;35000000;GOVERNADOR VALADARES;MG;Indiferente     ;Rodoviario  ;96.000;4;0.000;0.000;GOVERNADOR VALADARES_MG_EATON LTDA_13270000;14,;336,;CAMILO DOS SANTOS;REVERSA;FALLBACK_CIDADE_X2;Planilha2!E/F - linha 7545;OK - REVERSA IDENTIFICADA POR FALLBACK X2
50;EATON LTDA;2;EATON - TRANSPORTE LTL;102020711;AEREO - LTL;  ;13270000;VALINHOS;SP;35160000;IPATINGA;MG;Indiferente     ;Rodoviario  ;96.000;4;0.000;0.000;IPATINGA_MG_EATON LTDA_13270000;14,;336,;CAMILO DOS SANTOS;REVERSA;FALLBACK_CIDADE_X2;Planilha2!E/F - linha 7546;OK - REVERSA IDENTIFICADA POR FALLBACK X2
50;EATON LTDA;2;EATON - TRANSPORTE LTL;102020711;AEREO - LTL;  ;13270000;VALINHOS;SP;35170000;CORONEL FABRICIANO;MG;Indiferente     ;Rodoviario  ;96.000;4;0.000;0.000;CORONEL FABRICIANO_MG_EATON LTDA_13270000;;0,;TSP Sem Cadastro;;;;SEM_CADASTRO - TT E TSP
50;EATON LTDA;2;EATON - TRANSPORTE LTL;102020711;AEREO - LTL;  ;13270000;VALINHOS;SP;35300000;CARATINGA;MG;Indiferente     ;Rodoviario  ;96.000;4;0.000;0.000;CARATINGA_MG_EATON LTDA_13270000;;0,;TSP Sem Cadastro;;;;SEM_CADASTRO - TT E TSP
50;EATON LTDA;2;EATON - TRANSPORTE LTL;102020711;AEREO - LTL;  ;13270000;VALINHOS;SP;35500000;DIVINOPOLIS;MG;Indiferente     ;Rodoviario  ;96.000;4;0.000;0.000;DIVINOPOLIS_MG_EATON LTDA_13270000;;0,;CAMILO DOS SANTOS;;;;SEM_CADASTRO
50;EATON LTDA;2;EATON - TRANSPORTE LTL;102020711;AEREO - LTL;  ;13270000;VALINHOS;SP;35514000;ITAGUARA;MG;Indiferente     ;Rodoviario  ;96.000;4;0.000;0.000;ITAGUARA_MG_EATON LTDA_13270000;;0,;TSP Sem Cadastro;;;;SEM_CADASTRO - TT E TSP
50;EATON LTDA;2;EATON - TRANSPORTE LTL;102020711;AEREO - LTL;  ;13270000;VALINHOS;SP;35519000;NOVA SERRANA;MG;Indiferente     ;Rodoviario  ;96.000;4;0.000;0.000;NOVA SERRANA_MG_EATON LTDA_13270000;14,;336,;CAMILO DOS SANTOS;REVERSA;FALLBACK_CIDADE_X2;Planilha2!E/F - linha 7548;OK - REVERSA IDENTIFICADA POR FALLBACK X2
50;EATON LTDA;2;EATON - TRANSPORTE LTL;102020711;AEREO - LTL;  ;13270000;VALINHOS;SP;35588000;ARCOS;MG;Indiferente     ;Rodoviario  ;96.000;4;0.000;0.000;ARCOS_MG_EATON LTDA_13270000;;0,;TSP Sem Cadastro;;;;SEM_CADASTRO - TT E TSP
50;EATON LTDA;2;EATON - TRANSPORTE LTL;102020711;AEREO - LTL;  ;13270000;VALINHOS;SP;35660000;PARA DE MINAS;MG;Indiferente     ;Rodoviario  ;96.000;4;0.000;0.000;PARA DE MINAS_MG_EATON LTDA_13270000;;0,;TSP Sem Cadastro;;;;SEM_CADASTRO - TT E TSP
50;EATON LTDA;2;EATON - TRANSPORTE LTL;102020711;AEREO - LTL;  ;13270000;VALINHOS;SP;35700000;SETE LAGOAS;MG;Indiferente     ;Rodoviario  ;96.000;4;0.000;0.000;SETE LAGOAS_MG_EATON LTDA_13270000;10,;240,;CAMILO DOS SANTOS;REVERSA;FALLBACK_CIDADE_X2;Planilha2!E/F - linha 7472;OK - REVERSA IDENTIFICADA POR FALLBACK X2
50;EATON LTDA;2;EATON - TRANSPORTE LTL;102020711;AEREO - LTL;  ;13270000;VALINHOS;SP;35774000;PARAOPEBA;MG;Indiferente     ;Rodoviario  ;96.000;4;0.000;0.000;PARAOPEBA_MG_EATON LTDA_13270000;;0,;TSP Sem Cadastro;;;;SEM_CADASTRO - TT E TSP
50;EATON LTDA;2;EATON - TRANSPORTE LTL;102020711;AEREO - LTL;  ;13270000;VALINHOS;SP;35789000;CURVELO;MG;Indiferente     ;Rodoviario  ;96.000;4;0.000;0.000;CURVELO_MG_EATON LTDA_13270000;;0,;TSP Sem Cadastro;;;;SEM_CADASTRO - TT E TSP
50;EATON LTDA;2;EATON - TRANSPORTE LTL;102020711;AEREO - LTL;  ;13270000;VALINHOS;SP;35790000;CURVELO;MG;Indiferente     ;Rodoviario  ;96.000;4;0.000;0.000;CURVELO_MG_EATON LTDA_13270000;;0,;TSP Sem Cadastro;;;;SEM_CADASTRO - TT E TSP
50;EATON LTDA;2;EATON - TRANSPORTE LTL;102020711;AEREO - LTL;  ;13270000;VALINHOS;SP;36000000;JUIZ DE FORA;MG;Indiferente     ;Aereo       ;96.000;4;0.000;0.000;JUIZ DE FORA_MG_EATON LTDA_13270000;10,;240,;CAMILO DOS SANTOS;REVERSA;FALLBACK_CIDADE_X2;Planilha2!E/F - linha 7468;OK - REVERSA IDENTIFICADA POR FALLBACK X2
50;EATON LTDA;2;EATON - TRANSPORTE LTL;102020711;AEREO - LTL;  ;13270000;VALINHOS;SP;36000000;JUIZ DE FORA;MG;Indiferente     ;Rodoviario  ;96.000;4;0.000;0.000;JUIZ DE FORA_MG_EATON LTDA_13270000;10,;240,;CAMILO DOS SANTOS;REVERSA;FALLBACK_CIDADE_X2;Planilha2!E/F - linha 7468;OK - REVERSA IDENTIFICADA POR FALLBACK X2
50;EATON LTDA;2;EATON - TRANSPORTE LTL;102020711;AEREO - LTL;  ;13270000;VALINHOS;SP;36200000;BARBACENA;MG;Indiferente     ;Rodoviario  ;96.000;4;0.000;0.000;BARBACENA_MG_EATON LTDA_13270000;;0,;TSP Sem Cadastro;;;;SEM_CADASTRO - TT E TSP
50;EATON LTDA;2;EATON - TRANSPORTE LTL;102020711;AEREO - LTL;  ;13270000;VALINHOS;SP;36400000;CONSELHEIRO LAFAIETE;MG;Indiferente     ;Rodoviario  ;96.000;4;0.000;0.000;CONSELHEIRO LAFAIETE_MG_EATON LTDA_13270000;;0,;TSP Sem Cadastro;;;;SEM_CADASTRO - TT E TSP
50;EATON LTDA;2;EATON - TRANSPORTE LTL;102020711;AEREO - LTL;  ;13270000;VALINHOS;SP;36420000;OURO BRANCO;MG;Indiferente     ;Rodoviario  ;96.000;4;0.000;0.000;OURO BRANCO_MG_EATON LTDA_13270000;;0,;TSP Sem Cadastro;;;;SEM_CADASTRO - TT E TSP
50;EATON LTDA;2;EATON - TRANSPORTE LTL;102020711;AEREO - LTL;  ;13270000;VALINHOS;SP;36500000;UBA;MG;Indiferente     ;Rodoviario  ;96.000;4;0.000;0.000;UBA_MG_EATON LTDA_13270000;;0,;TSP Sem Cadastro;;;;SEM_CADASTRO - TT E TSP
50;EATON LTDA;2;EATON - TRANSPORTE LTL;102020711;AEREO - LTL;  ;13270000;VALINHOS;SP;36880000;MURIAE;MG;Indiferente     ;Rodoviario  ;96.000;4;0.000;0.000;MURIAE_MG_EATON LTDA_13270000;;0,;TSP Sem Cadastro;;;;SEM_CADASTRO - TT E TSP
50;EATON LTDA;2;EATON - TRANSPORTE LTL;102020711;AEREO - LTL;  ;13270000;VALINHOS;SP;36900000;MANHUACU;MG;Indiferente     ;Rodoviario  ;96.000;4;0.000;0.000;MANHUACU_MG_EATON LTDA_13270000;;0,;TSP Sem Cadastro;;;;SEM_CADASTRO - TT E TSP
50;EATON LTDA;2;EATON - TRANSPORTE LTL;102020711;AEREO - LTL;  ;13270000;VALINHOS;SP;37000000;VARGINHA;MG;Indiferente     ;Rodoviario  ;96.000;4;0.000;0.000;VARGINHA_MG_EATON LTDA_13270000;;0,;TSP Sem Cadastro;;;;SEM_CADASTRO - TT E TSP
50;EATON LTDA;2;EATON - TRANSPORTE LTL;102020711;AEREO - LTL;  ;13270000;VALINHOS;SP;37500000;ITAJUBA;MG;Indiferente     ;Rodoviario  ;96.000;4;0.000;0.000;ITAJUBA_MG_EATON LTDA_13270000;;0,;TSP Sem Cadastro;;;;SEM_CADASTRO - TT E TSP
50;EATON LTDA;2;EATON - TRANSPORTE LTL;102020711;AEREO - LTL;  ;13270000;VALINHOS;SP;37514000;DELFIM MOREIRA;MG;Indiferente     ;Rodoviario  ;96.000;4;0.000;0.000;DELFIM MOREIRA_MG_EATON LTDA_13270000;;0,;TSP Sem Cadastro;;;;SEM_CADASTRO - TT E TSP
50;EATON LTDA;2;EATON - TRANSPORTE LTL;102020711;AEREO - LTL;  ;13270000;VALINHOS;SP;37540000;SANTA RITA DO SAPUCAI;MG;Indiferente     ;Rodoviario  ;96.000;4;0.000;0.000;SANTA RITA DO SAPUCAI_MG_EATON LTDA_13270000;;0,;TSP Sem Cadastro;;;;SEM_CADASTRO - TT E TSP
50;EATON LTDA;2;EATON - TRANSPORTE LTL;102020711;AEREO - LTL;  ;13270000;VALINHOS;SP;37550000;POUSO ALEGRE;MG;Indiferente     ;Rodoviario  ;96.000;4;0.000;0.000;POUSO ALEGRE_MG_EATON LTDA_13270000;14,;336,;CAMILO DOS SANTOS;REVERSA;FALLBACK_CIDADE_X2;Planilha2!E/F - linha 7551;OK - REVERSA IDENTIFICADA POR FALLBACK X2
50;EATON LTDA;2;EATON - TRANSPORTE LTL;102020711;AEREO - LTL;  ;13270000;VALINHOS;SP;37650000;CAMANDUCAIA;MG;Indiferente     ;Rodoviario  ;96.000;4;0.000;0.000;CAMANDUCAIA_MG_EATON LTDA_13270000;;0,;TSP Sem Cadastro;;;;SEM_CADASTRO - TT E TSP
50;EATON LTDA;2;EATON - TRANSPORTE LTL;102020711;AEREO - LTL;  ;13270000;VALINHOS;SP;37655000;ITAPEVA;MG;Indiferente     ;Rodoviario  ;96.000;4;0.000;0.000;ITAPEVA_MG_EATON LTDA_13270000;6,;144,;ALFA;REVERSA;FALLBACK_CIDADE_X2;Planilha2!E/F - linha 218;CONFLITO/REVISAR
50;EATON LTDA;2;EATON - TRANSPORTE LTL;102020711;AEREO - LTL;  ;13270000;VALINHOS;SP;38000000;UBERABA;MG;Indiferente     ;Rodoviario  ;96.000;4;0.000;0.000;UBERABA_MG_EATON LTDA_13270000;14,;336,;CAMILO DOS SANTOS;REVERSA;FALLBACK_CIDADE_X2;Planilha2!E/F - linha 7552;OK - REVERSA IDENTIFICADA POR FALLBACK X2
50;EATON LTDA;2;EATON - TRANSPORTE LTL;102020711;AEREO - LTL;  ;13270000;VALINHOS;SP;38400000;UBERLANDIA;MG;Indiferente     ;Rodoviario  ;96.000;4;0.000;0.000;UBERLANDIA_MG_EATON LTDA_13270000;12,;288,;CAMILO DOS SANTOS;REVERSA;FALLBACK_CIDADE_X2;Planilha2!E/F - linha 7473;CONFLITO/REVISAR
50;EATON LTDA;2;EATON - TRANSPORTE LTL;102020711;AEREO - LTL;  ;13270000;VALINHOS;SP;38700000;PATOS DE MINAS;MG;Indiferente     ;Rodoviario  ;96.000;4;0.000;0.000;PATOS DE MINAS_MG_EATON LTDA_13270000;;0,;TSP Sem Cadastro;;;;SEM_CADASTRO - TT E TSP
50;EATON LTDA;2;EATON - TRANSPORTE LTL;102020711;AEREO - LTL;  ;13270000;VALINHOS;SP;38740000;PATROCINIO;MG;Indiferente     ;Rodoviario  ;96.000;4;0.000;0.000;PATROCINIO_MG_EATON LTDA_13270000;;0,;TSP Sem Cadastro;;;;SEM_CADASTRO - TT E TSP
50;EATON LTDA;2;EATON - TRANSPORTE LTL;102020711;AEREO - LTL;  ;13270000;VALINHOS;SP;39400000;MONTES CLAROS;MG;Indiferente     ;Rodoviario  ;96.000;4;0.000;0.000;MONTES CLAROS_MG_EATON LTDA_13270000;;0,;TSP Sem Cadastro;;;;SEM_CADASTRO - TT E TSP
50;EATON LTDA;2;EATON - TRANSPORTE LTL;102020711;AEREO - LTL;  ;13270000;VALINHOS;SP;39440000;JANAUBA;MG;Indiferente     ;Rodoviario  ;96.000;4;0.000;0.000;JANAUBA_MG_EATON LTDA_13270000;;0,;TSP Sem Cadastro;;;;SEM_CADASTRO - TT E TSP
50;EATON LTDA;2;EATON - TRANSPORTE LTL;102020711;AEREO - LTL;  ;13270000;VALINHOS;SP;40000000;SALVADOR;BA;Indiferente     ;Rodoviario  ;48.000;2;0.000;0.000;SALVADOR_BA_EATON LTDA_13270000;16,;384,;TECMAR;REVERSA;FALLBACK_CIDADE_X2;Planilha2!E/F - linha 6169;CONFLITO/REVISAR
50;EATON LTDA;2;EATON - TRANSPORTE LTL;102020711;AEREO - LTL;  ;13270000;VALINHOS;SP;42700000;LAURO DE FREITAS;BA;Indiferente     ;Rodoviario  ;144.000;6;0.000;0.000;LAURO DE FREITAS_BA_EATON LTDA_13270000;16,;384,;TECMAR;REVERSA;FALLBACK_CIDADE_X2;Planilha2!E/F - linha 6167;CONFLITO/REVISAR
50;EATON LTDA;2;EATON - TRANSPORTE LTL;102020711;AEREO - LTL;  ;13270000;VALINHOS;SP;42800000;CAMACARI;BA;Indiferente     ;Rodoviario  ;144.000;6;0.000;0.000;CAMACARI_BA_EATON LTDA_13270000;10,;240,;TERMACO;REVERSA;FALLBACK_CIDADE_X2;Planilha2!E/F - linha 7317;OK - REVERSA IDENTIFICADA POR FALLBACK X2
50;EATON LTDA;2;EATON - TRANSPORTE LTL;102020711;AEREO - LTL;  ;13270000;VALINHOS;SP;44000000;FEIRA DE SANTANA;BA;Indiferente     ;Rodoviario  ;144.000;6;0.000;0.000;FEIRA DE SANTANA_BA_EATON LTDA_13270000;20,;480,;TECMAR;REVERSA;FALLBACK_CIDADE_X2;Planilha2!E/F - linha 6166;CONFLITO/REVISAR
50;EATON LTDA;2;EATON - TRANSPORTE LTL;102020711;AEREO - LTL;  ;13270000;VALINHOS;SP;44245000;CONCEICAO DO JACUIPE;BA;Indiferente     ;Rodoviario  ;144.000;6;0.000;0.000;CONCEICAO DO JACUIPE_BA_EATON LTDA_13270000;;0,;TSP Sem Cadastro;;;;SEM_CADASTRO - TT E TSP
50;EATON LTDA;2;EATON - TRANSPORTE LTL;102020711;AEREO - LTL;  ;13270000;VALINHOS;SP;44420000;MARAGOGIPE;BA;Indiferente     ;Rodoviario  ;144.000;6;0.000;0.000;MARAGOGIPE_BA_EATON LTDA_13270000;;0,;TSP Sem Cadastro;;;;SEM_CADASTRO - TT E TSP
50;EATON LTDA;2;EATON - TRANSPORTE LTL;102020711;AEREO - LTL;  ;13270000;VALINHOS;SP;44700000;JACOBINA;BA;Indiferente     ;Rodoviario  ;144.000;6;0.000;0.000;JACOBINA_BA_EATON LTDA_13270000;;0,;TSP Sem Cadastro;;;;SEM_CADASTRO - TT E TSP
50;EATON LTDA;2;EATON - TRANSPORTE LTL;102020711;AEREO - LTL;  ;13270000;VALINHOS;SP;45000000;VITORIA DA CONQUISTA;BA;Indiferente     ;Rodoviario  ;144.000;6;0.000;0.000;VITORIA DA CONQUISTA_BA_EATON LTDA_13270000;18,;432,;TERMACO;REVERSA;FALLBACK_CIDADE_X2;Planilha2!E/F - linha 7286;OK - REVERSA IDENTIFICADA POR FALLBACK X2
50;EATON LTDA;2;EATON - TRANSPORTE LTL;102020711;AEREO - LTL;  ;13270000;VALINHOS;SP;45600000;ITABUNA;BA;Indiferente     ;Rodoviario  ;144.000;6;0.000;0.000;ITABUNA_BA_EATON LTDA_13270000;18,;432,;TERMACO;REVERSA;FALLBACK_CIDADE_X2;Planilha2!E/F - linha 7290;OK - REVERSA IDENTIFICADA POR FALLBACK X2
50;EATON LTDA;2;EATON - TRANSPORTE LTL;102020711;AEREO - LTL;  ;13270000;VALINHOS;SP;45820000;EUNAPOLIS;BA;Indiferente     ;Rodoviario  ;144.000;6;0.000;0.000;EUNAPOLIS_BA_EATON LTDA_13270000;;0,;TSP Sem Cadastro;;;;SEM_CADASTRO - TT E TSP
50;EATON LTDA;2;EATON - TRANSPORTE LTL;102020711;AEREO - LTL;  ;13270000;VALINHOS;SP;45995000;TEIXEIRA DE FREITAS;BA;Indiferente     ;Rodoviario  ;144.000;6;0.000;0.000;TEIXEIRA DE FREITAS_BA_EATON LTDA_13270000;18,;432,;TERMACO;REVERSA;FALLBACK_CIDADE_X2;Planilha2!E/F - linha 7294;OK - REVERSA IDENTIFICADA POR FALLBACK X2
50;EATON LTDA;2;EATON - TRANSPORTE LTL;102020711;AEREO - LTL;  ;13270000;VALINHOS;SP;46430000;GUANAMBI;BA;Indiferente     ;Rodoviario  ;144.000;6;0.000;0.000;GUANAMBI_BA_EATON LTDA_13270000;;0,;TSP Sem Cadastro;;;;SEM_CADASTRO - TT E TSP
50;EATON LTDA;2;EATON - TRANSPORTE LTL;102020711;AEREO - LTL;  ;13270000;VALINHOS;SP;46900000;SEABRA;BA;Indiferente     ;Rodoviario  ;144.000;6;0.000;0.000;SEABRA_BA_EATON LTDA_13270000;;0,;TSP Sem Cadastro;;;;SEM_CADASTRO - TT E TSP
50;EATON LTDA;2;EATON - TRANSPORTE LTL;102020711;AEREO - LTL;  ;13270000;VALINHOS;SP;47350000;SENTO SE;BA;Indiferente     ;Rodoviario  ;144.000;6;0.000;0.000;SENTO SE_BA_EATON LTDA_13270000;;0,;TSP Sem Cadastro;;;;SEM_CADASTRO - TT E TSP
50;EATON LTDA;2;EATON - TRANSPORTE LTL;102020711;AEREO - LTL;  ;13270000;VALINHOS;SP;47600000;BOM JESUS DA LAPA;BA;Indiferente     ;Rodoviario  ;144.000;6;0.000;0.000;BOM JESUS DA LAPA_BA_EATON LTDA_13270000;;0,;TSP Sem Cadastro;;;;SEM_CADASTRO - TT E TSP
50;EATON LTDA;2;EATON - TRANSPORTE LTL;102020711;AEREO - LTL;  ;13270000;VALINHOS;SP;47800000;BARREIRAS;BA;Indiferente     ;Rodoviario  ;144.000;6;0.000;0.000;BARREIRAS_BA_EATON LTDA_13270000;18,;432,;TERMACO;REVERSA;FALLBACK_CIDADE_X2;Planilha2!E/F - linha 7293;OK - REVERSA IDENTIFICADA POR FALLBACK X2
50;EATON LTDA;2;EATON - TRANSPORTE LTL;102020711;AEREO - LTL;  ;13270000;VALINHOS;SP;47850000;LUIS EDUARDO MAGALHAES;BA;Indiferente     ;Rodoviario  ;144.000;6;0.000;0.000;LUIS EDUARDO MAGALHAES_BA_EATON LTDA_13270000;;0,;TERMACO;;;;SEM_CADASTRO
50;EATON LTDA;2;EATON - TRANSPORTE LTL;102020711;AEREO - LTL;  ;13270000;VALINHOS;SP;48400000;RIBEIRA DO POMBAL;BA;Indiferente     ;Rodoviario  ;144.000;6;0.000;0.000;RIBEIRA DO POMBAL_BA_EATON LTDA_13270000;;0,;TSP Sem Cadastro;;;;SEM_CADASTRO - TT E TSP
50;EATON LTDA;2;EATON - TRANSPORTE LTL;102020711;AEREO - LTL;  ;13270000;VALINHOS;SP;49000000;ARACAJU;SE;Indiferente     ;Rodoviario  ;72.000;3;0.000;0.000;ARACAJU_SE_EATON LTDA_13270000;18,;432,;TECMAR;REVERSA;FALLBACK_CIDADE_X2;Planilha2!E/F - linha 6181;CONFLITO/REVISAR
50;EATON LTDA;2;EATON - TRANSPORTE LTL;102020711;AEREO - LTL;  ;13270000;VALINHOS;SP;49160000;NOSSA SENHORA DO SOCORRO;SE;Indiferente     ;Rodoviario  ;144.000;6;0.000;0.000;NOSSA SENHORA DO SOCORRO_SE_EATON LTDA_13270000;12,;288,;TERMACO;REVERSA;FALLBACK_CIDADE_X2;Planilha2!E/F - linha 7334;OK - REVERSA IDENTIFICADA POR FALLBACK X2
50;EATON LTDA;2;EATON - TRANSPORTE LTL;102020711;AEREO - LTL;  ;13270000;VALINHOS;SP;49200000;ESTANCIA;SE;Indiferente     ;Rodoviario  ;144.000;6;0.000;0.000;ESTANCIA_SE_EATON LTDA_13270000;;0,;TSP Sem Cadastro;;;;SEM_CADASTRO - TT E TSP
50;EATON LTDA;2;EATON - TRANSPORTE LTL;102020711;AEREO - LTL;  ;13270000;VALINHOS;SP;49500000;ITABAIANA;SE;Indiferente     ;Rodoviario  ;144.000;6;0.000;0.000;ITABAIANA_SE_EATON LTDA_13270000;;0,;TSP Sem Cadastro;;;;SEM_CADASTRO - TT E TSP
50;EATON LTDA;2;EATON - TRANSPORTE LTL;102020711;AEREO - LTL;  ;13270000;VALINHOS;SP;50000000;RECIFE;PE;Indiferente     ;Rodoviario  ;48.000;2;0.000;0.000;RECIFE_PE_EATON LTDA_13270000;16,;384,;TECMAR;REVERSA;FALLBACK_CIDADE_X2;Planilha2!E/F - linha 6178;CONFLITO/REVISAR
50;EATON LTDA;2;EATON - TRANSPORTE LTL;102020711;AEREO - LTL;  ;13270000;VALINHOS;SP;53000000;OLINDA;PE;Indiferente     ;Rodoviario  ;144.000;6;0.000;0.000;OLINDA_PE_EATON LTDA_13270000;20,;480,;TECMAR;REVERSA;FALLBACK_CIDADE_X2;Planilha2!E/F - linha 6176;CONFLITO/REVISAR
50;EATON LTDA;2;EATON - TRANSPORTE LTL;102020711;AEREO - LTL;  ;13270000;VALINHOS;SP;54000000;JABOATAO DOS GUARARAPES;PE;Indiferente     ;Rodoviario  ;144.000;6;0.000;0.000;JABOATAO DOS GUARARAPES_PE_EATON LTDA_13270000;16,;384,;TECMAR;REVERSA;FALLBACK_CIDADE_X2;Planilha2!E/F - linha 6175;CONFLITO/REVISAR
50;EATON LTDA;2;EATON - TRANSPORTE LTL;102020711;AEREO - LTL;  ;13270000;VALINHOS;SP;55000000;CARUARU;PE;Indiferente     ;Rodoviario  ;144.000;6;0.000;0.000;CARUARU_PE_EATON LTDA_13270000;20,;480,;TECMAR;REVERSA;FALLBACK_CIDADE_X2;Planilha2!E/F - linha 6174;CONFLITO/REVISAR
50;EATON LTDA;2;EATON - TRANSPORTE LTL;102020711;AEREO - LTL;  ;13270000;VALINHOS;SP;55130000;SAO CAITANO;PE;Indiferente     ;Rodoviario  ;144.000;6;0.000;0.000;SAO CAITANO_PE_EATON LTDA_13270000;;0,;TSP Sem Cadastro;;;;SEM_CADASTRO - TT E TSP
50;EATON LTDA;2;EATON - TRANSPORTE LTL;102020711;AEREO - LTL;  ;13270000;VALINHOS;SP;55290000;GARANHUNS;PE;Indiferente     ;Rodoviario  ;144.000;6;0.000;0.000;GARANHUNS_PE_EATON LTDA_13270000;20,;480,;TERMACO;REVERSA;FALLBACK_CIDADE_X2;Planilha2!E/F - linha 7307;OK - REVERSA IDENTIFICADA POR FALLBACK X2
50;EATON LTDA;2;EATON - TRANSPORTE LTL;102020711;AEREO - LTL;  ;13270000;VALINHOS;SP;55900000;GOIANA;PE;Indiferente     ;Rodoviario  ;144.000;6;0.000;0.000;GOIANA_PE_EATON LTDA_13270000;;0,;TSP Sem Cadastro;;;;SEM_CADASTRO - TT E TSP
50;EATON LTDA;2;EATON - TRANSPORTE LTL;102020711;AEREO - LTL;  ;13270000;VALINHOS;SP;56300000;PETROLINA;PE;Indiferente     ;Rodoviario  ;144.000;6;0.000;0.000;PETROLINA_PE_EATON LTDA_13270000;20,;480,;TECMAR;REVERSA;FALLBACK_CIDADE_X2;Planilha2!E/F - linha 6177;CONFLITO/REVISAR
50;EATON LTDA;2;EATON - TRANSPORTE LTL;102020711;AEREO - LTL;  ;13270000;VALINHOS;SP;56900000;SERRA TALHADA;PE;Indiferente     ;Rodoviario  ;144.000;6;0.000;0.000;SERRA TALHADA_PE_EATON LTDA_13270000;;0,;TSP Sem Cadastro;;;;SEM_CADASTRO - TT E TSP
50;EATON LTDA;2;EATON - TRANSPORTE LTL;102020711;AEREO - LTL;  ;13270000;VALINHOS;SP;57000000;MACEIO;AL;Indiferente     ;Rodoviario  ;72.000;3;0.000;0.000;MACEIO_AL_EATON LTDA_13270000;16,;384,;TECMAR;REVERSA;FALLBACK_CIDADE_X2;Planilha2!E/F - linha 7287;CONFLITO/REVISAR
50;EATON LTDA;2;EATON - TRANSPORTE LTL;102020711;AEREO - LTL;  ;13270000;VALINHOS;SP;57100000;RIO LARGO;AL;Indiferente     ;Rodoviario  ;120.000;5;0.000;0.000;RIO LARGO_AL_EATON LTDA_13270000;;0,;TSP Sem Cadastro;;;;SEM_CADASTRO - TT E TSP
50;EATON LTDA;2;EATON - TRANSPORTE LTL;102020711;AEREO - LTL;  ;13270000;VALINHOS;SP;57150000;PILAR;AL;Indiferente     ;Rodoviario  ;120.000;5;0.000;0.000;PILAR_AL_EATON LTDA_13270000;;0,;TSP Sem Cadastro;;;;SEM_CADASTRO - TT E TSP
50;EATON LTDA;2;EATON - TRANSPORTE LTL;102020711;AEREO - LTL;  ;13270000;VALINHOS;SP;57300000;ARAPIRACA;AL;Indiferente     ;Rodoviario  ;120.000;5;0.000;0.000;ARAPIRACA_AL_EATON LTDA_13270000;20,;480,;TERMACO;REVERSA;FALLBACK_CIDADE_X2;Planilha2!E/F - linha 7288;OK - REVERSA IDENTIFICADA POR FALLBACK X2
50;EATON LTDA;2;EATON - TRANSPORTE LTL;102020711;AEREO - LTL;  ;13270000;VALINHOS;SP;58000000;JOAO PESSOA;PB;Indiferente     ;Rodoviario  ;72.000;3;0.000;0.000;JOAO PESSOA_PB_EATON LTDA_13270000;18,;432,;TECMAR;REVERSA;FALLBACK_CIDADE_X2;Planilha2!E/F - linha 7303;CONFLITO/REVISAR
50;EATON LTDA;2;EATON - TRANSPORTE LTL;102020711;AEREO - LTL;  ;13270000;VALINHOS;SP;58100000;CAMPINA GRANDE;PB;Indiferente     ;Rodoviario  ;120.000;5;0.000;0.000;CAMPINA GRANDE_PB_EATON LTDA_13270000;20,;480,;TERMACO;REVERSA;FALLBACK_CIDADE_X2;Planilha2!E/F - linha 7301;OK - REVERSA IDENTIFICADA POR FALLBACK X2
50;EATON LTDA;2;EATON - TRANSPORTE LTL;102020711;AEREO - LTL;  ;13270000;VALINHOS;SP;58305000;BAYEUX;PB;Indiferente     ;Rodoviario  ;120.000;5;0.000;0.000;BAYEUX_PB_EATON LTDA_13270000;;0,;TSP Sem Cadastro;;;;SEM_CADASTRO - TT E TSP
50;EATON LTDA;2;EATON - TRANSPORTE LTL;102020711;AEREO - LTL;  ;13270000;VALINHOS;SP;58310000;CABEDELO;PB;Indiferente     ;Rodoviario  ;120.000;5;0.000;0.000;CABEDELO_PB_EATON LTDA_13270000;;0,;TSP Sem Cadastro;;;;SEM_CADASTRO - TT E TSP
50;EATON LTDA;2;EATON - TRANSPORTE LTL;102020711;AEREO - LTL;  ;13270000;VALINHOS;SP;58328000;PEDRAS DE FOGO;PB;Indiferente     ;Rodoviario  ;120.000;5;0.000;0.000;PEDRAS DE FOGO_PB_EATON LTDA_13270000;;0,;TSP Sem Cadastro;;;;SEM_CADASTRO - TT E TSP
50;EATON LTDA;2;EATON - TRANSPORTE LTL;102020711;AEREO - LTL;  ;13270000;VALINHOS;SP;59000000;NATAL;RN;Indiferente     ;Rodoviario  ;72.000;3;0.000;0.000;NATAL_RN_EATON LTDA_13270000;18,;432,;TECMAR;REVERSA;FALLBACK_CIDADE_X2;Planilha2!E/F - linha 6180;CONFLITO/REVISAR
50;EATON LTDA;2;EATON - TRANSPORTE LTL;102020711;AEREO - LTL;  ;13270000;VALINHOS;SP;59140000;PARNAMIRIM;RN;Indiferente     ;Rodoviario  ;120.000;5;0.000;0.000;PARNAMIRIM_RN_EATON LTDA_13270000;16,;384,;TERMACO;REVERSA;FALLBACK_CIDADE_X2;Planilha2!E/F - linha 7278;CONFLITO/REVISAR
50;EATON LTDA;2;EATON - TRANSPORTE LTL;102020711;AEREO - LTL;  ;13270000;VALINHOS;SP;59162000;SAO JOSE DE MIPIBU;RN;Indiferente     ;Rodoviario  ;120.000;5;0.000;0.000;SAO JOSE DE MIPIBU_RN_EATON LTDA_13270000;;0,;TSP Sem Cadastro;;;;SEM_CADASTRO - TT E TSP
50;EATON LTDA;2;EATON - TRANSPORTE LTL;102020711;AEREO - LTL;  ;13270000;VALINHOS;SP;59300000;CAICO;RN;Indiferente     ;Rodoviario  ;120.000;5;0.000;0.000;CAICO_RN_EATON LTDA_13270000;;0,;TSP Sem Cadastro;;;;SEM_CADASTRO - TT E TSP
50;EATON LTDA;2;EATON - TRANSPORTE LTL;102020711;AEREO - LTL;  ;13270000;VALINHOS;SP;59550000;JOAO CAMARA;RN;Indiferente     ;Rodoviario  ;120.000;5;0.000;0.000;JOAO CAMARA_RN_EATON LTDA_13270000;;0,;TSP Sem Cadastro;;;;SEM_CADASTRO - TT E TSP
50;EATON LTDA;2;EATON - TRANSPORTE LTL;102020711;AEREO - LTL;  ;13270000;VALINHOS;SP;59600000;MOSSORO;RN;Indiferente     ;Rodoviario  ;120.000;5;0.000;0.000;MOSSORO_RN_EATON LTDA_13270000;20,;480,;TERMACO;REVERSA;FALLBACK_CIDADE_X2;Planilha2!E/F - linha 7312;OK - REVERSA IDENTIFICADA POR FALLBACK X2
50;EATON LTDA;2;EATON - TRANSPORTE LTL;102020711;AEREO - LTL;  ;13270000;VALINHOS;SP;60000000;FORTALEZA;CE;Indiferente     ;Rodoviario  ;72.000;3;0.000;0.000;FORTALEZA_CE_EATON LTDA_13270000;20,;480,;TECMAR;REVERSA;FALLBACK_CIDADE_X2;Planilha2!E/F - linha 6171;CONFLITO/REVISAR
50;EATON LTDA;2;EATON - TRANSPORTE LTL;102020711;AEREO - LTL;  ;13270000;VALINHOS;SP;61880000;ITAITINGA;CE;Indiferente     ;Rodoviario  ;120.000;5;0.000;0.000;ITAITINGA_CE_EATON LTDA_13270000;;0,;TSP Sem Cadastro;;;;SEM_CADASTRO - TT E TSP
50;EATON LTDA;2;EATON - TRANSPORTE LTL;102020711;AEREO - LTL;  ;13270000;VALINHOS;SP;61900000;MARACANAU;CE;Indiferente     ;Rodoviario  ;120.000;5;0.000;0.000;MARACANAU_CE_EATON LTDA_13270000;;0,;TSP Sem Cadastro;;;;SEM_CADASTRO - TT E TSP
50;EATON LTDA;2;EATON - TRANSPORTE LTL;102020711;AEREO - LTL;  ;13270000;VALINHOS;SP;61940000;MARANGUAPE;CE;Indiferente     ;Rodoviario  ;120.000;5;0.000;0.000;MARANGUAPE_CE_EATON LTDA_13270000;;0,;TSP Sem Cadastro;;;;SEM_CADASTRO - TT E TSP
50;EATON LTDA;2;EATON - TRANSPORTE LTL;102020711;AEREO - LTL;  ;13270000;VALINHOS;SP;63000000;JUAZEIRO DO NORTE;CE;Indiferente     ;Rodoviario  ;120.000;5;0.000;0.000;JUAZEIRO DO NORTE_CE_EATON LTDA_13270000;20,;480,;TERMACO;REVERSA;FALLBACK_CIDADE_X2;Planilha2!E/F - linha 7297;OK - REVERSA IDENTIFICADA POR FALLBACK X2
50;EATON LTDA;2;EATON - TRANSPORTE LTL;102020711;AEREO - LTL;  ;13270000;VALINHOS;SP;63100000;CRATO;CE;Indiferente     ;Rodoviario  ;120.000;5;0.000;0.000;CRATO_CE_EATON LTDA_13270000;;0,;TSP Sem Cadastro;;;;SEM_CADASTRO - TT E TSP
50;EATON LTDA;2;EATON - TRANSPORTE LTL;102020711;AEREO - LTL;  ;13270000;VALINHOS;SP;63180000;BARBALHA;CE;Indiferente     ;Rodoviario  ;120.000;5;0.000;0.000;BARBALHA_CE_EATON LTDA_13270000;;0,;TSP Sem Cadastro;;;;SEM_CADASTRO - TT E TSP
50;EATON LTDA;2;EATON - TRANSPORTE LTL;102020711;AEREO - LTL;  ;13270000;VALINHOS;SP;63200000;MISSAO VELHA;CE;Indiferente     ;Rodoviario  ;120.000;5;0.000;0.000;MISSAO VELHA_CE_EATON LTDA_13270000;;0,;TSP Sem Cadastro;;;;SEM_CADASTRO - TT E TSP
50;EATON LTDA;2;EATON - TRANSPORTE LTL;102020711;AEREO - LTL;  ;13270000;VALINHOS;SP;64000000;TERESINA;PI;Indiferente     ;Rodoviario  ;72.000;3;0.000;0.000;TERESINA_PI_EATON LTDA_13270000;22,;528,;TECMAR;REVERSA;FALLBACK_CIDADE_X2;Planilha2!E/F - linha 6179;CONFLITO/REVISAR
50;EATON LTDA;2;EATON - TRANSPORTE LTL;102020711;AEREO - LTL;  ;13270000;VALINHOS;SP;64200000;PARNAIBA;PI;Indiferente     ;Rodoviario  ;144.000;6;0.000;0.000;PARNAIBA_PI_EATON LTDA_13270000;24,;576,;TERMACO;REVERSA;FALLBACK_CIDADE_X2;Planilha2!E/F - linha 7311;OK - REVERSA IDENTIFICADA POR FALLBACK X2
50;EATON LTDA;2;EATON - TRANSPORTE LTL;102020711;AEREO - LTL;  ;13270000;VALINHOS;SP;65110000;SAO JOSE DE RIBAMAR;MA;Indiferente     ;Rodoviario  ;120.000;5;0.000;0.000;SAO JOSE DE RIBAMAR_MA_EATON LTDA_13270000;;0,;TSP Sem Cadastro;;;;SEM_CADASTRO - TT E TSP
50;EATON LTDA;2;EATON - TRANSPORTE LTL;102020711;AEREO - LTL;  ;13270000;VALINHOS;SP;65700000;BACABAL;MA;Indiferente     ;Rodoviario  ;120.000;5;0.000;0.000;BACABAL_MA_EATON LTDA_13270000;;0,;TSP Sem Cadastro;;;;SEM_CADASTRO - TT E TSP
50;EATON LTDA;2;EATON - TRANSPORTE LTL;102020711;AEREO - LTL;  ;13270000;VALINHOS;SP;65800000;BALSAS;MA;Indiferente     ;Rodoviario  ;120.000;5;0.000;0.000;BALSAS_MA_EATON LTDA_13270000;;0,;TSP Sem Cadastro;;;;SEM_CADASTRO - TT E TSP
50;EATON LTDA;2;EATON - TRANSPORTE LTL;102020711;AEREO - LTL;  ;13270000;VALINHOS;SP;65900000;IMPERATRIZ;MA;Indiferente     ;Rodoviario  ;120.000;5;0.000;0.000;IMPERATRIZ_MA_EATON LTDA_13270000;22,;528,;TERMACO;REVERSA;FALLBACK_CIDADE_X2;Planilha2!E/F - linha 7280;CONFLITO/REVISAR
50;EATON LTDA;2;EATON - TRANSPORTE LTL;102020711;AEREO - LTL;  ;13270000;VALINHOS;SP;65970000;PORTO FRANCO;MA;Indiferente     ;Rodoviario  ;120.000;5;0.000;0.000;PORTO FRANCO_MA_EATON LTDA_13270000;;0,;TSP Sem Cadastro;;;;SEM_CADASTRO - TT E TSP
50;EATON LTDA;2;EATON - TRANSPORTE LTL;102020711;AEREO - LTL;  ;13270000;VALINHOS;SP;66000000;BELEM;PA;Indiferente     ;Rodoviario  ;72.000;3;0.000;0.000;BELEM_PA_EATON LTDA_13270000;18,;432,;CARVALIMA;REVERSA;FALLBACK_CIDADE_X2;Planilha2!E/F - linha 7373;CONFLITO/REVISAR
50;EATON LTDA;2;EATON - TRANSPORTE LTL;102020711;AEREO - LTL;  ;13270000;VALINHOS;SP;67000000;ANANINDEUA;PA;Indiferente     ;Rodoviario  ;120.000;5;0.000;0.000;ANANINDEUA_PA_EATON LTDA_13270000;18,;432,;CARVALIMA;REVERSA;FALLBACK_CIDADE_X2;Planilha2!E/F - linha 7372;CONFLITO/REVISAR
50;EATON LTDA;2;EATON - TRANSPORTE LTL;102020711;AEREO - LTL;  ;13270000;VALINHOS;SP;67200000;MARITUBA;PA;Indiferente     ;Rodoviario  ;120.000;5;0.000;0.000;MARITUBA_PA_EATON LTDA_13270000;18,;432,;CARVALIMA;REVERSA;FALLBACK_CIDADE_X2;Planilha2!E/F - linha 7376;OK - REVERSA IDENTIFICADA POR FALLBACK X2
50;EATON LTDA;2;EATON - TRANSPORTE LTL;102020711;AEREO - LTL;  ;13270000;VALINHOS;SP;68000000;SANTAREM;PA;Indiferente     ;Rodoviario  ;120.000;5;0.000;0.000;SANTAREM_PA_EATON LTDA_13270000;18,;432,;CARVALIMA;REVERSA;FALLBACK_CIDADE_X2;Planilha2!E/F - linha 7389;CONFLITO/REVISAR
50;EATON LTDA;2;EATON - TRANSPORTE LTL;102020711;AEREO - LTL;  ;13270000;VALINHOS;SP;68180000;ITAITUBA;PA;Indiferente     ;Rodoviario  ;120.000;5;0.000;0.000;ITAITUBA_PA_EATON LTDA_13270000;38,;912,;CARVALIMA;REVERSA;FALLBACK_CIDADE_X2;Planilha2!E/F - linha 7390;OK - REVERSA IDENTIFICADA POR FALLBACK X2
50;EATON LTDA;2;EATON - TRANSPORTE LTL;102020711;AEREO - LTL;  ;13270000;VALINHOS;SP;68370000;ALTAMIRA;PA;Indiferente     ;Rodoviario  ;120.000;5;0.000;0.000;ALTAMIRA_PA_EATON LTDA_13270000;20,;480,;CARVALIMA;REVERSA;FALLBACK_CIDADE_X2;Planilha2!E/F - linha 7384;OK - REVERSA IDENTIFICADA POR FALLBACK X2
50;EATON LTDA;2;EATON - TRANSPORTE LTL;102020711;AEREO - LTL;  ;13270000;VALINHOS;SP;68380000;SAO FELIX DO XINGU;PA;Indiferente     ;Rodoviario  ;120.000;5;0.000;0.000;SAO FELIX DO XINGU_PA_EATON LTDA_13270000;28,;672,;CARVALIMA;REVERSA;FALLBACK_CIDADE_X2;Planilha2!E/F - linha 7387;OK - REVERSA IDENTIFICADA POR FALLBACK X2
50;EATON LTDA;2;EATON - TRANSPORTE LTL;102020711;AEREO - LTL;  ;13270000;VALINHOS;SP;68500000;MARABA;PA;Indiferente     ;Rodoviario  ;120.000;5;0.000;0.000;MARABA_PA_EATON LTDA_13270000;18,;432,;CARVALIMA;REVERSA;FALLBACK_CIDADE_X2;Planilha2!E/F - linha 7375;CONFLITO/REVISAR
50;EATON LTDA;2;EATON - TRANSPORTE LTL;102020711;AEREO - LTL;  ;13270000;VALINHOS;SP;68515000;PARAUAPEBAS;PA;Indiferente     ;Rodoviario  ;120.000;5;0.000;0.000;PARAUAPEBAS_PA_EATON LTDA_13270000;18,;432,;CARVALIMA;REVERSA;FALLBACK_CIDADE_X2;Planilha2!E/F - linha 7379;CONFLITO/REVISAR
50;EATON LTDA;2;EATON - TRANSPORTE LTL;102020711;AEREO - LTL;  ;13270000;VALINHOS;SP;68560000;SANTANA DO ARAGUAIA;PA;Indiferente     ;Rodoviario  ;120.000;5;0.000;0.000;SANTANA DO ARAGUAIA_PA_EATON LTDA_13270000;;0,;TSP Sem Cadastro;;;;SEM_CADASTRO - TT E TSP
50;EATON LTDA;2;EATON - TRANSPORTE LTL;102020711;AEREO - LTL;  ;13270000;VALINHOS;SP;68740000;CASTANHAL;PA;Indiferente     ;Rodoviario  ;120.000;5;0.000;0.000;CASTANHAL_PA_EATON LTDA_13270000;18,;432,;CARVALIMA;REVERSA;FALLBACK_CIDADE_X2;Planilha2!E/F - linha 7374;CONFLITO/REVISAR
50;EATON LTDA;2;EATON - TRANSPORTE LTL;102020711;AEREO - LTL;  ;13270000;VALINHOS;SP;68900000;MACAPA;AP;Indiferente     ;Rodoviario  ;96.000;4;0.000;0.000;MACAPA_AP_EATON LTDA_13270000;;0,;TSP Sem Cadastro;;;;SEM_CADASTRO - TT E TSP
50;EATON LTDA;2;EATON - TRANSPORTE LTL;102020711;AEREO - LTL;  ;13270000;VALINHOS;SP;69000000;MANAUS;AM;Indiferente     ;Rodoviario  ;72.000;3;0.000;0.000;MANAUS_AM_EATON LTDA_13270000;;0,;TSP Sem Cadastro;;;;SEM_CADASTRO - TT E TSP
50;EATON LTDA;2;EATON - TRANSPORTE LTL;102020711;AEREO - LTL;  ;13270000;VALINHOS;SP;69300000;BOA VISTA;RR;Indiferente     ;Rodoviario  ;96.000;4;0.000;0.000;BOA VISTA_RR_EATON LTDA_13270000;;0,;TSP Sem Cadastro;;;;SEM_CADASTRO - TT E TSP
50;EATON LTDA;2;EATON - TRANSPORTE LTL;102020711;AEREO - LTL;  ;13270000;VALINHOS;SP;69900000;RIO BRANCO;AC;Indiferente     ;Rodoviario  ;96.000;4;0.000;0.000;RIO BRANCO_AC_EATON LTDA_13270000;26,;624,;CARVALIMA;REVERSA;FALLBACK_CIDADE_X2;Planilha2!E/F - linha 7341;CONFLITO/REVISAR
50;EATON LTDA;2;EATON - TRANSPORTE LTL;102020711;AEREO - LTL;  ;13270000;VALINHOS;SP;73800000;FORMOSA;GO;Indiferente     ;Rodoviario  ;96.000;4;0.000;0.000;FORMOSA_GO_EATON LTDA_13270000;4,;96,;RIO VERMELHO;DISTRIBUICAO;CHAVE_EXATA;Planilha2!G/F - linha 771;OK - DISTRIBUICAO
50;EATON LTDA;2;EATON - TRANSPORTE LTL;102020711;AEREO - LTL;  ;13270000;VALINHOS;SP;74000000;GOIANIA;GO;Indiferente     ;Rodoviario  ;48.000;2;0.000;0.000;GOIANIA_GO_EATON LTDA_13270000;2,;48,;RIO VERMELHO;DISTRIBUICAO;CHAVE_EXATA;Planilha2!G/F - linha 765;OK - DISTRIBUICAO
50;EATON LTDA;2;EATON - TRANSPORTE LTL;102020711;AEREO - LTL;  ;13270000;VALINHOS;SP;74900000;APARECIDA DE GOIANIA;GO;Indiferente     ;Rodoviario  ;96.000;4;0.000;0.000;APARECIDA DE GOIANIA_GO_EATON LTDA_13270000;2,;48,;RIO VERMELHO;DISTRIBUICAO;CHAVE_EXATA;Planilha2!G/F - linha 774;OK - DISTRIBUICAO
50;EATON LTDA;2;EATON - TRANSPORTE LTL;102020711;AEREO - LTL;  ;13270000;VALINHOS;SP;75500000;ITUMBIARA;GO;Indiferente     ;Rodoviario  ;96.000;4;0.000;0.000;ITUMBIARA_GO_EATON LTDA_13270000;4,;96,;RIO VERMELHO;DISTRIBUICAO;CHAVE_EXATA;Planilha2!G/F - linha 775;OK - DISTRIBUICAO
50;EATON LTDA;2;EATON - TRANSPORTE LTL;102020711;AEREO - LTL;  ;13270000;VALINHOS;SP;75830000;MINEIROS;GO;Indiferente     ;Rodoviario  ;96.000;4;0.000;0.000;MINEIROS_GO_EATON LTDA_13270000;4,;96,;RIO VERMELHO;DISTRIBUICAO;CHAVE_EXATA;Planilha2!G/F - linha 777;OK - DISTRIBUICAO
50;EATON LTDA;2;EATON - TRANSPORTE LTL;102020711;AEREO - LTL;  ;13270000;VALINHOS;SP;75860000;QUIRINOPOLIS;GO;Indiferente     ;Rodoviario  ;96.000;4;0.000;0.000;QUIRINOPOLIS_GO_EATON LTDA_13270000;4,;96,;RIO VERMELHO;DISTRIBUICAO;CHAVE_EXATA;Planilha2!G/F - linha 776;OK - DISTRIBUICAO
50;EATON LTDA;2;EATON - TRANSPORTE LTL;102020711;AEREO - LTL;  ;13270000;VALINHOS;SP;75900000;RIO VERDE;GO;Indiferente     ;Rodoviario  ;96.000;4;0.000;0.000;RIO VERDE_GO_EATON LTDA_13270000;3,;72,;RIO VERMELHO;DISTRIBUICAO;CHAVE_EXATA;Planilha2!G/F - linha 764;OK - DISTRIBUICAO
50;EATON LTDA;2;EATON - TRANSPORTE LTL;102020711;AEREO - LTL;  ;13270000;VALINHOS;SP;77000000;PALMAS;TO;Indiferente     ;Rodoviario  ;72.000;3;0.000;0.000;PALMAS_TO_EATON LTDA_13270000;4,;96,;RIO VERMELHO;DISTRIBUICAO;CHAVE_EXATA;Planilha2!G/F - linha 766;OK - DISTRIBUICAO
50;EATON LTDA;2;EATON - TRANSPORTE LTL;102020711;AEREO - LTL;  ;13270000;VALINHOS;SP;77400000;GURUPI;TO;Indiferente     ;Rodoviario  ;120.000;5;0.000;0.000;GURUPI_TO_EATON LTDA_13270000;4,;96,;RIO VERMELHO;DISTRIBUICAO;CHAVE_EXATA;Planilha2!G/F - linha 778;OK - DISTRIBUICAO
50;EATON LTDA;2;EATON - TRANSPORTE LTL;102020711;AEREO - LTL;  ;13270000;VALINHOS;SP;77800000;ARAGUAINA;TO;Indiferente     ;Rodoviario  ;120.000;5;0.000;0.000;ARAGUAINA_TO_EATON LTDA_13270000;7,;168,;RIO VERMELHO;DISTRIBUICAO;CHAVE_EXATA;Planilha2!G/F - linha 767;OK - DISTRIBUICAO
50;EATON LTDA;2;EATON - TRANSPORTE LTL;102020711;AEREO - LTL;  ;13270000;VALINHOS;SP;77925000;SAO MIGUEL DO TOCANTINS;TO;Indiferente     ;Rodoviario  ;120.000;5;0.000;0.000;SAO MIGUEL DO TOCANTINS_TO_EATON LTDA_13270000;12,;288,;RIO VERMELHO;DISTRIBUICAO;CHAVE_EXATA;Planilha2!G/F - linha 768;OK - DISTRIBUICAO
50;EATON LTDA;2;EATON - TRANSPORTE LTL;102020711;AEREO - LTL;  ;13270000;VALINHOS;SP;78000000;CUIABA;MT;Indiferente     ;Rodoviario  ;72.000;3;0.000;0.000;CUIABA_MT_EATON LTDA_13270000;10,;240,;CARVALIMA;REVERSA;FALLBACK_CIDADE_X2;Planilha2!E/F - linha 7359;CONFLITO/REVISAR
50;EATON LTDA;2;EATON - TRANSPORTE LTL;102020711;AEREO - LTL;  ;13270000;VALINHOS;SP;78110000;VARZEA GRANDE;MT;Indiferente     ;Rodoviario  ;96.000;4;0.000;0.000;VARZEA GRANDE_MT_EATON LTDA_13270000;10,;240,;CARVALIMA;REVERSA;FALLBACK_CIDADE_X2;Planilha2!E/F - linha 7360;CONFLITO/REVISAR
50;EATON LTDA;2;EATON - TRANSPORTE LTL;102020711;AEREO - LTL;  ;13270000;VALINHOS;SP;78300000;TANGARA DA SERRA;MT;Indiferente     ;Rodoviario  ;96.000;4;0.000;0.000;TANGARA DA SERRA_MT_EATON LTDA_13270000;12,;288,;CARVALIMA;REVERSA;FALLBACK_CIDADE_X2;Planilha2!E/F - linha 7369;CONFLITO/REVISAR
50;EATON LTDA;2;EATON - TRANSPORTE LTL;102020711;AEREO - LTL;  ;13270000;VALINHOS;SP;78460000;NOBRES;MT;Indiferente     ;Rodoviario  ;96.000;4;0.000;0.000;NOBRES_MT_EATON LTDA_13270000;;0,;TSP Sem Cadastro;;;;SEM_CADASTRO - TT E TSP
50;EATON LTDA;2;EATON - TRANSPORTE LTL;102020711;AEREO - LTL;  ;13270000;VALINHOS;SP;78525000;MATUPA;MT;Indiferente     ;Rodoviario  ;96.000;4;0.000;0.000;MATUPA_MT_EATON LTDA_13270000;;0,;TSP Sem Cadastro;;;;SEM_CADASTRO - TT E TSP
50;EATON LTDA;2;EATON - TRANSPORTE LTL;102020711;AEREO - LTL;  ;13270000;VALINHOS;SP;78550000;SINOP;MT;Indiferente     ;Rodoviario  ;96.000;4;0.000;0.000;SINOP_MT_EATON LTDA_13270000;12,;288,;CARVALIMA;REVERSA;FALLBACK_CIDADE_X2;Planilha2!E/F - linha 7367;CONFLITO/REVISAR
50;EATON LTDA;2;EATON - TRANSPORTE LTL;102020711;AEREO - LTL;  ;13270000;VALINHOS;SP;78555000;TAPURAH;MT;Indiferente     ;Rodoviario  ;96.000;4;0.000;0.000;TAPURAH_MT_EATON LTDA_13270000;;0,;TSP Sem Cadastro;;;;SEM_CADASTRO - TT E TSP
50;EATON LTDA;2;EATON - TRANSPORTE LTL;102020711;AEREO - LTL;  ;13270000;VALINHOS;SP;78580000;ALTA FLORESTA;MT;Indiferente     ;Rodoviario  ;96.000;4;0.000;0.000;ALTA FLORESTA_MT_EATON LTDA_13270000;18,;432,;CARVALIMA;REVERSA;FALLBACK_CIDADE_X2;Planilha2!E/F - linha 7370;OK - REVERSA IDENTIFICADA POR FALLBACK X2
50;EATON LTDA;2;EATON - TRANSPORTE LTL;102020711;AEREO - LTL;  ;13270000;VALINHOS;SP;78635000;AGUA BOA;MT;Indiferente     ;Rodoviario  ;96.000;4;0.000;0.000;AGUA BOA_MT_EATON LTDA_13270000;12,;288,;CARVALIMA;REVERSA;FALLBACK_CIDADE_X2;Planilha2!E/F - linha 7422;OK - REVERSA IDENTIFICADA POR FALLBACK X2
50;EATON LTDA;2;EATON - TRANSPORTE LTL;102020711;AEREO - LTL;  ;13270000;VALINHOS;SP;78652000;CONFRESA;MT;Indiferente     ;Rodoviario  ;96.000;4;0.000;0.000;CONFRESA_MT_EATON LTDA_13270000;;0,;TSP Sem Cadastro;;;;SEM_CADASTRO - TT E TSP
50;EATON LTDA;2;EATON - TRANSPORTE LTL;102020711;AEREO - LTL;  ;13270000;VALINHOS;SP;78700000;RONDONOPOLIS;MT;Indiferente     ;Rodoviario  ;96.000;4;0.000;0.000;RONDONOPOLIS_MT_EATON LTDA_13270000;12,;288,;CARVALIMA;REVERSA;FALLBACK_CIDADE_X2;Planilha2!E/F - linha 7366;CONFLITO/REVISAR
50;EATON LTDA;2;EATON - TRANSPORTE LTL;102020711;AEREO - LTL;  ;13270000;VALINHOS;SP;78930000;ARIQUEMES;RO;Indiferente     ;Rodoviario  ;168.000;7;0.000;0.000;ARIQUEMES_RO_EATON LTDA_13270000;20,;480,;CARVALIMA;REVERSA;FALLBACK_CIDADE_X2;Planilha2!E/F - linha 7392;OK - REVERSA IDENTIFICADA POR FALLBACK X2
50;EATON LTDA;2;EATON - TRANSPORTE LTL;102020711;AEREO - LTL;  ;13270000;VALINHOS;SP;78940000;JARU;RO;Indiferente     ;Rodoviario  ;168.000;7;0.000;0.000;JARU_RO_EATON LTDA_13270000;22,;528,;CARVALIMA;REVERSA;FALLBACK_CIDADE_X2;Planilha2!E/F - linha 7394;OK - REVERSA IDENTIFICADA POR FALLBACK X2
50;EATON LTDA;2;EATON - TRANSPORTE LTL;102020711;AEREO - LTL;  ;13270000;VALINHOS;SP;78960000;JIPARANA;RO;Indiferente     ;Rodoviario  ;168.000;7;0.000;0.000;JIPARANA_RO_EATON LTDA_13270000;;0,;TSP Sem Cadastro;;;;SEM_CADASTRO - TT E TSP
50;EATON LTDA;2;EATON - TRANSPORTE LTL;102020711;AEREO - LTL;  ;13270000;VALINHOS;SP;78975000;CACOAL;RO;Indiferente     ;Rodoviario  ;168.000;7;0.000;0.000;CACOAL_RO_EATON LTDA_13270000;20,;480,;CARVALIMA;REVERSA;FALLBACK_CIDADE_X2;Planilha2!E/F - linha 7393;CONFLITO/REVISAR
50;EATON LTDA;2;EATON - TRANSPORTE LTL;102020711;AEREO - LTL;  ;13270000;VALINHOS;SP;78995000;VILHENA;RO;Indiferente     ;Rodoviario  ;168.000;7;0.000;0.000;VILHENA_RO_EATON LTDA_13270000;18,;432,;CARVALIMA;REVERSA;FALLBACK_CIDADE_X2;Planilha2!E/F - linha 7391;CONFLITO/REVISAR
50;EATON LTDA;2;EATON - TRANSPORTE LTL;102020711;AEREO - LTL;  ;13270000;VALINHOS;SP;79000000;CAMPO GRANDE;MS;Indiferente     ;Rodoviario  ;72.000;3;0.000;0.000;CAMPO GRANDE_MS_EATON LTDA_13270000;10,;240,;CARVALIMA;REVERSA;FALLBACK_CIDADE_X2;Planilha2!E/F - linha 7343;CONFLITO/REVISAR
50;EATON LTDA;2;EATON - TRANSPORTE LTL;102020711;AEREO - LTL;  ;13270000;VALINHOS;SP;79490000;SAO GABRIEL DO OESTE;MS;Indiferente     ;Rodoviario  ;96.000;4;0.000;0.000;SAO GABRIEL DO OESTE_MS_EATON LTDA_13270000;;0,;TSP Sem Cadastro;;;;SEM_CADASTRO - TT E TSP
50;EATON LTDA;2;EATON - TRANSPORTE LTL;102020711;AEREO - LTL;  ;13270000;VALINHOS;SP;79560000;CHAPADAO DO SUL;MS;Indiferente     ;Rodoviario  ;96.000;4;0.000;0.000;CHAPADAO DO SUL_MS_EATON LTDA_13270000;14,;336,;CARVALIMA;REVERSA;FALLBACK_CIDADE_X2;Planilha2!E/F - linha 7355;CONFLITO/REVISAR
50;EATON LTDA;2;EATON - TRANSPORTE LTL;102020711;AEREO - LTL;  ;13270000;VALINHOS;SP;79600000;TRES LAGOAS;MS;Indiferente     ;Rodoviario  ;96.000;4;0.000;0.000;TRES LAGOAS_MS_EATON LTDA_13270000;10,;240,;CARVALIMA;REVERSA;FALLBACK_CIDADE_X2;Planilha2!E/F - linha 7349;CONFLITO/REVISAR
50;EATON LTDA;2;EATON - TRANSPORTE LTL;102020711;AEREO - LTL;  ;13270000;VALINHOS;SP;79750000;NOVA ANDRADINA;MS;Indiferente     ;Rodoviario  ;96.000;4;0.000;0.000;NOVA ANDRADINA_MS_EATON LTDA_13270000;10,;240,;CARVALIMA;REVERSA;FALLBACK_CIDADE_X2;Planilha2!E/F - linha 7346;OK - REVERSA IDENTIFICADA POR FALLBACK X2
50;EATON LTDA;2;EATON - TRANSPORTE LTL;102020711;AEREO - LTL;  ;13270000;VALINHOS;SP;79800000;DOURADOS;MS;Indiferente     ;Rodoviario  ;96.000;4;0.000;0.000;DOURADOS_MS_EATON LTDA_13270000;10,;240,;CARVALIMA;REVERSA;FALLBACK_CIDADE_X2;Planilha2!E/F - linha 7344;CONFLITO/REVISAR
50;EATON LTDA;2;EATON - TRANSPORTE LTL;102020711;AEREO - LTL;  ;13270000;VALINHOS;SP;79900000;PONTA PORA;MS;Indiferente     ;Rodoviario  ;96.000;4;0.000;0.000;PONTA PORA_MS_EATON LTDA_13270000;10,;240,;CARVALIMA;REVERSA;FALLBACK_CIDADE_X2;Planilha2!E/F - linha 7348;OK - REVERSA IDENTIFICADA POR FALLBACK X2
50;EATON LTDA;2;EATON - TRANSPORTE LTL;102020711;AEREO - LTL;  ;13270000;VALINHOS;SP;83000000;SAO JOSE DOS PINHAIS;PR;Indiferente     ;Rodoviario  ;96.000;4;0.000;0.000;SAO JOSE DOS PINHAIS_PR_EATON LTDA_13270000;2,;48,;OURO NEGRO;DISTRIBUICAO;CHAVE_EXATA;Planilha2!G/F - linha 6379;OK - DISTRIBUICAO
50;EATON LTDA;2;EATON - TRANSPORTE LTL;102020711;AEREO - LTL;  ;13270000;VALINHOS;SP;83200000;PARANAGUA;PR;Indiferente     ;Rodoviario  ;96.000;4;0.000;0.000;PARANAGUA_PR_EATON LTDA_13270000;4,;96,;OURO NEGRO;DISTRIBUICAO;CHAVE_EXATA;Planilha2!G/F - linha 6375;OK - DISTRIBUICAO
50;EATON LTDA;2;EATON - TRANSPORTE LTL;102020711;AEREO - LTL;  ;13270000;VALINHOS;SP;83320000;PINHAIS;PR;Indiferente     ;Rodoviario  ;96.000;4;0.000;0.000;PINHAIS_PR_EATON LTDA_13270000;1,;24,;OURO NEGRO;DISTRIBUICAO;CHAVE_EXATA;Planilha2!G/F - linha 6349;OK - DISTRIBUICAO
50;EATON LTDA;2;EATON - TRANSPORTE LTL;102020711;AEREO - LTL;  ;13270000;VALINHOS;SP;83400000;COLOMBO;PR;Indiferente     ;Rodoviario  ;96.000;4;0.000;0.000;COLOMBO_PR_EATON LTDA_13270000;6,;144,;ALFA;REVERSA;FALLBACK_CIDADE_X2;Planilha2!E/F - linha 699;CONFLITO/REVISAR
50;EATON LTDA;2;EATON - TRANSPORTE LTL;102020711;AEREO - LTL;  ;13270000;VALINHOS;SP;83500000;ALMIRANTE TAMANDARE;PR;Indiferente     ;Rodoviario  ;96.000;4;0.000;0.000;ALMIRANTE TAMANDARE_PR_EATON LTDA_13270000;;0,;TSP Sem Cadastro;;;;SEM_CADASTRO - TT E TSP
50;EATON LTDA;2;EATON - TRANSPORTE LTL;102020711;AEREO - LTL;  ;13270000;VALINHOS;SP;83700000;ARAUCARIA;PR;Indiferente     ;Rodoviario  ;96.000;4;0.000;0.000;ARAUCARIA_PR_EATON LTDA_13270000;2,;48,;OURO NEGRO;DISTRIBUICAO;CHAVE_EXATA;Planilha2!G/F - linha 6351;OK - DISTRIBUICAO
50;EATON LTDA;2;EATON - TRANSPORTE LTL;102020711;AEREO - LTL;  ;13270000;VALINHOS;SP;84000000;PONTA GROSSA;PR;Indiferente     ;Rodoviario  ;96.000;4;0.000;0.000;PONTA GROSSA_PR_EATON LTDA_13270000;2,;48,;OURO NEGRO;DISTRIBUICAO;CHAVE_EXATA;Planilha2!G/F - linha 6377;OK - DISTRIBUICAO
50;EATON LTDA;2;EATON - TRANSPORTE LTL;102020711;AEREO - LTL;  ;13270000;VALINHOS;SP;84600000;UNIAO DA VITORIA;PR;Indiferente     ;Rodoviario  ;96.000;4;0.000;0.000;UNIAO DA VITORIA_PR_EATON LTDA_13270000;2,;48,;OURO NEGRO;DISTRIBUICAO;CHAVE_EXATA;Planilha2!G/F - linha 6350;OK - DISTRIBUICAO
50;EATON LTDA;2;EATON - TRANSPORTE LTL;102020711;AEREO - LTL;  ;13270000;VALINHOS;SP;85000000;GUARAPUAVA;PR;Indiferente     ;Rodoviario  ;96.000;4;0.000;0.000;GUARAPUAVA_PR_EATON LTDA_13270000;2,;48,;OURO NEGRO;DISTRIBUICAO;CHAVE_EXATA;Planilha2!G/F - linha 6365;OK - DISTRIBUICAO
50;EATON LTDA;2;EATON - TRANSPORTE LTL;102020711;AEREO - LTL;  ;13270000;VALINHOS;SP;85520000;VITORINO;PR;Indiferente     ;Rodoviario  ;96.000;4;0.000;0.000;VITORINO_PR_EATON LTDA_13270000;;0,;TSP Sem Cadastro;;;;SEM_CADASTRO - TT E TSP
50;EATON LTDA;2;EATON - TRANSPORTE LTL;102020711;AEREO - LTL;  ;13270000;VALINHOS;SP;85600000;FRANCISCO BELTRAO;PR;Indiferente     ;Rodoviario  ;96.000;4;0.000;0.000;FRANCISCO BELTRAO_PR_EATON LTDA_13270000;2,;48,;OURO NEGRO;DISTRIBUICAO;CHAVE_EXATA;Planilha2!G/F - linha 6362;OK - DISTRIBUICAO
50;EATON LTDA;2;EATON - TRANSPORTE LTL;102020711;AEREO - LTL;  ;13270000;VALINHOS;SP;85800000;CASCAVEL;PR;Indiferente     ;Rodoviario  ;96.000;4;0.000;0.000;CASCAVEL_PR_EATON LTDA_13270000;2,;48,;OURO NEGRO;DISTRIBUICAO;CHAVE_EXATA;Planilha2!G/F - linha 6343;OK - DISTRIBUICAO
50;EATON LTDA;2;EATON - TRANSPORTE LTL;102020711;AEREO - LTL;  ;13270000;VALINHOS;SP;85850000;FOZ DO IGUACU;PR;Indiferente     ;Rodoviario  ;96.000;4;0.000;0.000;FOZ DO IGUACU_PR_EATON LTDA_13270000;3,;72,;OURO NEGRO;DISTRIBUICAO;CHAVE_EXATA;Planilha2!G/F - linha 6361;OK - DISTRIBUICAO
50;EATON LTDA;2;EATON - TRANSPORTE LTL;102020711;AEREO - LTL;  ;13270000;VALINHOS;SP;85875000;SANTA TEREZINHA DE ITAIPU;PR;Indiferente     ;Rodoviario  ;96.000;4;0.000;0.000;SANTA TEREZINHA DE ITAIPU_PR_EATON LTDA_13270000;;0,;TSP Sem Cadastro;;;;SEM_CADASTRO - TT E TSP
50;EATON LTDA;2;EATON - TRANSPORTE LTL;102020711;AEREO - LTL;  ;13270000;VALINHOS;SP;85877000;SAO MIGUEL DO IGUACU;PR;Indiferente     ;Rodoviario  ;96.000;4;0.000;0.000;SAO MIGUEL DO IGUACU_PR_EATON LTDA_13270000;;0,;TSP Sem Cadastro;;;;SEM_CADASTRO - TT E TSP
50;EATON LTDA;2;EATON - TRANSPORTE LTL;102020711;AEREO - LTL;  ;13270000;VALINHOS;SP;86000000;LONDRINA;PR;Indiferente     ;Rodoviario  ;96.000;4;0.000;0.000;LONDRINA_PR_EATON LTDA_13270000;2,;48,;OURO NEGRO;DISTRIBUICAO;CHAVE_EXATA;Planilha2!G/F - linha 6345;OK - DISTRIBUICAO
50;EATON LTDA;2;EATON - TRANSPORTE LTL;102020711;AEREO - LTL;  ;13270000;VALINHOS;SP;86180000;CAMBE;PR;Indiferente     ;Rodoviario  ;96.000;4;0.000;0.000;CAMBE_PR_EATON LTDA_13270000;2,;48,;OURO NEGRO;DISTRIBUICAO;CHAVE_EXATA;Planilha2!G/F - linha 6354;OK - DISTRIBUICAO
50;EATON LTDA;2;EATON - TRANSPORTE LTL;102020711;AEREO - LTL;  ;13270000;VALINHOS;SP;86600000;ROLANDIA;PR;Indiferente     ;Rodoviario  ;96.000;4;0.000;0.000;ROLANDIA_PR_EATON LTDA_13270000;6,;144,;TRANSTRY;REVERSA;FALLBACK_CIDADE_X2;Planilha2!E/F - linha 6208;OK - REVERSA IDENTIFICADA POR FALLBACK X2
50;EATON LTDA;2;EATON - TRANSPORTE LTL;102020711;AEREO - LTL;  ;13270000;VALINHOS;SP;86690000;COLORADO;PR;Indiferente     ;Rodoviario  ;96.000;4;0.000;0.000;COLORADO_PR_EATON LTDA_13270000;3,;72,;OURO NEGRO;DISTRIBUICAO;CHAVE_EXATA;Planilha2!G/F - linha 6358;OK - DISTRIBUICAO
50;EATON LTDA;2;EATON - TRANSPORTE LTL;102020711;AEREO - LTL;  ;13270000;VALINHOS;SP;86700000;ARAPONGAS;PR;Indiferente     ;Rodoviario  ;96.000;4;0.000;0.000;ARAPONGAS_PR_EATON LTDA_13270000;2,;48,;OURO NEGRO;DISTRIBUICAO;CHAVE_EXATA;Planilha2!G/F - linha 6341;OK - DISTRIBUICAO
50;EATON LTDA;2;EATON - TRANSPORTE LTL;102020711;AEREO - LTL;  ;13270000;VALINHOS;SP;86990000;MARIALVA;PR;Indiferente     ;Rodoviario  ;96.000;4;0.000;0.000;MARIALVA_PR_EATON LTDA_13270000;3,;72,;OURO NEGRO;DISTRIBUICAO;CHAVE_EXATA;Planilha2!G/F - linha 6371;OK - DISTRIBUICAO
50;EATON LTDA;2;EATON - TRANSPORTE LTL;102020711;AEREO - LTL;  ;13270000;VALINHOS;SP;87000000;MARINGA;PR;Indiferente     ;Rodoviario  ;96.000;4;0.000;0.000;MARINGA_PR_EATON LTDA_13270000;2,;48,;OURO NEGRO;DISTRIBUICAO;CHAVE_EXATA;Planilha2!G/F - linha 6347;OK - DISTRIBUICAO
50;EATON LTDA;2;EATON - TRANSPORTE LTL;102020711;AEREO - LTL;  ;13270000;VALINHOS;SP;87110000;SARANDI;PR;Indiferente     ;Rodoviario  ;96.000;4;0.000;0.000;SARANDI_PR_EATON LTDA_13270000;4,;96,;OURO NEGRO;DISTRIBUICAO;CHAVE_EXATA;Planilha2!G/F - linha 6383;OK - DISTRIBUICAO
50;EATON LTDA;2;EATON - TRANSPORTE LTL;102020711;AEREO - LTL;  ;13270000;VALINHOS;SP;87300000;CAMPO MOURAO;PR;Indiferente     ;Rodoviario  ;96.000;4;0.000;0.000;CAMPO MOURAO_PR_EATON LTDA_13270000;2,;48,;OURO NEGRO;DISTRIBUICAO;CHAVE_EXATA;Planilha2!G/F - linha 6342;OK - DISTRIBUICAO
50;EATON LTDA;2;EATON - TRANSPORTE LTL;102020711;AEREO - LTL;  ;13270000;VALINHOS;SP;87355000;JURANDA;PR;Indiferente     ;Rodoviario  ;96.000;4;0.000;0.000;JURANDA_PR_EATON LTDA_13270000;;0,;TSP Sem Cadastro;;;;SEM_CADASTRO - TT E TSP
50;EATON LTDA;2;EATON - TRANSPORTE LTL;102020711;AEREO - LTL;  ;13270000;VALINHOS;SP;87500000;UMUARAMA;PR;Indiferente     ;Rodoviario  ;96.000;4;0.000;0.000;UMUARAMA_PR_EATON LTDA_13270000;2,;48,;OURO NEGRO;DISTRIBUICAO;CHAVE_EXATA;Planilha2!G/F - linha 6382;OK - DISTRIBUICAO
50;EATON LTDA;2;EATON - TRANSPORTE LTL;102020711;AEREO - LTL;  ;13270000;VALINHOS;SP;88000000;FLORIANOPOLIS;SC;Indiferente     ;Rodoviario  ;48.000;2;0.000;0.000;FLORIANOPOLIS_SC_EATON LTDA_13270000;2,;48,;OURO NEGRO;DISTRIBUICAO;CHAVE_EXATA;Planilha2!G/F - linha 6443;CONFLITO/REVISAR
50;EATON LTDA;2;EATON - TRANSPORTE LTL;102020711;AEREO - LTL;  ;13270000;VALINHOS;SP;88100000;SAO JOSE;SC;Indiferente     ;Rodoviario  ;96.000;4;0.000;0.000;SAO JOSE_SC_EATON LTDA_13270000;2,;48,;OURO NEGRO;DISTRIBUICAO;CHAVE_EXATA;Planilha2!G/F - linha 6476;CONFLITO/REVISAR
50;EATON LTDA;2;EATON - TRANSPORTE LTL;102020711;AEREO - LTL;  ;13270000;VALINHOS;SP;88130000;PALHOCA;SC;Indiferente     ;Rodoviario  ;96.000;4;0.000;0.000;PALHOCA_SC_EATON LTDA_13270000;2,;48,;LOGI SUL;DISTRIBUICAO;CHAVE_EXATA;Planilha2!G/F - linha 6517;OK - DISTRIBUICAO
50;EATON LTDA;2;EATON - TRANSPORTE LTL;102020711;AEREO - LTL;  ;13270000;VALINHOS;SP;88200000;TIJUCAS;SC;Indiferente     ;Aereo       ;96.000;4;0.000;0.000;TIJUCAS_SC_EATON LTDA_13270000;4,;96,;LOGI SUL;DISTRIBUICAO;CHAVE_EXATA;Planilha2!G/F - linha 6552;OK - DISTRIBUICAO
50;EATON LTDA;2;EATON - TRANSPORTE LTL;102020711;AEREO - LTL;  ;13270000;VALINHOS;SP;88200000;TIJUCAS;SC;Indiferente     ;Rodoviario  ;96.000;4;0.000;0.000;TIJUCAS_SC_EATON LTDA_13270000;4,;96,;LOGI SUL;DISTRIBUICAO;CHAVE_EXATA;Planilha2!G/F - linha 6552;OK - DISTRIBUICAO
50;EATON LTDA;2;EATON - TRANSPORTE LTL;102020711;AEREO - LTL;  ;13270000;VALINHOS;SP;88230000;CANELINHA;SC;Indiferente     ;Rodoviario  ;96.000;4;0.000;0.000;CANELINHA_SC_EATON LTDA_13270000;3,;72,;LOGI SUL;DISTRIBUICAO;CHAVE_EXATA;Planilha2!G/F - linha 6534;OK - DISTRIBUICAO
50;EATON LTDA;2;EATON - TRANSPORTE LTL;102020711;AEREO - LTL;  ;13270000;VALINHOS;SP;88240000;SAO JOAO BATISTA;SC;Indiferente     ;Rodoviario  ;96.000;4;0.000;0.000;SAO JOAO BATISTA_SC_EATON LTDA_13270000;4,;96,;LOGI SUL;DISTRIBUICAO;CHAVE_EXATA;Planilha2!G/F - linha 6551;OK - DISTRIBUICAO
50;EATON LTDA;2;EATON - TRANSPORTE LTL;102020711;AEREO - LTL;  ;13270000;VALINHOS;SP;88300000;ITAJAI;SC;Indiferente     ;Rodoviario  ;96.000;4;0.000;0.000;ITAJAI_SC_EATON LTDA_13270000;2,;48,;OURO NEGRO;DISTRIBUICAO;CHAVE_EXATA;Planilha2!G/F - linha 6463;CONFLITO/REVISAR
50;EATON LTDA;2;EATON - TRANSPORTE LTL;102020711;AEREO - LTL;  ;13270000;VALINHOS;SP;88350000;BRUSQUE;SC;Indiferente     ;Rodoviario  ;96.000;4;0.000;0.000;BRUSQUE_SC_EATON LTDA_13270000;2,;48,;OURO NEGRO;DISTRIBUICAO;CHAVE_EXATA;Planilha2!G/F - linha 6450;CONFLITO/REVISAR
50;EATON LTDA;2;EATON - TRANSPORTE LTL;102020711;AEREO - LTL;  ;13270000;VALINHOS;SP;88360000;GUABIRUBA;SC;Indiferente     ;Rodoviario  ;96.000;4;0.000;0.000;GUABIRUBA_SC_EATON LTDA_13270000;3,;72,;LOGI SUL;DISTRIBUICAO;CHAVE_EXATA;Planilha2!G/F - linha 6537;OK - DISTRIBUICAO
50;EATON LTDA;2;EATON - TRANSPORTE LTL;102020711;AEREO - LTL;  ;13270000;VALINHOS;SP;88375000;NAVEGANTES;SC;Indiferente     ;Rodoviario  ;96.000;4;0.000;0.000;NAVEGANTES_SC_EATON LTDA_13270000;2,;48,;LOGI SUL;DISTRIBUICAO;CHAVE_EXATA;Planilha2!G/F - linha 6544;OK - DISTRIBUICAO
50;EATON LTDA;2;EATON - TRANSPORTE LTL;102020711;AEREO - LTL;  ;13270000;VALINHOS;SP;88500000;LAGES;SC;Indiferente     ;Rodoviario  ;96.000;4;0.000;0.000;LAGES_SC_EATON LTDA_13270000;3,;72,;OURO NEGRO;DISTRIBUICAO;CHAVE_EXATA;Planilha2!G/F - linha 6465;CONFLITO/REVISAR
50;EATON LTDA;2;EATON - TRANSPORTE LTL;102020711;AEREO - LTL;  ;13270000;VALINHOS;SP;88800000;CRICIUMA;SC;Indiferente     ;Rodoviario  ;96.000;4;0.000;0.000;CRICIUMA_SC_EATON LTDA_13270000;2,;48,;OURO NEGRO;DISTRIBUICAO;CHAVE_EXATA;Planilha2!G/F - linha 6457;CONFLITO/REVISAR
50;EATON LTDA;2;EATON - TRANSPORTE LTL;102020711;AEREO - LTL;  ;13270000;VALINHOS;SP;88820000;ICARA;SC;Indiferente     ;Rodoviario  ;96.000;4;0.000;0.000;ICARA_SC_EATON LTDA_13270000;2,;48,;OURO NEGRO;DISTRIBUICAO;CHAVE_EXATA;Planilha2!G/F - linha 6461;CONFLITO/REVISAR
50;EATON LTDA;2;EATON - TRANSPORTE LTL;102020711;AEREO - LTL;  ;13270000;VALINHOS;SP;88840000;URUSSANGA;SC;Indiferente     ;Rodoviario  ;96.000;4;0.000;0.000;URUSSANGA_SC_EATON LTDA_13270000;4,;96,;LOGI SUL;DISTRIBUICAO;CHAVE_EXATA;Planilha2!G/F - linha 6509;OK - DISTRIBUICAO
50;EATON LTDA;2;EATON - TRANSPORTE LTL;102020711;AEREO - LTL;  ;13270000;VALINHOS;SP;88900000;ARARANGUA;SC;Indiferente     ;Rodoviario  ;96.000;4;0.000;0.000;ARARANGUA_SC_EATON LTDA_13270000;2,;48,;OURO NEGRO;DISTRIBUICAO;CHAVE_EXATA;Planilha2!G/F - linha 6447;CONFLITO/REVISAR
50;EATON LTDA;2;EATON - TRANSPORTE LTL;102020711;AEREO - LTL;  ;13270000;VALINHOS;SP;88930000;TURVO;SC;Indiferente     ;Rodoviario  ;96.000;4;0.000;0.000;TURVO_SC_EATON LTDA_13270000;4,;96,;LOGI SUL;DISTRIBUICAO;CHAVE_EXATA;Planilha2!G/F - linha 6508;OK - DISTRIBUICAO
50;EATON LTDA;2;EATON - TRANSPORTE LTL;102020711;AEREO - LTL;  ;13270000;VALINHOS;SP;89000000;BLUMENAU;SC;Indiferente     ;Rodoviario  ;96.000;4;0.000;0.000;BLUMENAU_SC_EATON LTDA_13270000;2,;48,;OURO NEGRO;DISTRIBUICAO;CHAVE_EXATA;Planilha2!G/F - linha 6449;CONFLITO/REVISAR
50;EATON LTDA;2;EATON - TRANSPORTE LTL;102020711;AEREO - LTL;  ;13270000;VALINHOS;SP;89107000;POMERODE;SC;Indiferente     ;Rodoviario  ;96.000;4;0.000;0.000;POMERODE_SC_EATON LTDA_13270000;5,;120,;LOGI SUL;DISTRIBUICAO;CHAVE_EXATA;Planilha2!G/F - linha 6547;OK - DISTRIBUICAO
50;EATON LTDA;2;EATON - TRANSPORTE LTL;102020711;AEREO - LTL;  ;13270000;VALINHOS;SP;89130000;INDAIAL;SC;Indiferente     ;Rodoviario  ;96.000;4;0.000;0.000;INDAIAL_SC_EATON LTDA_13270000;2,;48,;OURO NEGRO;DISTRIBUICAO;CHAVE_EXATA;Planilha2!G/F - linha 6462;CONFLITO/REVISAR
50;EATON LTDA;2;EATON - TRANSPORTE LTL;102020711;AEREO - LTL;  ;13270000;VALINHOS;SP;89160000;RIO DO SUL;SC;Indiferente     ;Rodoviario  ;96.000;4;0.000;0.000;RIO DO SUL_SC_EATON LTDA_13270000;3,;72,;OURO NEGRO;DISTRIBUICAO;CHAVE_EXATA;Planilha2!G/F - linha 6473;CONFLITO/REVISAR
50;EATON LTDA;2;EATON - TRANSPORTE LTL;102020711;AEREO - LTL;  ;13270000;VALINHOS;SP;89190000;TAIO;SC;Indiferente     ;Rodoviario  ;96.000;4;0.000;0.000;TAIO_SC_EATON LTDA_13270000;4,;96,;LOGI SUL;DISTRIBUICAO;CHAVE_EXATA;Planilha2!G/F - linha 6703;OK - DISTRIBUICAO
50;EATON LTDA;2;EATON - TRANSPORTE LTL;102020711;AEREO - LTL;  ;13270000;VALINHOS;SP;89200000;JOINVILLE;SC;Indiferente     ;Rodoviario  ;96.000;4;0.000;0.000;JOINVILLE_SC_EATON LTDA_13270000;2,;48,;OURO NEGRO;DISTRIBUICAO;CHAVE_EXATA;Planilha2!G/F - linha 6446;CONFLITO/REVISAR
50;EATON LTDA;2;EATON - TRANSPORTE LTL;102020711;AEREO - LTL;  ;13270000;VALINHOS;SP;89245000;ARAQUARI;SC;Indiferente     ;Rodoviario  ;96.000;4;0.000;0.000;ARAQUARI_SC_EATON LTDA_13270000;2,;48,;LOGI SUL;DISTRIBUICAO;CHAVE_EXATA;Planilha2!G/F - linha 6602;OK - DISTRIBUICAO
50;EATON LTDA;2;EATON - TRANSPORTE LTL;102020711;AEREO - LTL;  ;13270000;VALINHOS;SP;89248000;GARUVA;SC;Indiferente     ;Rodoviario  ;96.000;4;0.000;0.000;GARUVA_SC_EATON LTDA_13270000;2,;48,;LOGI SUL;DISTRIBUICAO;CHAVE_EXATA;Planilha2!G/F - linha 6605;OK - DISTRIBUICAO
50;EATON LTDA;2;EATON - TRANSPORTE LTL;102020711;AEREO - LTL;  ;13270000;VALINHOS;SP;89250000;JARAGUA DO SUL;SC;Indiferente     ;Rodoviario  ;96.000;4;0.000;0.000;JARAGUA DO SUL_SC_EATON LTDA_13270000;2,;48,;OURO NEGRO;DISTRIBUICAO;CHAVE_EXATA;Planilha2!G/F - linha 6445;CONFLITO/REVISAR
50;EATON LTDA;2;EATON - TRANSPORTE LTL;102020711;AEREO - LTL;  ;13270000;VALINHOS;SP;89270000;GUARAMIRIM;SC;Indiferente     ;Rodoviario  ;96.000;4;0.000;0.000;GUARAMIRIM_SC_EATON LTDA_13270000;2,;48,;OURO NEGRO;DISTRIBUICAO;CHAVE_EXATA;Planilha2!G/F - linha 6444;CONFLITO/REVISAR
50;EATON LTDA;2;EATON - TRANSPORTE LTL;102020711;AEREO - LTL;  ;13270000;VALINHOS;SP;89278000;CORUPA;SC;Indiferente     ;Rodoviario  ;96.000;4;0.000;0.000;CORUPA_SC_EATON LTDA_13270000;5,;120,;LOGI SUL;DISTRIBUICAO;CHAVE_EXATA;Planilha2!G/F - linha 6604;OK - DISTRIBUICAO
50;EATON LTDA;2;EATON - TRANSPORTE LTL;102020711;AEREO - LTL;  ;13270000;VALINHOS;SP;89290000;SAO BENTO DO SUL;SC;Indiferente     ;Rodoviario  ;96.000;4;0.000;0.000;SAO BENTO DO SUL_SC_EATON LTDA_13270000;3,;72,;OURO NEGRO;DISTRIBUICAO;CHAVE_EXATA;Planilha2!G/F - linha 6474;CONFLITO/REVISAR
50;EATON LTDA;2;EATON - TRANSPORTE LTL;102020711;AEREO - LTL;  ;13270000;VALINHOS;SP;89295000;RIO NEGRINHO;SC;Indiferente     ;Rodoviario  ;96.000;4;0.000;0.000;RIO NEGRINHO_SC_EATON LTDA_13270000;3,;72,;LOGI SUL;DISTRIBUICAO;CHAVE_EXATA;Planilha2!G/F - linha 6718;OK - DISTRIBUICAO
50;EATON LTDA;2;EATON - TRANSPORTE LTL;102020711;AEREO - LTL;  ;13270000;VALINHOS;SP;89300000;MAFRA;SC;Indiferente     ;Rodoviario  ;96.000;4;0.000;0.000;MAFRA_SC_EATON LTDA_13270000;2,;48,;OURO NEGRO;DISTRIBUICAO;CHAVE_EXATA;Planilha2!G/F - linha 6467;CONFLITO/REVISAR
50;EATON LTDA;2;EATON - TRANSPORTE LTL;102020711;AEREO - LTL;  ;13270000;VALINHOS;SP;89460000;CANOINHAS;SC;Indiferente     ;Aereo       ;96.000;4;0.000;0.000;CANOINHAS_SC_EATON LTDA_13270000;2,;48,;OURO NEGRO;DISTRIBUICAO;CHAVE_EXATA;Planilha2!G/F - linha 6453;CONFLITO/REVISAR
50;EATON LTDA;2;EATON - TRANSPORTE LTL;102020711;AEREO - LTL;  ;13270000;VALINHOS;SP;89500000;CACADOR;SC;Indiferente     ;Aereo       ;96.000;4;0.000;0.000;CACADOR_SC_EATON LTDA_13270000;4,;96,;OURO NEGRO;DISTRIBUICAO;CHAVE_EXATA;Planilha2!G/F - linha 6451;CONFLITO/REVISAR
50;EATON LTDA;2;EATON - TRANSPORTE LTL;102020711;AEREO - LTL;  ;13270000;VALINHOS;SP;89560000;VIDEIRA;SC;Indiferente     ;Rodoviario  ;96.000;4;0.000;0.000;VIDEIRA_SC_EATON LTDA_13270000;4,;96,;OURO NEGRO;DISTRIBUICAO;CHAVE_EXATA;Planilha2!G/F - linha 6479;CONFLITO/REVISAR
50;EATON LTDA;2;EATON - TRANSPORTE LTL;102020711;AEREO - LTL;  ;13270000;VALINHOS;SP;89600000;JOACABA;SC;Indiferente     ;Rodoviario  ;96.000;4;0.000;0.000;JOACABA_SC_EATON LTDA_13270000;3,;72,;OURO NEGRO;DISTRIBUICAO;CHAVE_EXATA;Planilha2!G/F - linha 6464;CONFLITO/REVISAR
50;EATON LTDA;2;EATON - TRANSPORTE LTL;102020711;AEREO - LTL;  ;13270000;VALINHOS;SP;89609000;LUZERNA;SC;Indiferente     ;Rodoviario  ;96.000;4;0.000;0.000;LUZERNA_SC_EATON LTDA_13270000;2,;48,;LOGI SUL;DISTRIBUICAO;CHAVE_EXATA;Planilha2!G/F - linha 6580;OK - DISTRIBUICAO
50;EATON LTDA;2;EATON - TRANSPORTE LTL;102020711;AEREO - LTL;  ;13270000;VALINHOS;SP;89700000;CONCORDIA;SC;Indiferente     ;Rodoviario  ;96.000;4;0.000;0.000;CONCORDIA_SC_EATON LTDA_13270000;3,;72,;OURO NEGRO;DISTRIBUICAO;CHAVE_EXATA;Planilha2!G/F - linha 6456;CONFLITO/REVISAR
50;EATON LTDA;2;EATON - TRANSPORTE LTL;102020711;AEREO - LTL;  ;13270000;VALINHOS;SP;89820000;XANXERE;SC;Indiferente     ;Rodoviario  ;96.000;4;0.000;0.000;XANXERE_SC_EATON LTDA_13270000;3,;72,;OURO NEGRO;DISTRIBUICAO;CHAVE_EXATA;Planilha2!G/F - linha 6480;CONFLITO/REVISAR
50;EATON LTDA;2;EATON - TRANSPORTE LTL;102020711;AEREO - LTL;  ;13270000;VALINHOS;SP;89825000;XAXIM;SC;Indiferente     ;Rodoviario  ;96.000;4;0.000;0.000;XAXIM_SC_EATON LTDA_13270000;3,;72,;LOGI SUL;DISTRIBUICAO;CHAVE_EXATA;Planilha2!G/F - linha 6777;OK - DISTRIBUICAO
50;EATON LTDA;2;EATON - TRANSPORTE LTL;102020711;AEREO - LTL;  ;13270000;VALINHOS;SP;89872000;MODELO;SC;Indiferente     ;Rodoviario  ;96.000;4;0.000;0.000;MODELO_SC_EATON LTDA_13270000;4,;96,;LOGI SUL;DISTRIBUICAO;CHAVE_EXATA;Planilha2!G/F - linha 6761;OK - DISTRIBUICAO
50;EATON LTDA;2;EATON - TRANSPORTE LTL;102020711;AEREO - LTL;  ;13270000;VALINHOS;SP;89900000;SAO MIGUEL DO OESTE;SC;Indiferente     ;Rodoviario  ;96.000;4;0.000;0.000;SAO MIGUEL DO OESTE_SC_EATON LTDA_13270000;4,;96,;OURO NEGRO;DISTRIBUICAO;CHAVE_EXATA;Planilha2!G/F - linha 6477;CONFLITO/REVISAR
50;EATON LTDA;2;EATON - TRANSPORTE LTL;102020711;AEREO - LTL;  ;13270000;VALINHOS;SP;89990000;SAO LOURENCO DO OESTE;SC;Indiferente     ;Rodoviario  ;96.000;4;0.000;0.000;SAO LOURENCO DO OESTE_SC_EATON LTDA_13270000;3,;72,;OURO NEGRO;DISTRIBUICAO;CHAVE_EXATA;Planilha2!G/F - linha 6482;CONFLITO/REVISAR
50;EATON LTDA;2;EATON - TRANSPORTE LTL;102020711;AEREO - LTL;  ;13270000;VALINHOS;SP;90000000;PORTO ALEGRE;RS;Indiferente     ;Rodoviario  ;48.000;2;0.000;0.000;PORTO ALEGRE_RS_EATON LTDA_13270000;2,;48,;OURO NEGRO;DISTRIBUICAO;CHAVE_EXATA;Planilha2!G/F - linha 6392;CONFLITO/REVISAR
50;EATON LTDA;2;EATON - TRANSPORTE LTL;102020711;AEREO - LTL;  ;13270000;VALINHOS;SP;92000000;CANOAS;RS;Indiferente     ;Rodoviario  ;96.000;4;0.000;0.000;CANOAS_RS_EATON LTDA_13270000;3,;72,;OURO NEGRO;DISTRIBUICAO;CHAVE_EXATA;Planilha2!G/F - linha 6401;CONFLITO/REVISAR
50;EATON LTDA;2;EATON - TRANSPORTE LTL;102020711;AEREO - LTL;  ;13270000;VALINHOS;SP;92990000;ELDORADO DO SUL;RS;Indiferente     ;Rodoviario  ;96.000;4;0.000;0.000;ELDORADO DO SUL_RS_EATON LTDA_13270000;3,;72,;OURO NEGRO;DISTRIBUICAO;CHAVE_EXATA;Planilha2!G/F - linha 6386;CONFLITO/REVISAR
50;EATON LTDA;2;EATON - TRANSPORTE LTL;102020711;AEREO - LTL;  ;13270000;VALINHOS;SP;93000000;SAO LEOPOLDO;RS;Indiferente     ;Rodoviario  ;96.000;4;0.000;0.000;SAO LEOPOLDO_RS_EATON LTDA_13270000;2,;48,;OURO NEGRO;DISTRIBUICAO;CHAVE_EXATA;Planilha2!G/F - linha 6394;CONFLITO/REVISAR
50;EATON LTDA;2;EATON - TRANSPORTE LTL;102020711;AEREO - LTL;  ;13270000;VALINHOS;SP;93200000;SAPUCAIA DO SUL;RS;Indiferente     ;Rodoviario  ;96.000;4;0.000;0.000;SAPUCAIA DO SUL_RS_EATON LTDA_13270000;1,;24,;LOGI SUL;DISTRIBUICAO;CHAVE_EXATA;Planilha2!G/F - linha 7198;OK - DISTRIBUICAO
50;EATON LTDA;2;EATON - TRANSPORTE LTL;102020711;AEREO - LTL;  ;13270000;VALINHOS;SP;93250000;ESTEIO;RS;Indiferente     ;Rodoviario  ;96.000;4;0.000;0.000;ESTEIO_RS_EATON LTDA_13270000;2,;48,;LOGI SUL;DISTRIBUICAO;CHAVE_EXATA;Planilha2!G/F - linha 6937;OK - DISTRIBUICAO
50;EATON LTDA;2;EATON - TRANSPORTE LTL;102020711;AEREO - LTL;  ;13270000;VALINHOS;SP;93300000;NOVO HAMBURGO;RS;Indiferente     ;Rodoviario  ;96.000;4;0.000;0.000;NOVO HAMBURGO_RS_EATON LTDA_13270000;3,;72,;OURO NEGRO;DISTRIBUICAO;CHAVE_EXATA;Planilha2!G/F - linha 6408;CONFLITO/REVISAR
50;EATON LTDA;2;EATON - TRANSPORTE LTL;102020711;AEREO - LTL;  ;13270000;VALINHOS;SP;93900000;IVOTI;RS;Indiferente     ;Rodoviario  ;96.000;4;0.000;0.000;IVOTI_RS_EATON LTDA_13270000;3,;72,;LOGI SUL;DISTRIBUICAO;CHAVE_EXATA;Planilha2!G/F - linha 6998;OK - DISTRIBUICAO
50;EATON LTDA;2;EATON - TRANSPORTE LTL;102020711;AEREO - LTL;  ;13270000;VALINHOS;SP;94000000;GRAVATAI;RS;Indiferente     ;Rodoviario  ;96.000;4;0.000;0.000;GRAVATAI_RS_EATON LTDA_13270000;2,;48,;OURO NEGRO;DISTRIBUICAO;CHAVE_EXATA;Planilha2!G/F - linha 6389;CONFLITO/REVISAR
50;EATON LTDA;2;EATON - TRANSPORTE LTL;102020711;AEREO - LTL;  ;13270000;VALINHOS;SP;94900000;CACHOEIRINHA;RS;Indiferente     ;Rodoviario  ;96.000;4;0.000;0.000;CACHOEIRINHA_RS_EATON LTDA_13270000;2,;48,;OURO NEGRO;DISTRIBUICAO;CHAVE_EXATA;Planilha2!G/F - linha 6384;CONFLITO/REVISAR
50;EATON LTDA;2;EATON - TRANSPORTE LTL;102020711;AEREO - LTL;  ;13270000;VALINHOS;SP;95180000;FARROUPILHA;RS;Indiferente     ;Rodoviario  ;96.000;4;0.000;0.000;FARROUPILHA_RS_EATON LTDA_13270000;3,;72,;OURO NEGRO;DISTRIBUICAO;CHAVE_EXATA;Planilha2!G/F - linha 6387;CONFLITO/REVISAR
50;EATON LTDA;2;EATON - TRANSPORTE LTL;102020711;AEREO - LTL;  ;13270000;VALINHOS;SP;95236000;MONTE ALEGRE DOS CAMPOS;RS;Indiferente     ;Rodoviario  ;96.000;4;0.000;0.000;MONTE ALEGRE DOS CAMPOS_RS_EATON LTDA_13270000;5,;120,;LOGI SUL;DISTRIBUICAO;CHAVE_EXATA;Planilha2!G/F - linha 7037;OK - DISTRIBUICAO
50;EATON LTDA;2;EATON - TRANSPORTE LTL;102020711;AEREO - LTL;  ;13270000;VALINHOS;SP;95335000;COTIPORA;RS;Indiferente     ;Rodoviario  ;96.000;4;0.000;0.000;COTIPORA_RS_EATON LTDA_13270000;5,;120,;LOGI SUL;DISTRIBUICAO;CHAVE_EXATA;Planilha2!G/F - linha 6898;OK - DISTRIBUICAO
50;EATON LTDA;2;EATON - TRANSPORTE LTL;102020711;AEREO - LTL;  ;13270000;VALINHOS;SP;95520000;OSORIO;RS;Indiferente     ;Rodoviario  ;96.000;4;0.000;0.000;OSORIO_RS_EATON LTDA_13270000;4,;96,;OURO NEGRO;DISTRIBUICAO;CHAVE_EXATA;Planilha2!G/F - linha 6420;CONFLITO/REVISAR
50;EATON LTDA;2;EATON - TRANSPORTE LTL;102020711;AEREO - LTL;  ;13270000;VALINHOS;SP;95650000;IGREJINHA;RS;Indiferente     ;Rodoviario  ;96.000;4;0.000;0.000;IGREJINHA_RS_EATON LTDA_13270000;4,;96,;LOGI SUL;DISTRIBUICAO;CHAVE_EXATA;Planilha2!G/F - linha 6981;OK - DISTRIBUICAO
50;EATON LTDA;2;EATON - TRANSPORTE LTL;102020711;AEREO - LTL;  ;13270000;VALINHOS;SP;95680000;CANELA;RS;Indiferente     ;Rodoviario  ;96.000;4;0.000;0.000;CANELA_RS_EATON LTDA_13270000;3,;72,;LOGI SUL;DISTRIBUICAO;CHAVE_EXATA;Planilha2!G/F - linha 6856;OK - DISTRIBUICAO
50;EATON LTDA;2;EATON - TRANSPORTE LTL;102020711;AEREO - LTL;  ;13270000;VALINHOS;SP;95700000;BENTO GONCALVES;RS;Indiferente     ;Rodoviario  ;96.000;4;0.000;0.000;BENTO GONCALVES_RS_EATON LTDA_13270000;3,;72,;OURO NEGRO;DISTRIBUICAO;CHAVE_EXATA;Planilha2!G/F - linha 6399;CONFLITO/REVISAR
50;EATON LTDA;2;EATON - TRANSPORTE LTL;102020711;AEREO - LTL;  ;13270000;VALINHOS;SP;95720000;GARIBALDI;RS;Indiferente     ;Rodoviario  ;96.000;4;0.000;0.000;GARIBALDI_RS_EATON LTDA_13270000;3,;72,;OURO NEGRO;DISTRIBUICAO;CHAVE_EXATA;Planilha2!G/F - linha 6388;CONFLITO/REVISAR
50;EATON LTDA;2;EATON - TRANSPORTE LTL;102020711;AEREO - LTL;  ;13270000;VALINHOS;SP;95860000;TAQUARI;RS;Indiferente     ;Rodoviario  ;96.000;4;0.000;0.000;TAQUARI_RS_EATON LTDA_13270000;5,;120,;LOGI SUL;DISTRIBUICAO;CHAVE_EXATA;Planilha2!G/F - linha 6912;OK - DISTRIBUICAO
50;EATON LTDA;2;EATON - TRANSPORTE LTL;102020711;AEREO - LTL;  ;13270000;VALINHOS;SP;95900000;LAJEADO;RS;Indiferente     ;Rodoviario  ;96.000;4;0.000;0.000;LAJEADO_RS_EATON LTDA_13270000;4,;96,;OURO NEGRO;DISTRIBUICAO;CHAVE_EXATA;Planilha2!G/F - linha 6391;CONFLITO/REVISAR
50;EATON LTDA;2;EATON - TRANSPORTE LTL;102020711;AEREO - LTL;  ;13270000;VALINHOS;SP;95940000;ARROIO DO MEIO;RS;Indiferente     ;Rodoviario  ;96.000;4;0.000;0.000;ARROIO DO MEIO_RS_EATON LTDA_13270000;3,;72,;LOGI SUL;DISTRIBUICAO;CHAVE_EXATA;Planilha2!G/F - linha 6799;OK - DISTRIBUICAO
50;EATON LTDA;2;EATON - TRANSPORTE LTL;102020711;AEREO - LTL;  ;13270000;VALINHOS;SP;96000000;PELOTAS;RS;Indiferente     ;Rodoviario  ;96.000;4;0.000;0.000;PELOTAS_RS_EATON LTDA_13270000;4,;96,;OURO NEGRO;DISTRIBUICAO;CHAVE_EXATA;Planilha2!G/F - linha 6421;CONFLITO/REVISAR
50;EATON LTDA;2;EATON - TRANSPORTE LTL;102020711;AEREO - LTL;  ;13270000;VALINHOS;SP;96180000;CAMAQUA;RS;Indiferente     ;Rodoviario  ;96.000;4;0.000;0.000;CAMAQUA_RS_EATON LTDA_13270000;4,;96,;OURO NEGRO;DISTRIBUICAO;CHAVE_EXATA;Planilha2!G/F - linha 6413;CONFLITO/REVISAR
50;EATON LTDA;2;EATON - TRANSPORTE LTL;102020711;AEREO - LTL;  ;13270000;VALINHOS;SP;96500000;CACHOEIRA DO SUL;RS;Indiferente     ;Rodoviario  ;96.000;4;0.000;0.000;CACHOEIRA DO SUL_RS_EATON LTDA_13270000;5,;120,;OURO NEGRO;DISTRIBUICAO;CHAVE_EXATA;Planilha2!G/F - linha 6400;CONFLITO/REVISAR
50;EATON LTDA;2;EATON - TRANSPORTE LTL;102020711;AEREO - LTL;  ;13270000;VALINHOS;SP;96800000;SANTA CRUZ DO SUL;RS;Indiferente     ;Rodoviario  ;96.000;4;0.000;0.000;SANTA CRUZ DO SUL_RS_EATON LTDA_13270000;5,;120,;OURO NEGRO;DISTRIBUICAO;CHAVE_EXATA;Planilha2!G/F - linha 6409;CONFLITO/REVISAR
50;EATON LTDA;2;EATON - TRANSPORTE LTL;102020711;AEREO - LTL;  ;13270000;VALINHOS;SP;97000000;SANTA MARIA;RS;Indiferente     ;Rodoviario  ;96.000;4;0.000;0.000;SANTA MARIA_RS_EATON LTDA_13270000;5,;120,;OURO NEGRO;DISTRIBUICAO;CHAVE_EXATA;Planilha2!G/F - linha 6410;CONFLITO/REVISAR
50;EATON LTDA;2;EATON - TRANSPORTE LTL;102020711;AEREO - LTL;  ;13270000;VALINHOS;SP;98200000;IBIRUBA;RS;Indiferente     ;Rodoviario  ;96.000;4;0.000;0.000;IBIRUBA_RS_EATON LTDA_13270000;6,;144,;OURO NEGRO;DISTRIBUICAO;CHAVE_EXATA;Planilha2!G/F - linha 6417;CONFLITO/REVISAR
50;EATON LTDA;2;EATON - TRANSPORTE LTL;102020711;AEREO - LTL;  ;13270000;VALINHOS;SP;98280000;PANAMBI;RS;Indiferente     ;Rodoviario  ;96.000;4;0.000;0.000;PANAMBI_RS_EATON LTDA_13270000;5,;120,;OURO NEGRO;DISTRIBUICAO;CHAVE_EXATA;Planilha2!G/F - linha 6433;CONFLITO/REVISAR
50;EATON LTDA;2;EATON - TRANSPORTE LTL;102020711;AEREO - LTL;  ;13270000;VALINHOS;SP;98368000;CRISTAL DO SUL;RS;Indiferente     ;Rodoviario  ;96.000;4;0.000;0.000;CRISTAL DO SUL_RS_EATON LTDA_13270000;5,;120,;LOGI SUL;DISTRIBUICAO;CHAVE_EXATA;Planilha2!G/F - linha 7124;OK - DISTRIBUICAO
50;EATON LTDA;2;EATON - TRANSPORTE LTL;102020711;AEREO - LTL;  ;13270000;VALINHOS;SP;98800000;SANTO ANGELO;RS;Indiferente     ;Rodoviario  ;96.000;4;0.000;0.000;SANTO ANGELO_RS_EATON LTDA_13270000;5,;120,;OURO NEGRO;DISTRIBUICAO;CHAVE_EXATA;Planilha2!G/F - linha 6436;CONFLITO/REVISAR
50;EATON LTDA;2;EATON - TRANSPORTE LTL;102020711;AEREO - LTL;  ;13270000;VALINHOS;SP;98900000;SANTA ROSA;RS;Indiferente     ;Rodoviario  ;96.000;4;0.000;0.000;SANTA ROSA_RS_EATON LTDA_13270000;6,;144,;OURO NEGRO;DISTRIBUICAO;CHAVE_EXATA;Planilha2!G/F - linha 6442;CONFLITO/REVISAR
50;EATON LTDA;2;EATON - TRANSPORTE LTL;102020711;AEREO - LTL;  ;13270000;VALINHOS;SP;98910000;TRES DE MAIO;RS;Indiferente     ;Rodoviario  ;96.000;4;0.000;0.000;TRES DE MAIO_RS_EATON LTDA_13270000;5,;120,;LOGI SUL;DISTRIBUICAO;CHAVE_EXATA;Planilha2!G/F - linha 6916;OK - DISTRIBUICAO
50;EATON LTDA;2;EATON - TRANSPORTE LTL;102020711;AEREO - LTL;  ;13270000;VALINHOS;SP;99000000;PASSO FUNDO;RS;Indiferente     ;Rodoviario  ;96.000;4;0.000;0.000;PASSO FUNDO_RS_EATON LTDA_13270000;5,;120,;OURO NEGRO;DISTRIBUICAO;CHAVE_EXATA;Planilha2!G/F - linha 6434;CONFLITO/REVISAR
50;EATON LTDA;2;EATON - TRANSPORTE LTL;102020711;AEREO - LTL;  ;13270000;VALINHOS;SP;99150000;MARAU;RS;Indiferente     ;Rodoviario  ;96.000;4;0.000;0.000;MARAU_RS_EATON LTDA_13270000;5,;120,;OURO NEGRO;DISTRIBUICAO;CHAVE_EXATA;Planilha2!G/F - linha 6405;CONFLITO/REVISAR
50;EATON LTDA;2;EATON - TRANSPORTE LTL;102020711;AEREO - LTL;  ;13270000;VALINHOS;SP;99250000;SERAFINA CORREA;RS;Indiferente     ;Rodoviario  ;96.000;4;0.000;0.000;SERAFINA CORREA_RS_EATON LTDA_13270000;4,;96,;LOGI SUL;DISTRIBUICAO;CHAVE_EXATA;Planilha2!G/F - linha 7206;OK - DISTRIBUICAO
50;EATON LTDA;2;EATON - TRANSPORTE LTL;102020711;AEREO - LTL;  ;13270000;VALINHOS;SP;99260000;CASCA;RS;Indiferente     ;Rodoviario  ;96.000;4;0.000;0.000;CASCA_RS_EATON LTDA_13270000;3,;72,;LOGI SUL;DISTRIBUICAO;CHAVE_EXATA;Planilha2!G/F - linha 6871;OK - DISTRIBUICAO
50;EATON LTDA;2;EATON - TRANSPORTE LTL;102020711;AEREO - LTL;  ;13270000;VALINHOS;SP;99470000;NAOMETOQUE;RS;Indiferente     ;Rodoviario  ;96.000;4;0.000;0.000;NAOMETOQUE_RS_EATON LTDA_13270000;;0,;TSP Sem Cadastro;;;;SEM_CADASTRO - TT E TSP
50;EATON LTDA;2;EATON - TRANSPORTE LTL;102020711;AEREO - LTL;  ;13270000;VALINHOS;SP;99840000;SANANDUVA;RS;Indiferente     ;Rodoviario  ;96.000;4;0.000;0.000;SANANDUVA_RS_EATON LTDA_13270000;4,;96,;LOGI SUL;DISTRIBUICAO;CHAVE_EXATA;Planilha2!G/F - linha 7138;OK - DISTRIBUICAO
62;TOYOTA DO BRASIL LTDA;1;DISTRIBUICAO PEA;101010306;DISTRIBUICAO VENDAS DIRETAS;  ;67000000;ANANINDEUA;PA;9600000;SAO BERNARDO DO CAMPO;SP;Indiferente     ;Rodoviario  ;504.000;21;0.000;0.000;SAO BERNARDO DO CAMPO_SP_TOYOTA DO BRASIL LTDA_67000000;2,;48,;ALFA;REVERSA;FALLBACK_CIDADE_X2;Planilha2!E/F - linha 688;CONFLITO/REVISAR
62;TOYOTA DO BRASIL LTDA;1;DISTRIBUICAO PEA;101010306;DISTRIBUICAO VENDAS DIRETAS;  ;75000000;ANAPOLIS;GO;75000000;ANAPOLIS;GO;Indiferente     ;Rodoviario  ;288.000;12;0.000;0.000;ANAPOLIS_GO_TOYOTA DO BRASIL LTDA_75000000;14,;336,;RIO VERMELHO;REVERSA;FALLBACK_CIDADE_X2;Planilha2!E/F - linha 745;CONFLITO/REVISAR
62;TOYOTA DO BRASIL LTDA;1;DISTRIBUICAO PEA;101010306;DISTRIBUICAO VENDAS DIRETAS;  ;75000000;ANAPOLIS;GO;9600000;SAO BERNARDO DO CAMPO;SP;Indiferente     ;Rodoviario  ;360.000;15;0.000;0.000;SAO BERNARDO DO CAMPO_SP_TOYOTA DO BRASIL LTDA_75000000;2,;48,;ALFA;REVERSA;FALLBACK_CIDADE_X2;Planilha2!E/F - linha 688;CONFLITO/REVISAR
62;TOYOTA DO BRASIL LTDA;1;DISTRIBUICAO PEA;101010306;DISTRIBUICAO VENDAS DIRETAS;  ;74900000;APARECIDA DE GOIANIA;GO;9600000;SAO BERNARDO DO CAMPO;SP;Indiferente     ;Rodoviario  ;288.000;12;0.000;0.000;SAO BERNARDO DO CAMPO_SP_TOYOTA DO BRASIL LTDA_74900000;2,;48,;ALFA;REVERSA;FALLBACK_CIDADE_X2;Planilha2!E/F - linha 688;CONFLITO/REVISAR
62;TOYOTA DO BRASIL LTDA;1;DISTRIBUICAO PEA;101010306;DISTRIBUICAO VENDAS DIRETAS;  ;77800000;ARAGUAINA;TO;77800000;ARAGUAINA;TO;Indiferente     ;Rodoviario  ;504.000;21;0.000;0.000;ARAGUAINA_TO_TOYOTA DO BRASIL LTDA_77800000;16,;384,;RIO VERMELHO;REVERSA;FALLBACK_CIDADE_X2;Planilha2!E/F - linha 741;CONFLITO/REVISAR
62;TOYOTA DO BRASIL LTDA;1;DISTRIBUICAO PEA;101010306;DISTRIBUICAO VENDAS DIRETAS;  ;77800000;ARAGUAINA;TO;9600000;SAO BERNARDO DO CAMPO;SP;Indiferente     ;Rodoviario  ;480.000;20;0.000;0.000;SAO BERNARDO DO CAMPO_SP_TOYOTA DO BRASIL LTDA_77800000;2,;48,;ALFA;REVERSA;FALLBACK_CIDADE_X2;Planilha2!E/F - linha 688;CONFLITO/REVISAR
62;TOYOTA DO BRASIL LTDA;1;DISTRIBUICAO PEA;101010306;DISTRIBUICAO VENDAS DIRETAS;  ;66000000;BELEM;PA;66000000;BELEM;PA;Indiferente     ;Rodoviario  ;360.000;15;0.000;0.000;BELEM_PA_TOYOTA DO BRASIL LTDA_66000000;18,;432,;CARVALIMA;REVERSA;FALLBACK_CIDADE_X2;Planilha2!E/F - linha 7373;CONFLITO/REVISAR
62;TOYOTA DO BRASIL LTDA;1;DISTRIBUICAO PEA;101010306;DISTRIBUICAO VENDAS DIRETAS;  ;9900000;DIADEMA;SP;79300000;CORUMBA;MS;Indiferente     ;Rodoviario  ;168.000;7;0.000;0.000;CORUMBA_MS_TOYOTA DO BRASIL LTDA_9900000;12,;288,;CARVALIMA;REVERSA;FALLBACK_CIDADE_X2;Planilha2!E/F - linha 7352;CONFLITO/REVISAR
62;TOYOTA DO BRASIL LTDA;1;DISTRIBUICAO PEA;101010306;DISTRIBUICAO VENDAS DIRETAS;  ;9900000;DIADEMA;SP;79560000;CHAPADAO DO SUL;MS;Indiferente     ;Rodoviario  ;168.000;7;0.000;0.000;CHAPADAO DO SUL_MS_TOYOTA DO BRASIL LTDA_9900000;14,;336,;CARVALIMA;REVERSA;FALLBACK_CIDADE_X2;Planilha2!E/F - linha 7355;CONFLITO/REVISAR
62;TOYOTA DO BRASIL LTDA;1;DISTRIBUICAO PEA;101010306;DISTRIBUICAO VENDAS DIRETAS;  ;9900000;DIADEMA;SP;79600000;TRES LAGOAS;MS;Indiferente     ;Rodoviario  ;120.000;5;0.000;0.000;TRES LAGOAS_MS_TOYOTA DO BRASIL LTDA_9900000;10,;240,;CARVALIMA;REVERSA;FALLBACK_CIDADE_X2;Planilha2!E/F - linha 7349;CONFLITO/REVISAR
62;TOYOTA DO BRASIL LTDA;1;DISTRIBUICAO PEA;101010306;DISTRIBUICAO VENDAS DIRETAS;  ;9900000;DIADEMA;SP;79800000;DOURADOS;MS;Indiferente     ;Rodoviario  ;144.000;6;0.000;0.000;DOURADOS_MS_TOYOTA DO BRASIL LTDA_9900000;10,;240,;CARVALIMA;REVERSA;FALLBACK_CIDADE_X2;Planilha2!E/F - linha 7344;CONFLITO/REVISAR
62;TOYOTA DO BRASIL LTDA;1;DISTRIBUICAO PEA;101010306;DISTRIBUICAO VENDAS DIRETAS;  ;9900000;DIADEMA;SP;79900000;PONTA PORA;MS;Indiferente     ;Rodoviario  ;192.000;8;0.000;0.000;PONTA PORA_MS_TOYOTA DO BRASIL LTDA_9900000;10,;240,;CARVALIMA;REVERSA;FALLBACK_CIDADE_X2;Planilha2!E/F - linha 7348;OK - REVERSA IDENTIFICADA POR FALLBACK X2
62;TOYOTA DO BRASIL LTDA;1;DISTRIBUICAO PEA;101010306;DISTRIBUICAO VENDAS DIRETAS;  ;79800000;DOURADOS;MS;79800000;DOURADOS;MS;Indiferente     ;Rodoviario  ;432.000;18;0.000;0.000;DOURADOS_MS_TOYOTA DO BRASIL LTDA_79800000;10,;240,;CARVALIMA;REVERSA;FALLBACK_CIDADE_X2;Planilha2!E/F - linha 7344;CONFLITO/REVISAR
62;TOYOTA DO BRASIL LTDA;1;DISTRIBUICAO PEA;101010306;DISTRIBUICAO VENDAS DIRETAS;  ;79800000;DOURADOS;MS;9600000;SAO BERNARDO DO CAMPO;SP;Indiferente     ;Rodoviario  ;432.000;18;;;SAO BERNARDO DO CAMPO_SP_TOYOTA DO BRASIL LTDA_79800000;2,;48,;ALFA;REVERSA;FALLBACK_CIDADE_X2;Planilha2!E/F - linha 688;CONFLITO/REVISAR
62;TOYOTA DO BRASIL LTDA;1;DISTRIBUICAO PEA;101010306;DISTRIBUICAO VENDAS DIRETAS;  ;95270000;FLORES DA CUNHA;RS;70000000;BRASILIA;DF;Indiferente     ;Rodoviario  ;96.000;4;0.000;0.000;BRASILIA_DF_TOYOTA DO BRASIL LTDA_95270000;8,;192,;RIO VERMELHO;REVERSA;FALLBACK_CIDADE_X2;Planilha2!E/F - linha 742;CONFLITO/REVISAR
62;TOYOTA DO BRASIL LTDA;1;DISTRIBUICAO PEA;101010306;DISTRIBUICAO VENDAS DIRETAS;  ;74000000;GOIANIA;GO;74000000;GOIANIA;GO;Indiferente     ;Rodoviario  ;288.000;12;0.000;0.000;GOIANIA_GO_TOYOTA DO BRASIL LTDA_74000000;8,;192,;RIO VERMELHO;REVERSA;FALLBACK_CIDADE_X2;Planilha2!E/F - linha 740;CONFLITO/REVISAR
62;TOYOTA DO BRASIL LTDA;1;DISTRIBUICAO PEA;101010306;DISTRIBUICAO VENDAS DIRETAS;  ;74000000;GOIANIA;GO;9600000;SAO BERNARDO DO CAMPO;SP;Indiferente     ;Rodoviario  ;360.000;15;0.000;0.000;SAO BERNARDO DO CAMPO_SP_TOYOTA DO BRASIL LTDA_74000000;2,;48,;ALFA;REVERSA;FALLBACK_CIDADE_X2;Planilha2!E/F - linha 688;CONFLITO/REVISAR
62;TOYOTA DO BRASIL LTDA;1;DISTRIBUICAO PEA;101010306;DISTRIBUICAO VENDAS DIRETAS;  ;13330000;INDAIATUBA;SP;78600000;BARRA DO GARCAS;MT;Indiferente     ;Rodoviario  ;144.000;6;0.000;0.000;BARRA DO GARCAS_MT_TOYOTA DO BRASIL LTDA_13330000;10,;240,;CARVALIMA;REVERSA;FALLBACK_CIDADE_X2;Planilha2!E/F - linha 7357;OK - REVERSA IDENTIFICADA POR FALLBACK X2
62;TOYOTA DO BRASIL LTDA;1;DISTRIBUICAO PEA;101010306;DISTRIBUICAO VENDAS DIRETAS;  ;13330000;INDAIATUBA;SP;79560000;CHAPADAO DO SUL;MS;Indiferente     ;Rodoviario  ;168.000;7;0.000;0.000;CHAPADAO DO SUL_MS_TOYOTA DO BRASIL LTDA_13330000;14,;336,;CARVALIMA;REVERSA;FALLBACK_CIDADE_X2;Planilha2!E/F - linha 7355;CONFLITO/REVISAR
62;TOYOTA DO BRASIL LTDA;1;DISTRIBUICAO PEA;101010306;DISTRIBUICAO VENDAS DIRETAS;  ;75500000;ITUMBIARA;GO;9600000;SAO BERNARDO DO CAMPO;SP;Indiferente     ;Rodoviario  ;360.000;15;0.000;0.000;SAO BERNARDO DO CAMPO_SP_TOYOTA DO BRASIL LTDA_75500000;2,;48,;ALFA;REVERSA;FALLBACK_CIDADE_X2;Planilha2!E/F - linha 688;CONFLITO/REVISAR
62;TOYOTA DO BRASIL LTDA;1;DISTRIBUICAO PEA;101010306;DISTRIBUICAO VENDAS DIRETAS;  ;68900000;MACAPA;AP;9600000;SAO BERNARDO DO CAMPO;SP;Indiferente     ;Rodoviario  ;720.000;30;0.000;0.000;SAO BERNARDO DO CAMPO_SP_TOYOTA DO BRASIL LTDA_68900000;2,;48,;ALFA;REVERSA;FALLBACK_CIDADE_X2;Planilha2!E/F - linha 688;CONFLITO/REVISAR
62;TOYOTA DO BRASIL LTDA;1;DISTRIBUICAO PEA;101010306;DISTRIBUICAO VENDAS DIRETAS;  ;69000000;MANAUS;AM;9600000;SAO BERNARDO DO CAMPO;SP;Indiferente     ;Rodoviario  ;720.000;30;0.000;0.000;SAO BERNARDO DO CAMPO_SP_TOYOTA DO BRASIL LTDA_69000000;2,;48,;ALFA;REVERSA;FALLBACK_CIDADE_X2;Planilha2!E/F - linha 688;CONFLITO/REVISAR
62;TOYOTA DO BRASIL LTDA;1;DISTRIBUICAO PEA;101010306;DISTRIBUICAO VENDAS DIRETAS;  ;68500000;MARABA;PA;68500000;MARABA;PA;Indiferente     ;Rodoviario  ;576.000;24;0.000;0.000;MARABA_PA_TOYOTA DO BRASIL LTDA_68500000;18,;432,;CARVALIMA;REVERSA;FALLBACK_CIDADE_X2;Planilha2!E/F - linha 7375;CONFLITO/REVISAR
62;TOYOTA DO BRASIL LTDA;1;DISTRIBUICAO PEA;101010306;DISTRIBUICAO VENDAS DIRETAS;  ;68500000;MARABA;PA;9600000;SAO BERNARDO DO CAMPO;SP;Indiferente     ;Rodoviario  ;504.000;21;0.000;0.000;SAO BERNARDO DO CAMPO_SP_TOYOTA DO BRASIL LTDA_68500000;2,;48,;ALFA;REVERSA;FALLBACK_CIDADE_X2;Planilha2!E/F - linha 688;CONFLITO/REVISAR
62;TOYOTA DO BRASIL LTDA;1;DISTRIBUICAO PEA;101010306;DISTRIBUICAO VENDAS DIRETAS;  ;77000000;PALMAS;TO;77000000;PALMAS;TO;Indiferente     ;Rodoviario  ;504.000;21;0.000;0.000;PALMAS_TO_TOYOTA DO BRASIL LTDA_77000000;10,;240,;RIO VERMELHO;REVERSA;FALLBACK_CIDADE_X2;Planilha2!E/F - linha 749;CONFLITO/REVISAR
62;TOYOTA DO BRASIL LTDA;1;DISTRIBUICAO PEA;101010306;DISTRIBUICAO VENDAS DIRETAS;  ;77000000;PALMAS;TO;9600000;SAO BERNARDO DO CAMPO;SP;Indiferente     ;Rodoviario  ;408.000;17;0.000;0.000;SAO BERNARDO DO CAMPO_SP_TOYOTA DO BRASIL LTDA_77000000;2,;48,;ALFA;REVERSA;FALLBACK_CIDADE_X2;Planilha2!E/F - linha 688;CONFLITO/REVISAR
62;TOYOTA DO BRASIL LTDA;1;DISTRIBUICAO PEA;101010306;DISTRIBUICAO VENDAS DIRETAS;  ;96000000;PELOTAS;RS;68740000;CASTANHAL;PA;Indiferente     ;Rodoviario  ;192.000;8;0.000;0.000;CASTANHAL_PA_TOYOTA DO BRASIL LTDA_96000000;18,;432,;CARVALIMA;REVERSA;FALLBACK_CIDADE_X2;Planilha2!E/F - linha 7374;CONFLITO/REVISAR
62;TOYOTA DO BRASIL LTDA;1;DISTRIBUICAO PEA;101010306;DISTRIBUICAO VENDAS DIRETAS;  ;18540000;PORTO FELIZ;SP;66000000;BELEM;PA;Indiferente     ;Rodoviario  ;192.000;8;0.000;0.000;BELEM_PA_TOYOTA DO BRASIL LTDA_18540000;18,;432,;CARVALIMA;REVERSA;FALLBACK_CIDADE_X2;Planilha2!E/F - linha 7373;CONFLITO/REVISAR
62;TOYOTA DO BRASIL LTDA;1;DISTRIBUICAO PEA;101010306;DISTRIBUICAO VENDAS DIRETAS;  ;18540000;PORTO FELIZ;SP;67000000;ANANINDEUA;PA;Indiferente     ;Rodoviario  ;192.000;8;0.000;0.000;ANANINDEUA_PA_TOYOTA DO BRASIL LTDA_18540000;18,;432,;CARVALIMA;REVERSA;FALLBACK_CIDADE_X2;Planilha2!E/F - linha 7372;CONFLITO/REVISAR
62;TOYOTA DO BRASIL LTDA;1;DISTRIBUICAO PEA;101010306;DISTRIBUICAO VENDAS DIRETAS;  ;18540000;PORTO FELIZ;SP;68000000;SANTAREM;PA;Indiferente     ;Rodoviario  ;312.000;13;0.000;0.000;SANTAREM_PA_TOYOTA DO BRASIL LTDA_18540000;18,;432,;CARVALIMA;REVERSA;FALLBACK_CIDADE_X2;Planilha2!E/F - linha 7389;CONFLITO/REVISAR
62;TOYOTA DO BRASIL LTDA;1;DISTRIBUICAO PEA;101010306;DISTRIBUICAO VENDAS DIRETAS;  ;18540000;PORTO FELIZ;SP;68500000;MARABA;PA;Indiferente     ;Rodoviario  ;216.000;9;0.000;0.000;MARABA_PA_TOYOTA DO BRASIL LTDA_18540000;18,;432,;CARVALIMA;REVERSA;FALLBACK_CIDADE_X2;Planilha2!E/F - linha 7375;CONFLITO/REVISAR
62;TOYOTA DO BRASIL LTDA;1;DISTRIBUICAO PEA;101010306;DISTRIBUICAO VENDAS DIRETAS;  ;18540000;PORTO FELIZ;SP;68515000;PARAUAPEBAS;PA;Indiferente     ;Rodoviario  ;264.000;11;0.000;0.000;PARAUAPEBAS_PA_TOYOTA DO BRASIL LTDA_18540000;18,;432,;CARVALIMA;REVERSA;FALLBACK_CIDADE_X2;Planilha2!E/F - linha 7379;CONFLITO/REVISAR
62;TOYOTA DO BRASIL LTDA;1;DISTRIBUICAO PEA;101010306;DISTRIBUICAO VENDAS DIRETAS;  ;18540000;PORTO FELIZ;SP;68550000;REDENCAO;PA;Indiferente     ;Rodoviario  ;216.000;9;0.000;0.000;REDENCAO_PA_TOYOTA DO BRASIL LTDA_18540000;20,;480,;CARVALIMA;REVERSA;FALLBACK_CIDADE_X2;Planilha2!E/F - linha 7385;CONFLITO/REVISAR
62;TOYOTA DO BRASIL LTDA;1;DISTRIBUICAO PEA;101010306;DISTRIBUICAO VENDAS DIRETAS;  ;18540000;PORTO FELIZ;SP;68625000;PARAGOMINAS;PA;Indiferente     ;Rodoviario  ;216.000;9;0.000;0.000;PARAGOMINAS_PA_TOYOTA DO BRASIL LTDA_18540000;18,;432,;CARVALIMA;REVERSA;FALLBACK_CIDADE_X2;Planilha2!E/F - linha 7378;CONFLITO/REVISAR
62;TOYOTA DO BRASIL LTDA;1;DISTRIBUICAO PEA;101010306;DISTRIBUICAO VENDAS DIRETAS;  ;18540000;PORTO FELIZ;SP;68740000;CASTANHAL;PA;Indiferente     ;Rodoviario  ;192.000;8;0.000;0.000;CASTANHAL_PA_TOYOTA DO BRASIL LTDA_18540000;18,;432,;CARVALIMA;REVERSA;FALLBACK_CIDADE_X2;Planilha2!E/F - linha 7374;CONFLITO/REVISAR
62;TOYOTA DO BRASIL LTDA;1;DISTRIBUICAO PEA;101010306;DISTRIBUICAO VENDAS DIRETAS;  ;18540000;PORTO FELIZ;SP;68900000;MACAPA;AP;Indiferente     ;Rodoviario  ;360.000;15;0.000;0.000;MACAPA_AP_TOYOTA DO BRASIL LTDA_18540000;;0,;TSP Sem Cadastro;;;;SEM_CADASTRO - TT E TSP
62;TOYOTA DO BRASIL LTDA;1;DISTRIBUICAO PEA;101010306;DISTRIBUICAO VENDAS DIRETAS;  ;18540000;PORTO FELIZ;SP;70000000;BRASILIA;DF;Indiferente     ;Rodoviario  ;120.000;5;0.000;0.000;BRASILIA_DF_TOYOTA DO BRASIL LTDA_18540000;8,;192,;RIO VERMELHO;REVERSA;FALLBACK_CIDADE_X2;Planilha2!E/F - linha 742;CONFLITO/REVISAR
62;TOYOTA DO BRASIL LTDA;1;DISTRIBUICAO PEA;101010307;DISTRIBUICAO PEA;  ;9600000;SAO BERNARDO DO CAMPO;SP;64000000;TERESINA;PI;Indiferente     ;Rodoviario  ;144.000;6;;;TERESINA_PI_TOYOTA DO BRASIL LTDA_9600000;22,;528,;TECMAR;REVERSA;FALLBACK_CIDADE_X2;Planilha2!E/F - linha 6179;CONFLITO/REVISAR
62;TOYOTA DO BRASIL LTDA;1;DISTRIBUICAO PEA;101010307;DISTRIBUICAO PEA;  ;9600000;SAO BERNARDO DO CAMPO;SP;65000000;SAO LUIS;MA;Indiferente     ;Rodoviario  ;144.000;6;;;SAO LUIS_MA_TOYOTA DO BRASIL LTDA_9600000;18,;432,;TECMAR;REVERSA;FALLBACK_CIDADE_X2;Planilha2!E/F - linha 7299;CONFLITO/REVISAR
62;TOYOTA DO BRASIL LTDA;1;DISTRIBUICAO PEA;101010307;DISTRIBUICAO PEA;  ;9600000;SAO BERNARDO DO CAMPO;SP;66000000;BELEM;PA;Indiferente     ;Rodoviario  ;192.000;8;0.000;0.000;BELEM_PA_TOYOTA DO BRASIL LTDA_9600000;18,;432,;CARVALIMA;REVERSA;FALLBACK_CIDADE_X2;Planilha2!E/F - linha 7373;CONFLITO/REVISAR
62;TOYOTA DO BRASIL LTDA;1;DISTRIBUICAO PEA;101010307;DISTRIBUICAO PEA;  ;9600000;SAO BERNARDO DO CAMPO;SP;67000000;ANANINDEUA;PA;Indiferente     ;Rodoviario  ;192.000;8;0.000;0.000;ANANINDEUA_PA_TOYOTA DO BRASIL LTDA_9600000;18,;432,;CARVALIMA;REVERSA;FALLBACK_CIDADE_X2;Planilha2!E/F - linha 7372;CONFLITO/REVISAR
62;TOYOTA DO BRASIL LTDA;1;DISTRIBUICAO PEA;101010307;DISTRIBUICAO PEA;  ;9600000;SAO BERNARDO DO CAMPO;SP;68000000;SANTAREM;PA;Indiferente     ;Rodoviario  ;216.000;9;0.000;0.000;SANTAREM_PA_TOYOTA DO BRASIL LTDA_9600000;18,;432,;CARVALIMA;REVERSA;FALLBACK_CIDADE_X2;Planilha2!E/F - linha 7389;CONFLITO/REVISAR
62;TOYOTA DO BRASIL LTDA;1;DISTRIBUICAO PEA;101010307;DISTRIBUICAO PEA;  ;9600000;SAO BERNARDO DO CAMPO;SP;68500000;MARABA;PA;Indiferente     ;Rodoviario  ;216.000;9;0.000;0.000;MARABA_PA_TOYOTA DO BRASIL LTDA_9600000;18,;432,;CARVALIMA;REVERSA;FALLBACK_CIDADE_X2;Planilha2!E/F - linha 7375;CONFLITO/REVISAR
62;TOYOTA DO BRASIL LTDA;1;DISTRIBUICAO PEA;101010307;DISTRIBUICAO PEA;  ;9600000;SAO BERNARDO DO CAMPO;SP;68515000;PARAUAPEBAS;PA;Indiferente     ;Rodoviario  ;264.000;11;0.000;0.000;PARAUAPEBAS_PA_TOYOTA DO BRASIL LTDA_9600000;18,;432,;CARVALIMA;REVERSA;FALLBACK_CIDADE_X2;Planilha2!E/F - linha 7379;CONFLITO/REVISAR
62;TOYOTA DO BRASIL LTDA;1;DISTRIBUICAO PEA;101010307;DISTRIBUICAO PEA;  ;9600000;SAO BERNARDO DO CAMPO;SP;68550000;REDENCAO;PA;Indiferente     ;Rodoviario  ;216.000;9;0.000;0.000;REDENCAO_PA_TOYOTA DO BRASIL LTDA_9600000;20,;480,;CARVALIMA;REVERSA;FALLBACK_CIDADE_X2;Planilha2!E/F - linha 7385;CONFLITO/REVISAR
62;TOYOTA DO BRASIL LTDA;1;DISTRIBUICAO PEA;101010307;DISTRIBUICAO PEA;  ;9600000;SAO BERNARDO DO CAMPO;SP;68625000;PARAGOMINAS;PA;Indiferente     ;Rodoviario  ;216.000;9;0.000;0.000;PARAGOMINAS_PA_TOYOTA DO BRASIL LTDA_9600000;18,;432,;CARVALIMA;REVERSA;FALLBACK_CIDADE_X2;Planilha2!E/F - linha 7378;CONFLITO/REVISAR
62;TOYOTA DO BRASIL LTDA;1;DISTRIBUICAO PEA;101010307;DISTRIBUICAO PEA;  ;9600000;SAO BERNARDO DO CAMPO;SP;68740000;CASTANHAL;PA;Indiferente     ;Rodoviario  ;192.000;8;0.000;0.000;CASTANHAL_PA_TOYOTA DO BRASIL LTDA_9600000;18,;432,;CARVALIMA;REVERSA;FALLBACK_CIDADE_X2;Planilha2!E/F - linha 7374;CONFLITO/REVISAR
62;TOYOTA DO BRASIL LTDA;1;DISTRIBUICAO PEA;101010307;DISTRIBUICAO PEA;  ;9600000;SAO BERNARDO DO CAMPO;SP;68900000;MACAPA;AP;Indiferente     ;Rodoviario  ;360.000;15;0.000;0.000;MACAPA_AP_TOYOTA DO BRASIL LTDA_9600000;;0,;TSP Sem Cadastro;;;;SEM_CADASTRO - TT E TSP
62;TOYOTA DO BRASIL LTDA;1;DISTRIBUICAO PEA;101010307;DISTRIBUICAO PEA;  ;9600000;SAO BERNARDO DO CAMPO;SP;69000000;MANAUS;AM;Indiferente     ;Rodoviario  ;384.000;16;0.000;0.000;MANAUS_AM_TOYOTA DO BRASIL LTDA_9600000;;0,;TSP Sem Cadastro;;;;SEM_CADASTRO - TT E TSP
62;TOYOTA DO BRASIL LTDA;1;DISTRIBUICAO PEA;101010307;DISTRIBUICAO PEA;  ;9600000;SAO BERNARDO DO CAMPO;SP;69300000;BOA VISTA;RR;Indiferente     ;Rodoviario  ;480.000;20;0.000;0.000;BOA VISTA_RR_TOYOTA DO BRASIL LTDA_9600000;;0,;TSP Sem Cadastro;;;;SEM_CADASTRO - TT E TSP
62;TOYOTA DO BRASIL LTDA;1;DISTRIBUICAO PEA;101010307;DISTRIBUICAO PEA;  ;9600000;SAO BERNARDO DO CAMPO;SP;69900000;RIO BRANCO;AC;Indiferente     ;Rodoviario  ;288.000;12;0.000;0.000;RIO BRANCO_AC_TOYOTA DO BRASIL LTDA_9600000;26,;624,;CARVALIMA;REVERSA;FALLBACK_CIDADE_X2;Planilha2!E/F - linha 7341;CONFLITO/REVISAR
62;TOYOTA DO BRASIL LTDA;1;DISTRIBUICAO PEA;101010307;DISTRIBUICAO PEA;  ;9600000;SAO BERNARDO DO CAMPO;SP;70000000;BRASILIA;DF;Indiferente     ;Rodoviario  ;120.000;5;0.000;0.000;BRASILIA_DF_TOYOTA DO BRASIL LTDA_9600000;8,;192,;RIO VERMELHO;REVERSA;FALLBACK_CIDADE_X2;Planilha2!E/F - linha 742;CONFLITO/REVISAR
62;TOYOTA DO BRASIL LTDA;1;DISTRIBUICAO PEA;101010307;DISTRIBUICAO PEA;  ;9600000;SAO BERNARDO DO CAMPO;SP;71000000;BRASILIA;DF;Indiferente     ;Rodoviario  ;96.000;4;0.000;0.000;BRASILIA_DF_TOYOTA DO BRASIL LTDA_9600000;8,;192,;RIO VERMELHO;REVERSA;FALLBACK_CIDADE_X2;Planilha2!E/F - linha 742;CONFLITO/REVISAR
62;TOYOTA DO BRASIL LTDA;1;DISTRIBUICAO PEA;101010307;DISTRIBUICAO PEA;  ;9600000;SAO BERNARDO DO CAMPO;SP;72300000;BRASILIA;DF;Indiferente     ;Rodoviario  ;120.000;5;0.000;0.000;BRASILIA_DF_TOYOTA DO BRASIL LTDA_9600000;8,;192,;RIO VERMELHO;REVERSA;FALLBACK_CIDADE_X2;Planilha2!E/F - linha 742;CONFLITO/REVISAR
62;TOYOTA DO BRASIL LTDA;1;DISTRIBUICAO PEA;101010307;DISTRIBUICAO PEA;  ;9600000;SAO BERNARDO DO CAMPO;SP;72314710;BRASILIA;DF;Indiferente     ;Rodoviario  ;120.000;5;0.000;0.000;BRASILIA_DF_TOYOTA DO BRASIL LTDA_9600000;8,;192,;RIO VERMELHO;REVERSA;FALLBACK_CIDADE_X2;Planilha2!E/F - linha 742;CONFLITO/REVISAR
62;TOYOTA DO BRASIL LTDA;1;DISTRIBUICAO PEA;101010307;DISTRIBUICAO PEA;  ;9600000;SAO BERNARDO DO CAMPO;SP;72322802;BRASILIA;DF;Indiferente     ;Rodoviario  ;120.000;5;0.000;0.000;BRASILIA_DF_TOYOTA DO BRASIL LTDA_9600000;8,;192,;RIO VERMELHO;REVERSA;FALLBACK_CIDADE_X2;Planilha2!E/F - linha 742;CONFLITO/REVISAR
62;TOYOTA DO BRASIL LTDA;1;DISTRIBUICAO PEA;101010307;DISTRIBUICAO PEA;  ;9600000;SAO BERNARDO DO CAMPO;SP;74000000;GOIANIA;GO;Indiferente     ;Rodoviario  ;120.000;5;0.000;0.000;GOIANIA_GO_TOYOTA DO BRASIL LTDA_9600000;8,;192,;RIO VERMELHO;REVERSA;FALLBACK_CIDADE_X2;Planilha2!E/F - linha 740;CONFLITO/REVISAR
62;TOYOTA DO BRASIL LTDA;1;DISTRIBUICAO PEA;101010307;DISTRIBUICAO PEA;  ;9600000;SAO BERNARDO DO CAMPO;SP;74900000;APARECIDA DE GOIANIA;GO;Indiferente     ;Rodoviario  ;120.000;5;0.000;0.000;APARECIDA DE GOIANIA_GO_TOYOTA DO BRASIL LTDA_9600000;8,;192,;RIO VERMELHO;REVERSA;FALLBACK_CIDADE_X2;Planilha2!E/F - linha 748;CONFLITO/REVISAR
62;TOYOTA DO BRASIL LTDA;1;DISTRIBUICAO PEA;101010307;DISTRIBUICAO PEA;  ;9600000;SAO BERNARDO DO CAMPO;SP;75000000;ANAPOLIS;GO;Indiferente     ;Rodoviario  ;120.000;5;0.000;0.000;ANAPOLIS_GO_TOYOTA DO BRASIL LTDA_9600000;14,;336,;RIO VERMELHO;REVERSA;FALLBACK_CIDADE_X2;Planilha2!E/F - linha 745;CONFLITO/REVISAR
62;TOYOTA DO BRASIL LTDA;1;DISTRIBUICAO PEA;101010307;DISTRIBUICAO PEA;  ;9600000;SAO BERNARDO DO CAMPO;SP;75500000;ITUMBIARA;GO;Indiferente     ;Rodoviario  ;192.000;8;0.000;0.000;ITUMBIARA_GO_TOYOTA DO BRASIL LTDA_9600000;12,;288,;RIO VERMELHO;REVERSA;FALLBACK_CIDADE_X2;Planilha2!E/F - linha 746;CONFLITO/REVISAR
62;TOYOTA DO BRASIL LTDA;1;DISTRIBUICAO PEA;101010307;DISTRIBUICAO PEA;  ;9600000;SAO BERNARDO DO CAMPO;SP;75800000;JATAI;GO;Indiferente     ;Rodoviario  ;216.000;9;0.000;0.000;JATAI_GO_TOYOTA DO BRASIL LTDA_9600000;8,;192,;RIO VERMELHO;REVERSA;FALLBACK_CIDADE_X2;Planilha2!E/F - linha 794;OK - REVERSA IDENTIFICADA POR FALLBACK X2
62;TOYOTA DO BRASIL LTDA;1;DISTRIBUICAO PEA;101010307;DISTRIBUICAO PEA;  ;9600000;SAO BERNARDO DO CAMPO;SP;75830000;MINEIROS;GO;Indiferente     ;Rodoviario  ;216.000;9;0.000;0.000;MINEIROS_GO_TOYOTA DO BRASIL LTDA_9600000;8,;192,;RIO VERMELHO;REVERSA;FALLBACK_CIDADE_X2;Planilha2!E/F - linha 777;OK - REVERSA IDENTIFICADA POR FALLBACK X2
62;TOYOTA DO BRASIL LTDA;1;DISTRIBUICAO PEA;101010307;DISTRIBUICAO PEA;  ;9600000;SAO BERNARDO DO CAMPO;SP;75900000;RIO VERDE;GO;Indiferente     ;Rodoviario  ;192.000;8;0.000;0.000;RIO VERDE_GO_TOYOTA DO BRASIL LTDA_9600000;12,;288,;RIO VERMELHO;REVERSA;FALLBACK_CIDADE_X2;Planilha2!E/F - linha 744;CONFLITO/REVISAR
62;TOYOTA DO BRASIL LTDA;1;DISTRIBUICAO PEA;101010307;DISTRIBUICAO PEA;  ;9600000;SAO BERNARDO DO CAMPO;SP;77000000;PALMAS;TO;Indiferente     ;Rodoviario  ;192.000;8;0.000;0.000;PALMAS_TO_TOYOTA DO BRASIL LTDA_9600000;10,;240,;RIO VERMELHO;REVERSA;FALLBACK_CIDADE_X2;Planilha2!E/F - linha 749;CONFLITO/REVISAR
62;TOYOTA DO BRASIL LTDA;1;DISTRIBUICAO PEA;101010307;DISTRIBUICAO PEA;  ;9600000;SAO BERNARDO DO CAMPO;SP;77400000;GURUPI;TO;Indiferente     ;Rodoviario  ;240.000;10;0.000;0.000;GURUPI_TO_TOYOTA DO BRASIL LTDA_9600000;8,;192,;RIO VERMELHO;REVERSA;FALLBACK_CIDADE_X2;Planilha2!E/F - linha 778;OK - REVERSA IDENTIFICADA POR FALLBACK X2
62;TOYOTA DO BRASIL LTDA;1;DISTRIBUICAO PEA;101010307;DISTRIBUICAO PEA;  ;9600000;SAO BERNARDO DO CAMPO;SP;77800000;ARAGUAINA;TO;Indiferente     ;Rodoviario  ;240.000;10;0.000;0.000;ARAGUAINA_TO_TOYOTA DO BRASIL LTDA_9600000;16,;384,;RIO VERMELHO;REVERSA;FALLBACK_CIDADE_X2;Planilha2!E/F - linha 741;CONFLITO/REVISAR
62;TOYOTA DO BRASIL LTDA;1;DISTRIBUICAO PEA;101010307;DISTRIBUICAO PEA;  ;9600000;SAO BERNARDO DO CAMPO;SP;78000000;CUIABA;MT;Indiferente     ;Rodoviario  ;144.000;6;0.000;0.000;CUIABA_MT_TOYOTA DO BRASIL LTDA_9600000;10,;240,;CARVALIMA;REVERSA;FALLBACK_CIDADE_X2;Planilha2!E/F - linha 7359;CONFLITO/REVISAR
62;TOYOTA DO BRASIL LTDA;1;DISTRIBUICAO PEA;101010307;DISTRIBUICAO PEA;  ;9600000;SAO BERNARDO DO CAMPO;SP;78110000;VARZEA GRANDE;MT;Indiferente     ;Rodoviario  ;144.000;6;0.000;0.000;VARZEA GRANDE_MT_TOYOTA DO BRASIL LTDA_9600000;10,;240,;CARVALIMA;REVERSA;FALLBACK_CIDADE_X2;Planilha2!E/F - linha 7360;CONFLITO/REVISAR
62;TOYOTA DO BRASIL LTDA;1;DISTRIBUICAO PEA;101010307;DISTRIBUICAO PEA;  ;9600000;SAO BERNARDO DO CAMPO;SP;78200000;CACERES;MT;Indiferente     ;Rodoviario  ;144.000;6;0.000;0.000;CACERES_MT_TOYOTA DO BRASIL LTDA_9600000;10,;240,;CARVALIMA;REVERSA;FALLBACK_CIDADE_X2;Planilha2!E/F - linha 7358;OK - REVERSA IDENTIFICADA POR FALLBACK X2
62;TOYOTA DO BRASIL LTDA;1;DISTRIBUICAO PEA;101010307;DISTRIBUICAO PEA;  ;9600000;SAO BERNARDO DO CAMPO;SP;78300000;TANGARA DA SERRA;MT;Indiferente     ;Rodoviario  ;144.000;6;0.000;0.000;TANGARA DA SERRA_MT_TOYOTA DO BRASIL LTDA_9600000;12,;288,;CARVALIMA;REVERSA;FALLBACK_CIDADE_X2;Planilha2!E/F - linha 7369;CONFLITO/REVISAR
62;TOYOTA DO BRASIL LTDA;1;DISTRIBUICAO PEA;101010307;DISTRIBUICAO PEA;  ;9600000;SAO BERNARDO DO CAMPO;SP;78320000;JUINA;MT;Indiferente     ;Rodoviario  ;144.000;6;0.000;0.000;JUINA_MT_TOYOTA DO BRASIL LTDA_9600000;18,;432,;CARVALIMA;REVERSA;FALLBACK_CIDADE_X2;Planilha2!E/F - linha 7371;OK - REVERSA IDENTIFICADA POR FALLBACK X2
62;TOYOTA DO BRASIL LTDA;1;DISTRIBUICAO PEA;101010307;DISTRIBUICAO PEA;  ;9600000;SAO BERNARDO DO CAMPO;SP;78455000;LUCAS DO RIO VERDE;MT;Indiferente     ;Rodoviario  ;168.000;7;0.000;0.000;LUCAS DO RIO VERDE_MT_TOYOTA DO BRASIL LTDA_9600000;12,;288,;CARVALIMA;REVERSA;FALLBACK_CIDADE_X2;Planilha2!E/F - linha 7363;OK - REVERSA IDENTIFICADA POR FALLBACK X2
62;TOYOTA DO BRASIL LTDA;1;DISTRIBUICAO PEA;101010307;DISTRIBUICAO PEA;  ;9600000;SAO BERNARDO DO CAMPO;SP;78550000;SINOP;MT;Indiferente     ;Rodoviario  ;168.000;7;0.000;0.000;SINOP_MT_TOYOTA DO BRASIL LTDA_9600000;12,;288,;CARVALIMA;REVERSA;FALLBACK_CIDADE_X2;Planilha2!E/F - linha 7367;CONFLITO/REVISAR
62;TOYOTA DO BRASIL LTDA;1;DISTRIBUICAO PEA;101010307;DISTRIBUICAO PEA;  ;9600000;SAO BERNARDO DO CAMPO;SP;78600000;BARRA DO GARCAS;MT;Indiferente     ;Rodoviario  ;144.000;6;0.000;0.000;BARRA DO GARCAS_MT_TOYOTA DO BRASIL LTDA_9600000;10,;240,;CARVALIMA;REVERSA;FALLBACK_CIDADE_X2;Planilha2!E/F - linha 7357;OK - REVERSA IDENTIFICADA POR FALLBACK X2
62;TOYOTA DO BRASIL LTDA;1;DISTRIBUICAO PEA;101010307;DISTRIBUICAO PEA;  ;9600000;SAO BERNARDO DO CAMPO;SP;78635000;AGUA BOA;MT;Indiferente     ;Rodoviario  ;168.000;7;0.000;0.000;AGUA BOA_MT_TOYOTA DO BRASIL LTDA_9600000;12,;288,;CARVALIMA;REVERSA;FALLBACK_CIDADE_X2;Planilha2!E/F - linha 7422;OK - REVERSA IDENTIFICADA POR FALLBACK X2
62;TOYOTA DO BRASIL LTDA;1;DISTRIBUICAO PEA;101010307;DISTRIBUICAO PEA;  ;9600000;SAO BERNARDO DO CAMPO;SP;78700000;RONDONOPOLIS;MT;Indiferente     ;Rodoviario  ;168.000;7;0.000;0.000;RONDONOPOLIS_MT_TOYOTA DO BRASIL LTDA_9600000;12,;288,;CARVALIMA;REVERSA;FALLBACK_CIDADE_X2;Planilha2!E/F - linha 7366;CONFLITO/REVISAR
62;TOYOTA DO BRASIL LTDA;1;DISTRIBUICAO PEA;101010307;DISTRIBUICAO PEA;  ;9600000;SAO BERNARDO DO CAMPO;SP;78850000;PRIMAVERA DO LESTE;MT;Indiferente     ;Rodoviario  ;144.000;6;0.000;0.000;PRIMAVERA DO LESTE_MT_TOYOTA DO BRASIL LTDA_9600000;12,;288,;CARVALIMA;REVERSA;FALLBACK_CIDADE_X2;Planilha2!E/F - linha 7365;CONFLITO/REVISAR
62;TOYOTA DO BRASIL LTDA;1;DISTRIBUICAO PEA;101010307;DISTRIBUICAO PEA;  ;9600000;SAO BERNARDO DO CAMPO;SP;78890000;SORRISO;MT;Indiferente     ;Rodoviario  ;144.000;6;0.000;0.000;SORRISO_MT_TOYOTA DO BRASIL LTDA_9600000;12,;288,;CARVALIMA;REVERSA;FALLBACK_CIDADE_X2;Planilha2!E/F - linha 7368;CONFLITO/REVISAR
62;TOYOTA DO BRASIL LTDA;1;DISTRIBUICAO PEA;101010307;DISTRIBUICAO PEA;  ;9600000;SAO BERNARDO DO CAMPO;SP;78900000;PORTO VELHO;RO;Indiferente     ;Rodoviario  ;288.000;12;0.000;0.000;PORTO VELHO_RO_TOYOTA DO BRASIL LTDA_9600000;22,;528,;CARVALIMA;REVERSA;FALLBACK_CIDADE_X2;Planilha2!E/F - linha 7396;CONFLITO/REVISAR
62;TOYOTA DO BRASIL LTDA;1;DISTRIBUICAO PEA;101010307;DISTRIBUICAO PEA;  ;9600000;SAO BERNARDO DO CAMPO;SP;78930000;ARIQUEMES;RO;Indiferente     ;Rodoviario  ;216.000;9;0.000;0.000;ARIQUEMES_RO_TOYOTA DO BRASIL LTDA_9600000;20,;480,;CARVALIMA;REVERSA;FALLBACK_CIDADE_X2;Planilha2!E/F - linha 7392;OK - REVERSA IDENTIFICADA POR FALLBACK X2
62;TOYOTA DO BRASIL LTDA;1;DISTRIBUICAO PEA;101010307;DISTRIBUICAO PEA;  ;9600000;SAO BERNARDO DO CAMPO;SP;78960000;JIPARANA;RO;Indiferente     ;Rodoviario  ;240.000;10;0.000;0.000;JIPARANA_RO_TOYOTA DO BRASIL LTDA_9600000;;0,;TSP Sem Cadastro;;;;SEM_CADASTRO - TT E TSP
62;TOYOTA DO BRASIL LTDA;1;DISTRIBUICAO PEA;101010307;DISTRIBUICAO PEA;  ;9600000;SAO BERNARDO DO CAMPO;SP;78975000;CACOAL;RO;Indiferente     ;Rodoviario  ;264.000;11;0.000;0.000;CACOAL_RO_TOYOTA DO BRASIL LTDA_9600000;20,;480,;CARVALIMA;REVERSA;FALLBACK_CIDADE_X2;Planilha2!E/F - linha 7393;CONFLITO/REVISAR
62;TOYOTA DO BRASIL LTDA;1;DISTRIBUICAO PEA;101010307;DISTRIBUICAO PEA;  ;9600000;SAO BERNARDO DO CAMPO;SP;78995000;VILHENA;RO;Indiferente     ;Rodoviario  ;264.000;11;0.000;0.000;VILHENA_RO_TOYOTA DO BRASIL LTDA_9600000;18,;432,;CARVALIMA;REVERSA;FALLBACK_CIDADE_X2;Planilha2!E/F - linha 7391;CONFLITO/REVISAR
62;TOYOTA DO BRASIL LTDA;1;DISTRIBUICAO PEA;101010307;DISTRIBUICAO PEA;  ;9600000;SAO BERNARDO DO CAMPO;SP;79000000;CAMPO GRANDE;MS;Indiferente     ;Rodoviario  ;120.000;5;0.000;0.000;CAMPO GRANDE_MS_TOYOTA DO BRASIL LTDA_9600000;10,;240,;CARVALIMA;REVERSA;FALLBACK_CIDADE_X2;Planilha2!E/F - linha 7343;CONFLITO/REVISAR
62;TOYOTA DO BRASIL LTDA;1;DISTRIBUICAO PEA;101010307;DISTRIBUICAO PEA;  ;9600000;SAO BERNARDO DO CAMPO;SP;79300000;CORUMBA;MS;Indiferente     ;Rodoviario  ;168.000;7;0.000;0.000;CORUMBA_MS_TOYOTA DO BRASIL LTDA_9600000;12,;288,;CARVALIMA;REVERSA;FALLBACK_CIDADE_X2;Planilha2!E/F - linha 7352;CONFLITO/REVISAR
62;TOYOTA DO BRASIL LTDA;1;DISTRIBUICAO PEA;101010307;DISTRIBUICAO PEA;  ;9600000;SAO BERNARDO DO CAMPO;SP;79560000;CHAPADAO DO SUL;MS;Indiferente     ;Rodoviario  ;168.000;7;0.000;0.000;CHAPADAO DO SUL_MS_TOYOTA DO BRASIL LTDA_9600000;14,;336,;CARVALIMA;REVERSA;FALLBACK_CIDADE_X2;Planilha2!E/F - linha 7355;CONFLITO/REVISAR
62;TOYOTA DO BRASIL LTDA;1;DISTRIBUICAO PEA;101010307;DISTRIBUICAO PEA;  ;9600000;SAO BERNARDO DO CAMPO;SP;79600000;TRES LAGOAS;MS;Indiferente     ;Rodoviario  ;120.000;5;0.000;0.000;TRES LAGOAS_MS_TOYOTA DO BRASIL LTDA_9600000;10,;240,;CARVALIMA;REVERSA;FALLBACK_CIDADE_X2;Planilha2!E/F - linha 7349;CONFLITO/REVISAR
62;TOYOTA DO BRASIL LTDA;1;DISTRIBUICAO PEA;101010307;DISTRIBUICAO PEA;  ;9600000;SAO BERNARDO DO CAMPO;SP;79800000;DOURADOS;MS;Indiferente     ;Rodoviario  ;144.000;6;0.000;0.000;DOURADOS_MS_TOYOTA DO BRASIL LTDA_9600000;10,;240,;CARVALIMA;REVERSA;FALLBACK_CIDADE_X2;Planilha2!E/F - linha 7344;CONFLITO/REVISAR
62;TOYOTA DO BRASIL LTDA;1;DISTRIBUICAO PEA;101010307;DISTRIBUICAO PEA;  ;9600000;SAO BERNARDO DO CAMPO;SP;79900000;PONTA PORA;MS;Indiferente     ;Rodoviario  ;192.000;8;0.000;0.000;PONTA PORA_MS_TOYOTA DO BRASIL LTDA_9600000;10,;240,;CARVALIMA;REVERSA;FALLBACK_CIDADE_X2;Planilha2!E/F - linha 7348;OK - REVERSA IDENTIFICADA POR FALLBACK X2
62;TOYOTA DO BRASIL LTDA;1;DISTRIBUICAO PEA;101010307;DISTRIBUICAO PEA;  ;78550000;SINOP;MT;78550000;SINOP;MT;Indiferente     ;Rodoviario  ;504.000;21;0.000;0.000;SINOP_MT_TOYOTA DO BRASIL LTDA_78550000;12,;288,;CARVALIMA;REVERSA;FALLBACK_CIDADE_X2;Planilha2!E/F - linha 7367;CONFLITO/REVISAR
62;TOYOTA DO BRASIL LTDA;1;DISTRIBUICAO PEA;101010307;DISTRIBUICAO PEA;  ;78550000;SINOP;MT;9600000;SAO BERNARDO DO CAMPO;SP;Indiferente     ;Rodoviario  ;360.000;15;0.000;0.000;SAO BERNARDO DO CAMPO_SP_TOYOTA DO BRASIL LTDA_78550000;2,;48,;ALFA;REVERSA;FALLBACK_CIDADE_X2;Planilha2!E/F - linha 688;CONFLITO/REVISAR
62;TOYOTA DO BRASIL LTDA;1;DISTRIBUICAO PEA;101010307;DISTRIBUICAO PEA;  ;18000000;SOROCABA;SP;20000000;RIO DE JANEIRO;RJ;Indiferente     ;Rodoviario  ;48.000;2;0.000;0.000;RIO DE JANEIRO_RJ_TOYOTA DO BRASIL LTDA_18000000;4,;96,;CAMILO DOS SANTOS;REVERSA;FALLBACK_CIDADE_X2;Planilha2!E/F - linha 7483;CONFLITO/REVISAR
62;TOYOTA DO BRASIL LTDA;1;DISTRIBUICAO PEA;101010307;DISTRIBUICAO PEA;  ;18000000;SOROCABA;SP;24000000;NITEROI;RJ;Indiferente     ;Rodoviario  ;48.000;2;0.000;0.000;NITEROI_RJ_TOYOTA DO BRASIL LTDA_18000000;6,;144,;CAMILO DOS SANTOS;REVERSA;FALLBACK_CIDADE_X2;Planilha2!E/F - linha 7499;OK - REVERSA IDENTIFICADA POR FALLBACK X2
62;TOYOTA DO BRASIL LTDA;1;DISTRIBUICAO PEA;101010307;DISTRIBUICAO PEA;  ;18000000;SOROCABA;SP;24800000;ITABORAI;RJ;Indiferente     ;Rodoviario  ;72.000;3;0.000;0.000;ITABORAI_RJ_TOYOTA DO BRASIL LTDA_18000000;;0,;CAMILO DOS SANTOS;;;;SEM_CADASTRO
62;TOYOTA DO BRASIL LTDA;1;DISTRIBUICAO PEA;101010307;DISTRIBUICAO PEA;  ;18000000;SOROCABA;SP;25000000;DUQUE DE CAXIAS;RJ;Indiferente     ;Rodoviario  ;48.000;2;0.000;0.000;DUQUE DE CAXIAS_RJ_TOYOTA DO BRASIL LTDA_18000000;6,;144,;CAMILO DOS SANTOS;REVERSA;FALLBACK_CIDADE_X2;Planilha2!E/F - linha 7479;CONFLITO/REVISAR
62;TOYOTA DO BRASIL LTDA;1;DISTRIBUICAO PEA;101010307;DISTRIBUICAO PEA;  ;18000000;SOROCABA;SP;25500000;SAO JOAO DE MERITI;RJ;Indiferente     ;Rodoviario  ;48.000;2;0.000;0.000;SAO JOAO DE MERITI_RJ_TOYOTA DO BRASIL LTDA_18000000;;0,;CAMILO DOS SANTOS;;;;SEM_CADASTRO
62;TOYOTA DO BRASIL LTDA;1;DISTRIBUICAO PEA;101010307;DISTRIBUICAO PEA;  ;18000000;SOROCABA;SP;25600000;PETROPOLIS;RJ;Indiferente     ;Rodoviario  ;72.000;3;0.000;0.000;PETROPOLIS_RJ_TOYOTA DO BRASIL LTDA_18000000;8,;192,;CAMILO DOS SANTOS;REVERSA;FALLBACK_CIDADE_X2;Planilha2!E/F - linha 7482;CONFLITO/REVISAR
62;TOYOTA DO BRASIL LTDA;1;DISTRIBUICAO PEA;101010307;DISTRIBUICAO PEA;  ;18000000;SOROCABA;SP;27300000;BARRA MANSA;RJ;Indiferente     ;Rodoviario  ;72.000;3;0.000;0.000;BARRA MANSA_RJ_TOYOTA DO BRASIL LTDA_18000000;10,;240,;CAMILO DOS SANTOS;REVERSA;FALLBACK_CIDADE_X2;Planilha2!E/F - linha 7475;CONFLITO/REVISAR
62;TOYOTA DO BRASIL LTDA;1;DISTRIBUICAO PEA;101010307;DISTRIBUICAO PEA;  ;18000000;SOROCABA;SP;27500000;RESENDE;RJ;Indiferente     ;Rodoviario  ;96.000;4;0.000;0.000;RESENDE_RJ_TOYOTA DO BRASIL LTDA_18000000;10,;240,;CAMILO DOS SANTOS;REVERSA;FALLBACK_CIDADE_X2;Planilha2!E/F - linha 7535;CONFLITO/REVISAR
62;TOYOTA DO BRASIL LTDA;1;DISTRIBUICAO PEA;101010307;DISTRIBUICAO PEA;  ;18000000;SOROCABA;SP;27900000;MACAE;RJ;Indiferente     ;Rodoviario  ;72.000;3;0.000;0.000;MACAE_RJ_TOYOTA DO BRASIL LTDA_18000000;12,;288,;CAMILO DOS SANTOS;REVERSA;FALLBACK_CIDADE_X2;Planilha2!E/F - linha 7481;CONFLITO/REVISAR
62;TOYOTA DO BRASIL LTDA;1;DISTRIBUICAO PEA;101010307;DISTRIBUICAO PEA;  ;18000000;SOROCABA;SP;28000000;CAMPOS DOS GOYTACAZES;RJ;Indiferente     ;Rodoviario  ;72.000;3;0.000;0.000;CAMPOS DOS GOYTACAZES_RJ_TOYOTA DO BRASIL LTDA_18000000;10,;240,;CAMILO DOS SANTOS;REVERSA;FALLBACK_CIDADE_X2;Planilha2!E/F - linha 7477;CONFLITO/REVISAR
62;TOYOTA DO BRASIL LTDA;1;DISTRIBUICAO PEA;101010307;DISTRIBUICAO PEA;  ;18000000;SOROCABA;SP;28300000;ITAPERUNA;RJ;Indiferente     ;Rodoviario  ;72.000;3;0.000;0.000;ITAPERUNA_RJ_TOYOTA DO BRASIL LTDA_18000000;6,;144,;CAMILO DOS SANTOS;REVERSA;FALLBACK_CIDADE_X2;Planilha2!E/F - linha 7501;CONFLITO/REVISAR
62;TOYOTA DO BRASIL LTDA;1;DISTRIBUICAO PEA;101010307;DISTRIBUICAO PEA;  ;18000000;SOROCABA;SP;28600000;NOVA FRIBURGO;RJ;Indiferente     ;Rodoviario  ;72.000;3;0.000;0.000;NOVA FRIBURGO_RJ_TOYOTA DO BRASIL LTDA_18000000;8,;192,;CAMILO DOS SANTOS;REVERSA;FALLBACK_CIDADE_X2;Planilha2!E/F - linha 7519;OK - REVERSA IDENTIFICADA POR FALLBACK X2
62;TOYOTA DO BRASIL LTDA;1;DISTRIBUICAO PEA;101010307;DISTRIBUICAO PEA;  ;18000000;SOROCABA;SP;28900000;CABO FRIO;RJ;Indiferente     ;Rodoviario  ;72.000;3;0.000;0.000;CABO FRIO_RJ_TOYOTA DO BRASIL LTDA_18000000;10,;240,;CAMILO DOS SANTOS;REVERSA;FALLBACK_CIDADE_X2;Planilha2!E/F - linha 7518;OK - REVERSA IDENTIFICADA POR FALLBACK X2
62;TOYOTA DO BRASIL LTDA;1;DISTRIBUICAO PEA;101010307;DISTRIBUICAO PEA;  ;18000000;SOROCABA;SP;28940000;SAO PEDRO DA ALDEIA;RJ;Indiferente     ;Rodoviario  ;96.000;4;0.000;0.000;SAO PEDRO DA ALDEIA_RJ_TOYOTA DO BRASIL LTDA_18000000;8,;192,;CAMILO DOS SANTOS;REVERSA;FALLBACK_CIDADE_X2;Planilha2!E/F - linha 7504;OK - REVERSA IDENTIFICADA POR FALLBACK X2
62;TOYOTA DO BRASIL LTDA;1;DISTRIBUICAO PEA;101010307;DISTRIBUICAO PEA;  ;18000000;SOROCABA;SP;29000000;VITORIA;ES;Indiferente     ;Rodoviario  ;72.000;3;0.000;0.000;VITORIA_ES_TOYOTA DO BRASIL LTDA_18000000;6,;144,;CAMILO DOS SANTOS;REVERSA;FALLBACK_CIDADE_X2;Planilha2!E/F - linha 7497;OK - REVERSA IDENTIFICADA POR FALLBACK X2
62;TOYOTA DO BRASIL LTDA;1;DISTRIBUICAO PEA;101010307;DISTRIBUICAO PEA;  ;18000000;SOROCABA;SP;29100000;VILA VELHA;ES;Indiferente     ;Rodoviario  ;72.000;3;0.000;0.000;VILA VELHA_ES_TOYOTA DO BRASIL LTDA_18000000;6,;144,;CAMILO DOS SANTOS;REVERSA;FALLBACK_CIDADE_X2;Planilha2!E/F - linha 7495;CONFLITO/REVISAR
62;TOYOTA DO BRASIL LTDA;1;DISTRIBUICAO PEA;101010307;DISTRIBUICAO PEA;  ;18000000;SOROCABA;SP;29140000;CARIACICA;ES;Indiferente     ;Rodoviario  ;72.000;3;0.000;0.000;CARIACICA_ES_TOYOTA DO BRASIL LTDA_18000000;8,;192,;CAMILO DOS SANTOS;REVERSA;FALLBACK_CIDADE_X2;Planilha2!E/F - linha 7462;OK - REVERSA IDENTIFICADA POR FALLBACK X2
62;TOYOTA DO BRASIL LTDA;1;DISTRIBUICAO PEA;101010307;DISTRIBUICAO PEA;  ;18000000;SOROCABA;SP;29160000;SERRA;ES;Indiferente     ;Rodoviario  ;72.000;3;0.000;0.000;SERRA_ES_TOYOTA DO BRASIL LTDA_18000000;8,;192,;CAMILO DOS SANTOS;REVERSA;FALLBACK_CIDADE_X2;Planilha2!E/F - linha 7463;CONFLITO/REVISAR
62;TOYOTA DO BRASIL LTDA;1;DISTRIBUICAO PEA;101010307;DISTRIBUICAO PEA;  ;18000000;SOROCABA;SP;29200000;GUARAPARI;ES;Indiferente     ;Rodoviario  ;96.000;4;0.000;0.000;GUARAPARI_ES_TOYOTA DO BRASIL LTDA_18000000;8,;192,;CAMILO DOS SANTOS;REVERSA;FALLBACK_CIDADE_X2;Planilha2!E/F - linha 7510;OK - REVERSA IDENTIFICADA POR FALLBACK X2
62;TOYOTA DO BRASIL LTDA;1;DISTRIBUICAO PEA;101010307;DISTRIBUICAO PEA;  ;18000000;SOROCABA;SP;29260000;DOMINGOS MARTINS;ES;Indiferente     ;Rodoviario  ;96.000;4;0.000;0.000;DOMINGOS MARTINS_ES_TOYOTA DO BRASIL LTDA_18000000;;0,;TSP Sem Cadastro;;;;SEM_CADASTRO - TT E TSP
62;TOYOTA DO BRASIL LTDA;1;DISTRIBUICAO PEA;101010307;DISTRIBUICAO PEA;  ;18000000;SOROCABA;SP;29300000;CACHOEIRO DE ITAPEMIRIM;ES;Indiferente     ;Rodoviario  ;96.000;4;0.000;0.000;CACHOEIRO DE ITAPEMIRIM_ES_TOYOTA DO BRASIL LTDA_18000000;8,;192,;CAMILO DOS SANTOS;REVERSA;FALLBACK_CIDADE_X2;Planilha2!E/F - linha 7494;CONFLITO/REVISAR
62;TOYOTA DO BRASIL LTDA;1;DISTRIBUICAO PEA;101010307;DISTRIBUICAO PEA;  ;18000000;SOROCABA;SP;29700000;COLATINA;ES;Indiferente     ;Rodoviario  ;96.000;4;0.000;0.000;COLATINA_ES_TOYOTA DO BRASIL LTDA_18000000;6,;144,;CAMILO DOS SANTOS;REVERSA;FALLBACK_CIDADE_X2;Planilha2!E/F - linha 7498;CONFLITO/REVISAR
62;TOYOTA DO BRASIL LTDA;1;DISTRIBUICAO PEA;101010307;DISTRIBUICAO PEA;  ;18000000;SOROCABA;SP;29900000;LINHARES;ES;Indiferente     ;Rodoviario  ;96.000;4;0.000;0.000;LINHARES_ES_TOYOTA DO BRASIL LTDA_18000000;8,;192,;CAMILO DOS SANTOS;REVERSA;FALLBACK_CIDADE_X2;Planilha2!E/F - linha 7493;CONFLITO/REVISAR
62;TOYOTA DO BRASIL LTDA;1;DISTRIBUICAO PEA;101010307;DISTRIBUICAO PEA;  ;18000000;SOROCABA;SP;30000000;BELO HORIZONTE;MG;Indiferente     ;Rodoviario  ;48.000;2;0.000;0.000;BELO HORIZONTE_MG_TOYOTA DO BRASIL LTDA_18000000;6,;144,;CAMILO DOS SANTOS;REVERSA;FALLBACK_CIDADE_X2;Planilha2!E/F - linha 7464;CONFLITO/REVISAR
62;TOYOTA DO BRASIL LTDA;1;DISTRIBUICAO PEA;101010307;DISTRIBUICAO PEA;  ;18000000;SOROCABA;SP;32000000;CONTAGEM;MG;Indiferente     ;Rodoviario  ;48.000;2;0.000;0.000;CONTAGEM_MG_TOYOTA DO BRASIL LTDA_18000000;6,;144,;CAMILO DOS SANTOS;REVERSA;FALLBACK_CIDADE_X2;Planilha2!E/F - linha 7466;CONFLITO/REVISAR
62;TOYOTA DO BRASIL LTDA;1;DISTRIBUICAO PEA;101010307;DISTRIBUICAO PEA;  ;18000000;SOROCABA;SP;35000000;GOVERNADOR VALADARES;MG;Indiferente     ;Rodoviario  ;96.000;4;0.000;0.000;GOVERNADOR VALADARES_MG_TOYOTA DO BRASIL LTDA_18000000;14,;336,;CAMILO DOS SANTOS;REVERSA;FALLBACK_CIDADE_X2;Planilha2!E/F - linha 7545;OK - REVERSA IDENTIFICADA POR FALLBACK X2
62;TOYOTA DO BRASIL LTDA;1;DISTRIBUICAO PEA;101010307;DISTRIBUICAO PEA;  ;18000000;SOROCABA;SP;35160000;IPATINGA;MG;Indiferente     ;Rodoviario  ;72.000;3;0.000;0.000;IPATINGA_MG_TOYOTA DO BRASIL LTDA_18000000;14,;336,;CAMILO DOS SANTOS;REVERSA;FALLBACK_CIDADE_X2;Planilha2!E/F - linha 7546;OK - REVERSA IDENTIFICADA POR FALLBACK X2
62;TOYOTA DO BRASIL LTDA;1;DISTRIBUICAO PEA;101010307;DISTRIBUICAO PEA;  ;18000000;SOROCABA;SP;35500000;DIVINOPOLIS;MG;Indiferente     ;Rodoviario  ;72.000;3;0.000;0.000;DIVINOPOLIS_MG_TOYOTA DO BRASIL LTDA_18000000;;0,;CAMILO DOS SANTOS;;;;SEM_CADASTRO
62;TOYOTA DO BRASIL LTDA;1;DISTRIBUICAO PEA;101010307;DISTRIBUICAO PEA;  ;18000000;SOROCABA;SP;35660000;PARA DE MINAS;MG;Indiferente     ;Rodoviario  ;72.000;3;0.000;0.000;PARA DE MINAS_MG_TOYOTA DO BRASIL LTDA_18000000;;0,;TSP Sem Cadastro;;;;SEM_CADASTRO - TT E TSP
62;TOYOTA DO BRASIL LTDA;1;DISTRIBUICAO PEA;101010307;DISTRIBUICAO PEA;  ;18000000;SOROCABA;SP;35700000;SETE LAGOAS;MG;Indiferente     ;Rodoviario  ;72.000;3;0.000;0.000;SETE LAGOAS_MG_TOYOTA DO BRASIL LTDA_18000000;10,;240,;CAMILO DOS SANTOS;REVERSA;FALLBACK_CIDADE_X2;Planilha2!E/F - linha 7472;OK - REVERSA IDENTIFICADA POR FALLBACK X2
62;TOYOTA DO BRASIL LTDA;1;DISTRIBUICAO PEA;101010307;DISTRIBUICAO PEA;  ;18000000;SOROCABA;SP;35930000;JOAO MONLEVADE;MG;Indiferente     ;Rodoviario  ;72.000;3;0.000;0.000;JOAO MONLEVADE_MG_TOYOTA DO BRASIL LTDA_18000000;;0,;TSP Sem Cadastro;;;;SEM_CADASTRO - TT E TSP
62;TOYOTA DO BRASIL LTDA;1;DISTRIBUICAO PEA;101010307;DISTRIBUICAO PEA;  ;18000000;SOROCABA;SP;36000000;JUIZ DE FORA;MG;Indiferente     ;Rodoviario  ;72.000;3;0.000;0.000;JUIZ DE FORA_MG_TOYOTA DO BRASIL LTDA_18000000;10,;240,;CAMILO DOS SANTOS;REVERSA;FALLBACK_CIDADE_X2;Planilha2!E/F - linha 7468;OK - REVERSA IDENTIFICADA POR FALLBACK X2
62;TOYOTA DO BRASIL LTDA;1;DISTRIBUICAO PEA;101010307;DISTRIBUICAO PEA;  ;18000000;SOROCABA;SP;36500000;UBA;MG;Indiferente     ;Rodoviario  ;96.000;4;0.000;0.000;UBA_MG_TOYOTA DO BRASIL LTDA_18000000;;0,;TSP Sem Cadastro;;;;SEM_CADASTRO - TT E TSP
62;TOYOTA DO BRASIL LTDA;1;DISTRIBUICAO PEA;101010307;DISTRIBUICAO PEA;  ;18000000;SOROCABA;SP;36880000;MURIAE;MG;Indiferente     ;Rodoviario  ;96.000;4;0.000;0.000;MURIAE_MG_TOYOTA DO BRASIL LTDA_18000000;;0,;TSP Sem Cadastro;;;;SEM_CADASTRO - TT E TSP
62;TOYOTA DO BRASIL LTDA;1;DISTRIBUICAO PEA;101010307;DISTRIBUICAO PEA;  ;18000000;SOROCABA;SP;36900000;MANHUACU;MG;Indiferente     ;Rodoviario  ;72.000;3;0.000;0.000;MANHUACU_MG_TOYOTA DO BRASIL LTDA_18000000;;0,;TSP Sem Cadastro;;;;SEM_CADASTRO - TT E TSP
62;TOYOTA DO BRASIL LTDA;1;DISTRIBUICAO PEA;101010307;DISTRIBUICAO PEA;  ;18000000;SOROCABA;SP;37000000;VARGINHA;MG;Indiferente     ;Rodoviario  ;48.000;2;0.000;0.000;VARGINHA_MG_TOYOTA DO BRASIL LTDA_18000000;;0,;TSP Sem Cadastro;;;;SEM_CADASTRO - TT E TSP
62;TOYOTA DO BRASIL LTDA;1;DISTRIBUICAO PEA;101010307;DISTRIBUICAO PEA;  ;18000000;SOROCABA;SP;37550000;POUSO ALEGRE;MG;Indiferente     ;Rodoviario  ;48.000;2;0.000;0.000;POUSO ALEGRE_MG_TOYOTA DO BRASIL LTDA_18000000;14,;336,;CAMILO DOS SANTOS;REVERSA;FALLBACK_CIDADE_X2;Planilha2!E/F - linha 7551;OK - REVERSA IDENTIFICADA POR FALLBACK X2
62;TOYOTA DO BRASIL LTDA;1;DISTRIBUICAO PEA;101010307;DISTRIBUICAO PEA;  ;18000000;SOROCABA;SP;37700000;POCOS DE CALDAS;MG;Indiferente     ;Rodoviario  ;72.000;3;0.000;0.000;POCOS DE CALDAS_MG_TOYOTA DO BRASIL LTDA_18000000;;0,;CAMILO DOS SANTOS;;;;SEM_CADASTRO
62;TOYOTA DO BRASIL LTDA;1;DISTRIBUICAO PEA;101010307;DISTRIBUICAO PEA;  ;18000000;SOROCABA;SP;37900000;PASSOS;MG;Indiferente     ;Rodoviario  ;72.000;3;0.000;0.000;PASSOS_MG_TOYOTA DO BRASIL LTDA_18000000;14,;336,;CAMILO DOS SANTOS;REVERSA;FALLBACK_CIDADE_X2;Planilha2!E/F - linha 7549;OK - REVERSA IDENTIFICADA POR FALLBACK X2
62;TOYOTA DO BRASIL LTDA;1;DISTRIBUICAO PEA;101010307;DISTRIBUICAO PEA;  ;18000000;SOROCABA;SP;38000000;UBERABA;MG;Indiferente     ;Rodoviario  ;72.000;3;0.000;0.000;UBERABA_MG_TOYOTA DO BRASIL LTDA_18000000;14,;336,;CAMILO DOS SANTOS;REVERSA;FALLBACK_CIDADE_X2;Planilha2!E/F - linha 7552;OK - REVERSA IDENTIFICADA POR FALLBACK X2
62;TOYOTA DO BRASIL LTDA;1;DISTRIBUICAO PEA;101010307;DISTRIBUICAO PEA;  ;18000000;SOROCABA;SP;38400000;UBERLANDIA;MG;Indiferente     ;Rodoviario  ;72.000;3;0.000;0.000;UBERLANDIA_MG_TOYOTA DO BRASIL LTDA_18000000;12,;288,;CAMILO DOS SANTOS;REVERSA;FALLBACK_CIDADE_X2;Planilha2!E/F - linha 7473;CONFLITO/REVISAR
62;TOYOTA DO BRASIL LTDA;1;DISTRIBUICAO PEA;101010307;DISTRIBUICAO PEA;  ;18000000;SOROCABA;SP;38700000;PATOS DE MINAS;MG;Indiferente     ;Rodoviario  ;72.000;3;0.000;0.000;PATOS DE MINAS_MG_TOYOTA DO BRASIL LTDA_18000000;;0,;TSP Sem Cadastro;;;;SEM_CADASTRO - TT E TSP
62;TOYOTA DO BRASIL LTDA;1;DISTRIBUICAO PEA;101010307;DISTRIBUICAO PEA;  ;18000000;SOROCABA;SP;39400000;MONTES CLAROS;MG;Indiferente     ;Rodoviario  ;96.000;4;0.000;0.000;MONTES CLAROS_MG_TOYOTA DO BRASIL LTDA_18000000;;0,;TSP Sem Cadastro;;;;SEM_CADASTRO - TT E TSP
62;TOYOTA DO BRASIL LTDA;1;DISTRIBUICAO PEA;101010307;DISTRIBUICAO PEA;  ;18000000;SOROCABA;SP;39800000;TEOFILO OTONI;MG;Indiferente     ;Rodoviario  ;96.000;4;0.000;0.000;TEOFILO OTONI_MG_TOYOTA DO BRASIL LTDA_18000000;;0,;TSP Sem Cadastro;;;;SEM_CADASTRO - TT E TSP
62;TOYOTA DO BRASIL LTDA;1;DISTRIBUICAO PEA;101010307;DISTRIBUICAO PEA;  ;18000000;SOROCABA;SP;66000000;BELEM;PA;Indiferente     ;Rodoviario  ;168.000;7;0.000;0.000;BELEM_PA_TOYOTA DO BRASIL LTDA_18000000;18,;432,;CARVALIMA;REVERSA;FALLBACK_CIDADE_X2;Planilha2!E/F - linha 7373;CONFLITO/REVISAR
62;TOYOTA DO BRASIL LTDA;1;DISTRIBUICAO PEA;101010307;DISTRIBUICAO PEA;  ;18000000;SOROCABA;SP;67000000;ANANINDEUA;PA;Indiferente     ;Rodoviario  ;168.000;7;0.000;0.000;ANANINDEUA_PA_TOYOTA DO BRASIL LTDA_18000000;18,;432,;CARVALIMA;REVERSA;FALLBACK_CIDADE_X2;Planilha2!E/F - linha 7372;CONFLITO/REVISAR
62;TOYOTA DO BRASIL LTDA;1;DISTRIBUICAO PEA;101010307;DISTRIBUICAO PEA;  ;18000000;SOROCABA;SP;68000000;SANTAREM;PA;Indiferente     ;Rodoviario  ;192.000;8;0.000;0.000;SANTAREM_PA_TOYOTA DO BRASIL LTDA_18000000;18,;432,;CARVALIMA;REVERSA;FALLBACK_CIDADE_X2;Planilha2!E/F - linha 7389;CONFLITO/REVISAR
62;TOYOTA DO BRASIL LTDA;1;DISTRIBUICAO PEA;101010307;DISTRIBUICAO PEA;  ;18000000;SOROCABA;SP;68370000;ALTAMIRA;PA;Indiferente     ;Rodoviario  ;192.000;8;0.000;0.000;ALTAMIRA_PA_TOYOTA DO BRASIL LTDA_18000000;20,;480,;CARVALIMA;REVERSA;FALLBACK_CIDADE_X2;Planilha2!E/F - linha 7384;OK - REVERSA IDENTIFICADA POR FALLBACK X2
62;TOYOTA DO BRASIL LTDA;1;DISTRIBUICAO PEA;101010307;DISTRIBUICAO PEA;  ;18000000;SOROCABA;SP;68500000;MARABA;PA;Indiferente     ;Rodoviario  ;192.000;8;0.000;0.000;MARABA_PA_TOYOTA DO BRASIL LTDA_18000000;18,;432,;CARVALIMA;REVERSA;FALLBACK_CIDADE_X2;Planilha2!E/F - linha 7375;CONFLITO/REVISAR
62;TOYOTA DO BRASIL LTDA;1;DISTRIBUICAO PEA;101010307;DISTRIBUICAO PEA;  ;18000000;SOROCABA;SP;68515000;PARAUAPEBAS;PA;Indiferente     ;Rodoviario  ;240.000;10;0.000;0.000;PARAUAPEBAS_PA_TOYOTA DO BRASIL LTDA_18000000;18,;432,;CARVALIMA;REVERSA;FALLBACK_CIDADE_X2;Planilha2!E/F - linha 7379;CONFLITO/REVISAR
62;TOYOTA DO BRASIL LTDA;1;DISTRIBUICAO PEA;101010307;DISTRIBUICAO PEA;  ;18000000;SOROCABA;SP;68550000;REDENCAO;PA;Indiferente     ;Rodoviario  ;216.000;9;0.000;0.000;REDENCAO_PA_TOYOTA DO BRASIL LTDA_18000000;20,;480,;CARVALIMA;REVERSA;FALLBACK_CIDADE_X2;Planilha2!E/F - linha 7385;CONFLITO/REVISAR
62;TOYOTA DO BRASIL LTDA;1;DISTRIBUICAO PEA;101010307;DISTRIBUICAO PEA;  ;18000000;SOROCABA;SP;68625000;PARAGOMINAS;PA;Indiferente     ;Rodoviario  ;192.000;8;0.000;0.000;PARAGOMINAS_PA_TOYOTA DO BRASIL LTDA_18000000;18,;432,;CARVALIMA;REVERSA;FALLBACK_CIDADE_X2;Planilha2!E/F - linha 7378;CONFLITO/REVISAR
62;TOYOTA DO BRASIL LTDA;1;DISTRIBUICAO PEA;101010307;DISTRIBUICAO PEA;  ;18000000;SOROCABA;SP;68740000;CASTANHAL;PA;Indiferente     ;Rodoviario  ;168.000;7;0.000;0.000;CASTANHAL_PA_TOYOTA DO BRASIL LTDA_18000000;18,;432,;CARVALIMA;REVERSA;FALLBACK_CIDADE_X2;Planilha2!E/F - linha 7374;CONFLITO/REVISAR
62;TOYOTA DO BRASIL LTDA;1;DISTRIBUICAO PEA;101010307;DISTRIBUICAO PEA;  ;18000000;SOROCABA;SP;68900000;MACAPA;AP;Indiferente     ;Rodoviario  ;336.000;14;0.000;0.000;MACAPA_AP_TOYOTA DO BRASIL LTDA_18000000;;0,;TSP Sem Cadastro;;;;SEM_CADASTRO - TT E TSP
62;TOYOTA DO BRASIL LTDA;1;DISTRIBUICAO PEA;101010307;DISTRIBUICAO PEA;  ;18000000;SOROCABA;SP;69000000;MANAUS;AM;Indiferente     ;Rodoviario  ;408.000;17;0.000;0.000;MANAUS_AM_TOYOTA DO BRASIL LTDA_18000000;;0,;TSP Sem Cadastro;;;;SEM_CADASTRO - TT E TSP
62;TOYOTA DO BRASIL LTDA;1;DISTRIBUICAO PEA;101010307;DISTRIBUICAO PEA;  ;18000000;SOROCABA;SP;69300000;BOA VISTA;RR;Indiferente     ;Rodoviario  ;480.000;20;0.000;0.000;BOA VISTA_RR_TOYOTA DO BRASIL LTDA_18000000;;0,;TSP Sem Cadastro;;;;SEM_CADASTRO - TT E TSP
62;TOYOTA DO BRASIL LTDA;1;DISTRIBUICAO PEA;101010307;DISTRIBUICAO PEA;  ;18000000;SOROCABA;SP;69900000;RIO BRANCO;AC;Indiferente     ;Rodoviario  ;312.000;13;0.000;0.000;RIO BRANCO_AC_TOYOTA DO BRASIL LTDA_18000000;26,;624,;CARVALIMA;REVERSA;FALLBACK_CIDADE_X2;Planilha2!E/F - linha 7341;CONFLITO/REVISAR
62;TOYOTA DO BRASIL LTDA;1;DISTRIBUICAO PEA;101010307;DISTRIBUICAO PEA;  ;18000000;SOROCABA;SP;69980000;CRUZEIRO DO SUL;AC;Indiferente     ;Rodoviario  ;432.000;18;0.000;0.000;CRUZEIRO DO SUL_AC_TOYOTA DO BRASIL LTDA_18000000;8,;192,;LOGI SUL;REVERSA;FALLBACK_CIDADE_X2;Planilha2!E/F - linha 6905;CONFLITO/REVISAR
62;TOYOTA DO BRASIL LTDA;1;DISTRIBUICAO PEA;101010307;DISTRIBUICAO PEA;  ;18000000;SOROCABA;SP;70000000;BRASILIA;DF;Indiferente     ;Rodoviario  ;96.000;4;0.000;0.000;BRASILIA_DF_TOYOTA DO BRASIL LTDA_18000000;8,;192,;RIO VERMELHO;REVERSA;FALLBACK_CIDADE_X2;Planilha2!E/F - linha 742;CONFLITO/REVISAR
62;TOYOTA DO BRASIL LTDA;1;DISTRIBUICAO PEA;101010307;DISTRIBUICAO PEA;  ;18000000;SOROCABA;SP;74000000;GOIANIA;GO;Indiferente     ;Rodoviario  ;96.000;4;0.000;0.000;GOIANIA_GO_TOYOTA DO BRASIL LTDA_18000000;8,;192,;RIO VERMELHO;REVERSA;FALLBACK_CIDADE_X2;Planilha2!E/F - linha 740;CONFLITO/REVISAR
62;TOYOTA DO BRASIL LTDA;1;DISTRIBUICAO PEA;101010307;DISTRIBUICAO PEA;  ;18000000;SOROCABA;SP;74900000;APARECIDA DE GOIANIA;GO;Indiferente     ;Rodoviario  ;96.000;4;0.000;0.000;APARECIDA DE GOIANIA_GO_TOYOTA DO BRASIL LTDA_18000000;8,;192,;RIO VERMELHO;REVERSA;FALLBACK_CIDADE_X2;Planilha2!E/F - linha 748;CONFLITO/REVISAR
62;TOYOTA DO BRASIL LTDA;1;DISTRIBUICAO PEA;101010307;DISTRIBUICAO PEA;  ;18000000;SOROCABA;SP;75000000;ANAPOLIS;GO;Indiferente     ;Rodoviario  ;96.000;4;0.000;0.000;ANAPOLIS_GO_TOYOTA DO BRASIL LTDA_18000000;14,;336,;RIO VERMELHO;REVERSA;FALLBACK_CIDADE_X2;Planilha2!E/F - linha 745;CONFLITO/REVISAR
62;TOYOTA DO BRASIL LTDA;1;DISTRIBUICAO PEA;101010307;DISTRIBUICAO PEA;  ;18000000;SOROCABA;SP;75500000;ITUMBIARA;GO;Indiferente     ;Rodoviario  ;168.000;7;0.000;0.000;ITUMBIARA_GO_TOYOTA DO BRASIL LTDA_18000000;12,;288,;RIO VERMELHO;REVERSA;FALLBACK_CIDADE_X2;Planilha2!E/F - linha 746;CONFLITO/REVISAR
62;TOYOTA DO BRASIL LTDA;1;DISTRIBUICAO PEA;101010307;DISTRIBUICAO PEA;  ;18000000;SOROCABA;SP;75690000;CALDAS NOVAS;GO;Indiferente     ;Rodoviario  ;216.000;9;0.000;0.000;CALDAS NOVAS_GO_TOYOTA DO BRASIL LTDA_18000000;8,;192,;RIO VERMELHO;REVERSA;FALLBACK_CIDADE_X2;Planilha2!E/F - linha 806;OK - REVERSA IDENTIFICADA POR FALLBACK X2
62;TOYOTA DO BRASIL LTDA;1;DISTRIBUICAO PEA;101010307;DISTRIBUICAO PEA;  ;18000000;SOROCABA;SP;75800000;JATAI;GO;Indiferente     ;Rodoviario  ;192.000;8;0.000;0.000;JATAI_GO_TOYOTA DO BRASIL LTDA_18000000;8,;192,;RIO VERMELHO;REVERSA;FALLBACK_CIDADE_X2;Planilha2!E/F - linha 794;OK - REVERSA IDENTIFICADA POR FALLBACK X2
62;TOYOTA DO BRASIL LTDA;1;DISTRIBUICAO PEA;101010307;DISTRIBUICAO PEA;  ;18000000;SOROCABA;SP;75830000;MINEIROS;GO;Indiferente     ;Rodoviario  ;192.000;8;0.000;0.000;MINEIROS_GO_TOYOTA DO BRASIL LTDA_18000000;8,;192,;RIO VERMELHO;REVERSA;FALLBACK_CIDADE_X2;Planilha2!E/F - linha 777;OK - REVERSA IDENTIFICADA POR FALLBACK X2
62;TOYOTA DO BRASIL LTDA;1;DISTRIBUICAO PEA;101010307;DISTRIBUICAO PEA;  ;18000000;SOROCABA;SP;75900000;RIO VERDE;GO;Indiferente     ;Rodoviario  ;168.000;7;0.000;0.000;RIO VERDE_GO_TOYOTA DO BRASIL LTDA_18000000;12,;288,;RIO VERMELHO;REVERSA;FALLBACK_CIDADE_X2;Planilha2!E/F - linha 744;CONFLITO/REVISAR
62;TOYOTA DO BRASIL LTDA;1;DISTRIBUICAO PEA;101010307;DISTRIBUICAO PEA;  ;18000000;SOROCABA;SP;76380000;GOIANESIA;GO;Indiferente     ;Rodoviario  ;96.000;4;0.000;0.000;GOIANESIA_GO_TOYOTA DO BRASIL LTDA_18000000;;0,;TSP Sem Cadastro;;;;SEM_CADASTRO - TT E TSP
62;TOYOTA DO BRASIL LTDA;1;DISTRIBUICAO PEA;101010307;DISTRIBUICAO PEA;  ;18000000;SOROCABA;SP;76800000;PORTO VELHO;RO;Indiferente     ;Rodoviario  ;192.000;8;0.000;0.000;PORTO VELHO_RO_TOYOTA DO BRASIL LTDA_18000000;22,;528,;CARVALIMA;REVERSA;FALLBACK_CIDADE_X2;Planilha2!E/F - linha 7396;CONFLITO/REVISAR
62;TOYOTA DO BRASIL LTDA;1;DISTRIBUICAO PEA;101010307;DISTRIBUICAO PEA;  ;18000000;SOROCABA;SP;76980000;VILHENA;RO;Indiferente     ;Rodoviario  ;192.000;8;0.000;0.000;VILHENA_RO_TOYOTA DO BRASIL LTDA_18000000;18,;432,;CARVALIMA;REVERSA;FALLBACK_CIDADE_X2;Planilha2!E/F - linha 7391;CONFLITO/REVISAR
62;TOYOTA DO BRASIL LTDA;1;DISTRIBUICAO PEA;101010307;DISTRIBUICAO PEA;  ;18000000;SOROCABA;SP;77000000;PALMAS;TO;Indiferente     ;Rodoviario  ;168.000;7;0.000;0.000;PALMAS_TO_TOYOTA DO BRASIL LTDA_18000000;10,;240,;RIO VERMELHO;REVERSA;FALLBACK_CIDADE_X2;Planilha2!E/F - linha 749;CONFLITO/REVISAR
62;TOYOTA DO BRASIL LTDA;1;DISTRIBUICAO PEA;101010307;DISTRIBUICAO PEA;  ;18000000;SOROCABA;SP;77400000;GURUPI;TO;Indiferente     ;Rodoviario  ;216.000;9;0.000;0.000;GURUPI_TO_TOYOTA DO BRASIL LTDA_18000000;8,;192,;RIO VERMELHO;REVERSA;FALLBACK_CIDADE_X2;Planilha2!E/F - linha 778;OK - REVERSA IDENTIFICADA POR FALLBACK X2
62;TOYOTA DO BRASIL LTDA;1;DISTRIBUICAO PEA;101010307;DISTRIBUICAO PEA;  ;18000000;SOROCABA;SP;77600000;PARAISO DO TOCANTINS;TO;Indiferente     ;Rodoviario  ;240.000;10;0.000;0.000;PARAISO DO TOCANTINS_TO_TOYOTA DO BRASIL LTDA_18000000;;0,;TSP Sem Cadastro;;;;SEM_CADASTRO - TT E TSP
62;TOYOTA DO BRASIL LTDA;1;DISTRIBUICAO PEA;101010307;DISTRIBUICAO PEA;  ;18000000;SOROCABA;SP;77800000;ARAGUAINA;TO;Indiferente     ;Rodoviario  ;216.000;9;0.000;0.000;ARAGUAINA_TO_TOYOTA DO BRASIL LTDA_18000000;16,;384,;RIO VERMELHO;REVERSA;FALLBACK_CIDADE_X2;Planilha2!E/F - linha 741;CONFLITO/REVISAR
62;TOYOTA DO BRASIL LTDA;1;DISTRIBUICAO PEA;101010307;DISTRIBUICAO PEA;  ;18000000;SOROCABA;SP;78000000;CUIABA;MT;Indiferente     ;Rodoviario  ;120.000;5;0.000;0.000;CUIABA_MT_TOYOTA DO BRASIL LTDA_18000000;10,;240,;CARVALIMA;REVERSA;FALLBACK_CIDADE_X2;Planilha2!E/F - linha 7359;CONFLITO/REVISAR
62;TOYOTA DO BRASIL LTDA;1;DISTRIBUICAO PEA;101010307;DISTRIBUICAO PEA;  ;18000000;SOROCABA;SP;78110000;VARZEA GRANDE;MT;Indiferente     ;Rodoviario  ;120.000;5;0.000;0.000;VARZEA GRANDE_MT_TOYOTA DO BRASIL LTDA_18000000;10,;240,;CARVALIMA;REVERSA;FALLBACK_CIDADE_X2;Planilha2!E/F - linha 7360;CONFLITO/REVISAR
62;TOYOTA DO BRASIL LTDA;1;DISTRIBUICAO PEA;101010307;DISTRIBUICAO PEA;  ;18000000;SOROCABA;SP;78200000;CACERES;MT;Indiferente     ;Rodoviario  ;120.000;5;0.000;0.000;CACERES_MT_TOYOTA DO BRASIL LTDA_18000000;10,;240,;CARVALIMA;REVERSA;FALLBACK_CIDADE_X2;Planilha2!E/F - linha 7358;OK - REVERSA IDENTIFICADA POR FALLBACK X2
62;TOYOTA DO BRASIL LTDA;1;DISTRIBUICAO PEA;101010307;DISTRIBUICAO PEA;  ;18000000;SOROCABA;SP;78250000;PONTES E LACERDA;MT;Indiferente     ;Rodoviario  ;144.000;6;0.000;0.000;PONTES E LACERDA_MT_TOYOTA DO BRASIL LTDA_18000000;;0,;TSP Sem Cadastro;;;;SEM_CADASTRO - TT E TSP
62;TOYOTA DO BRASIL LTDA;1;DISTRIBUICAO PEA;101010307;DISTRIBUICAO PEA;  ;18000000;SOROCABA;SP;78300000;TANGARA DA SERRA;MT;Indiferente     ;Rodoviario  ;120.000;5;0.000;0.000;TANGARA DA SERRA_MT_TOYOTA DO BRASIL LTDA_18000000;12,;288,;CARVALIMA;REVERSA;FALLBACK_CIDADE_X2;Planilha2!E/F - linha 7369;CONFLITO/REVISAR
62;TOYOTA DO BRASIL LTDA;1;DISTRIBUICAO PEA;101010307;DISTRIBUICAO PEA;  ;18000000;SOROCABA;SP;78320000;JUINA;MT;Indiferente     ;Rodoviario  ;144.000;6;0.000;0.000;JUINA_MT_TOYOTA DO BRASIL LTDA_18000000;18,;432,;CARVALIMA;REVERSA;FALLBACK_CIDADE_X2;Planilha2!E/F - linha 7371;OK - REVERSA IDENTIFICADA POR FALLBACK X2
62;TOYOTA DO BRASIL LTDA;1;DISTRIBUICAO PEA;101010307;DISTRIBUICAO PEA;  ;18000000;SOROCABA;SP;78450000;NOVA MUTUM;MT;Indiferente     ;Rodoviario  ;120.000;5;0.000;0.000;NOVA MUTUM_MT_TOYOTA DO BRASIL LTDA_18000000;12,;288,;CARVALIMA;REVERSA;FALLBACK_CIDADE_X2;Planilha2!E/F - linha 7364;CONFLITO/REVISAR
62;TOYOTA DO BRASIL LTDA;1;DISTRIBUICAO PEA;101010307;DISTRIBUICAO PEA;  ;18000000;SOROCABA;SP;78455000;LUCAS DO RIO VERDE;MT;Indiferente     ;Rodoviario  ;144.000;6;0.000;0.000;LUCAS DO RIO VERDE_MT_TOYOTA DO BRASIL LTDA_18000000;12,;288,;CARVALIMA;REVERSA;FALLBACK_CIDADE_X2;Planilha2!E/F - linha 7363;OK - REVERSA IDENTIFICADA POR FALLBACK X2
62;TOYOTA DO BRASIL LTDA;1;DISTRIBUICAO PEA;101010307;DISTRIBUICAO PEA;  ;18000000;SOROCABA;SP;78550000;SINOP;MT;Indiferente     ;Rodoviario  ;144.000;6;0.000;0.000;SINOP_MT_TOYOTA DO BRASIL LTDA_18000000;12,;288,;CARVALIMA;REVERSA;FALLBACK_CIDADE_X2;Planilha2!E/F - linha 7367;CONFLITO/REVISAR
62;TOYOTA DO BRASIL LTDA;1;DISTRIBUICAO PEA;101010307;DISTRIBUICAO PEA;  ;18000000;SOROCABA;SP;78600000;BARRA DO GARCAS;MT;Indiferente     ;Rodoviario  ;120.000;5;0.000;0.000;BARRA DO GARCAS_MT_TOYOTA DO BRASIL LTDA_18000000;10,;240,;CARVALIMA;REVERSA;FALLBACK_CIDADE_X2;Planilha2!E/F - linha 7357;OK - REVERSA IDENTIFICADA POR FALLBACK X2
62;TOYOTA DO BRASIL LTDA;1;DISTRIBUICAO PEA;101010307;DISTRIBUICAO PEA;  ;18000000;SOROCABA;SP;78635000;AGUA BOA;MT;Indiferente     ;Rodoviario  ;144.000;6;0.000;0.000;AGUA BOA_MT_TOYOTA DO BRASIL LTDA_18000000;12,;288,;CARVALIMA;REVERSA;FALLBACK_CIDADE_X2;Planilha2!E/F - linha 7422;OK - REVERSA IDENTIFICADA POR FALLBACK X2
62;TOYOTA DO BRASIL LTDA;1;DISTRIBUICAO PEA;101010307;DISTRIBUICAO PEA;  ;18000000;SOROCABA;SP;78700000;RONDONOPOLIS;MT;Indiferente     ;Rodoviario  ;144.000;6;0.000;0.000;RONDONOPOLIS_MT_TOYOTA DO BRASIL LTDA_18000000;12,;288,;CARVALIMA;REVERSA;FALLBACK_CIDADE_X2;Planilha2!E/F - linha 7366;CONFLITO/REVISAR
62;TOYOTA DO BRASIL LTDA;1;DISTRIBUICAO PEA;101010307;DISTRIBUICAO PEA;  ;18000000;SOROCABA;SP;78850000;PRIMAVERA DO LESTE;MT;Indiferente     ;Rodoviario  ;120.000;5;0.000;0.000;PRIMAVERA DO LESTE_MT_TOYOTA DO BRASIL LTDA_18000000;12,;288,;CARVALIMA;REVERSA;FALLBACK_CIDADE_X2;Planilha2!E/F - linha 7365;CONFLITO/REVISAR
62;TOYOTA DO BRASIL LTDA;1;DISTRIBUICAO PEA;101010307;DISTRIBUICAO PEA;  ;18000000;SOROCABA;SP;78890000;SORRISO;MT;Indiferente     ;Rodoviario  ;120.000;5;0.000;0.000;SORRISO_MT_TOYOTA DO BRASIL LTDA_18000000;12,;288,;CARVALIMA;REVERSA;FALLBACK_CIDADE_X2;Planilha2!E/F - linha 7368;CONFLITO/REVISAR
62;TOYOTA DO BRASIL LTDA;1;DISTRIBUICAO PEA;101010307;DISTRIBUICAO PEA;  ;18000000;SOROCABA;SP;78900000;PORTO VELHO;RO;Indiferente     ;Rodoviario  ;168.000;7;;;PORTO VELHO_RO_TOYOTA DO BRASIL LTDA_18000000;22,;528,;CARVALIMA;REVERSA;FALLBACK_CIDADE_X2;Planilha2!E/F - linha 7396;CONFLITO/REVISAR
62;TOYOTA DO BRASIL LTDA;1;DISTRIBUICAO PEA;101010307;DISTRIBUICAO PEA;  ;18000000;SOROCABA;SP;78930000;ARIQUEMES;RO;Indiferente     ;Rodoviario  ;240.000;10;0.000;0.000;ARIQUEMES_RO_TOYOTA DO BRASIL LTDA_18000000;20,;480,;CARVALIMA;REVERSA;FALLBACK_CIDADE_X2;Planilha2!E/F - linha 7392;OK - REVERSA IDENTIFICADA POR FALLBACK X2
62;TOYOTA DO BRASIL LTDA;1;DISTRIBUICAO PEA;101010307;DISTRIBUICAO PEA;  ;18000000;SOROCABA;SP;78960000;JIPARANA;RO;Indiferente     ;Rodoviario  ;264.000;11;0.000;0.000;JIPARANA_RO_TOYOTA DO BRASIL LTDA_18000000;;0,;TSP Sem Cadastro;;;;SEM_CADASTRO - TT E TSP
62;TOYOTA DO BRASIL LTDA;1;DISTRIBUICAO PEA;101010307;DISTRIBUICAO PEA;  ;18000000;SOROCABA;SP;78975000;CACOAL;RO;Indiferente     ;Rodoviario  ;216.000;9;0.000;0.000;CACOAL_RO_TOYOTA DO BRASIL LTDA_18000000;20,;480,;CARVALIMA;REVERSA;FALLBACK_CIDADE_X2;Planilha2!E/F - linha 7393;CONFLITO/REVISAR
62;TOYOTA DO BRASIL LTDA;1;DISTRIBUICAO PEA;101010307;DISTRIBUICAO PEA;  ;18000000;SOROCABA;SP;78995000;VILHENA;RO;Indiferente     ;Rodoviario  ;168.000;7;;;VILHENA_RO_TOYOTA DO BRASIL LTDA_18000000;18,;432,;CARVALIMA;REVERSA;FALLBACK_CIDADE_X2;Planilha2!E/F - linha 7391;CONFLITO/REVISAR
62;TOYOTA DO BRASIL LTDA;1;DISTRIBUICAO PEA;101010307;DISTRIBUICAO PEA;  ;18000000;SOROCABA;SP;79000000;CAMPO GRANDE;MS;Indiferente     ;Rodoviario  ;96.000;4;0.000;0.000;CAMPO GRANDE_MS_TOYOTA DO BRASIL LTDA_18000000;10,;240,;CARVALIMA;REVERSA;FALLBACK_CIDADE_X2;Planilha2!E/F - linha 7343;CONFLITO/REVISAR
62;TOYOTA DO BRASIL LTDA;1;DISTRIBUICAO PEA;101010307;DISTRIBUICAO PEA;  ;18000000;SOROCABA;SP;79300000;CORUMBA;MS;Indiferente     ;Rodoviario  ;144.000;6;0.000;0.000;CORUMBA_MS_TOYOTA DO BRASIL LTDA_18000000;12,;288,;CARVALIMA;REVERSA;FALLBACK_CIDADE_X2;Planilha2!E/F - linha 7352;CONFLITO/REVISAR
62;TOYOTA DO BRASIL LTDA;1;DISTRIBUICAO PEA;101010307;DISTRIBUICAO PEA;  ;18000000;SOROCABA;SP;79560000;CHAPADAO DO SUL;MS;Indiferente     ;Rodoviario  ;144.000;6;0.000;0.000;CHAPADAO DO SUL_MS_TOYOTA DO BRASIL LTDA_18000000;14,;336,;CARVALIMA;REVERSA;FALLBACK_CIDADE_X2;Planilha2!E/F - linha 7355;CONFLITO/REVISAR
62;TOYOTA DO BRASIL LTDA;1;DISTRIBUICAO PEA;101010307;DISTRIBUICAO PEA;  ;18000000;SOROCABA;SP;79600000;TRES LAGOAS;MS;Indiferente     ;Rodoviario  ;96.000;4;0.000;0.000;TRES LAGOAS_MS_TOYOTA DO BRASIL LTDA_18000000;10,;240,;CARVALIMA;REVERSA;FALLBACK_CIDADE_X2;Planilha2!E/F - linha 7349;CONFLITO/REVISAR
62;TOYOTA DO BRASIL LTDA;1;DISTRIBUICAO PEA;101010307;DISTRIBUICAO PEA;  ;18000000;SOROCABA;SP;79800000;DOURADOS;MS;Indiferente     ;Rodoviario  ;96.000;4;0.000;0.000;DOURADOS_MS_TOYOTA DO BRASIL LTDA_18000000;10,;240,;CARVALIMA;REVERSA;FALLBACK_CIDADE_X2;Planilha2!E/F - linha 7344;CONFLITO/REVISAR
62;TOYOTA DO BRASIL LTDA;1;DISTRIBUICAO PEA;101010307;DISTRIBUICAO PEA;  ;18000000;SOROCABA;SP;79900000;PONTA PORA;MS;Indiferente     ;Rodoviario  ;120.000;5;0.000;0.000;PONTA PORA_MS_TOYOTA DO BRASIL LTDA_18000000;10,;240,;CARVALIMA;REVERSA;FALLBACK_CIDADE_X2;Planilha2!E/F - linha 7348;OK - REVERSA IDENTIFICADA POR FALLBACK X2
62;TOYOTA DO BRASIL LTDA;1;DISTRIBUICAO PEA;101010307;DISTRIBUICAO PEA;  ;18000000;SOROCABA;SP;80000000;CURITIBA;PR;Indiferente     ;Rodoviario  ;72.000;3;0.000;0.000;CURITIBA_PR_TOYOTA DO BRASIL LTDA_18000000;6,;144,;ALFA;REVERSA;FALLBACK_CIDADE_X2;Planilha2!E/F - linha 700;CONFLITO/REVISAR
62;TOYOTA DO BRASIL LTDA;1;DISTRIBUICAO PEA;101010307;DISTRIBUICAO PEA;  ;18000000;SOROCABA;SP;83200000;PARANAGUA;PR;Indiferente     ;Rodoviario  ;96.000;4;0.000;0.000;PARANAGUA_PR_TOYOTA DO BRASIL LTDA_18000000;4,;96,;ALFA;REVERSA;FALLBACK_CIDADE_X2;Planilha2!E/F - linha 702;CONFLITO/REVISAR
62;TOYOTA DO BRASIL LTDA;1;DISTRIBUICAO PEA;101010307;DISTRIBUICAO PEA;  ;18000000;SOROCABA;SP;84000000;PONTA GROSSA;PR;Indiferente     ;Rodoviario  ;96.000;4;0.000;0.000;PONTA GROSSA_PR_TOYOTA DO BRASIL LTDA_18000000;6,;144,;PROGRESSIVA;REVERSA;FALLBACK_CIDADE_X2;Planilha2!E/F - linha 6152;CONFLITO/REVISAR
62;TOYOTA DO BRASIL LTDA;1;DISTRIBUICAO PEA;101010307;DISTRIBUICAO PEA;  ;18000000;SOROCABA;SP;84260000;TELEMACO BORBA;PR;Indiferente     ;Rodoviario  ;120.000;5;0.000;0.000;TELEMACO BORBA_PR_TOYOTA DO BRASIL LTDA_18000000;6,;144,;ALFA;REVERSA;FALLBACK_CIDADE_X2;Planilha2!E/F - linha 705;CONFLITO/REVISAR
62;TOYOTA DO BRASIL LTDA;1;DISTRIBUICAO PEA;101010307;DISTRIBUICAO PEA;  ;18000000;SOROCABA;SP;85000000;GUARAPUAVA;PR;Indiferente     ;Rodoviario  ;96.000;4;0.000;0.000;GUARAPUAVA_PR_TOYOTA DO BRASIL LTDA_18000000;6,;144,;PROGRESSIVA;REVERSA;FALLBACK_CIDADE_X2;Planilha2!E/F - linha 6143;CONFLITO/REVISAR
62;TOYOTA DO BRASIL LTDA;1;DISTRIBUICAO PEA;101010307;DISTRIBUICAO PEA;  ;18000000;SOROCABA;SP;85440000;UBIRATA;PR;Indiferente     ;Rodoviario  ;120.000;5;0.000;0.000;UBIRATA_PR_TOYOTA DO BRASIL LTDA_18000000;;0,;TSP Sem Cadastro;;;;SEM_CADASTRO - TT E TSP
62;TOYOTA DO BRASIL LTDA;1;DISTRIBUICAO PEA;101010307;DISTRIBUICAO PEA;  ;18000000;SOROCABA;SP;85500000;PATO BRANCO;PR;Indiferente     ;Rodoviario  ;96.000;4;0.000;0.000;PATO BRANCO_PR_TOYOTA DO BRASIL LTDA_18000000;6,;144,;TRANSTRY;REVERSA;FALLBACK_CIDADE_X2;Planilha2!E/F - linha 6206;CONFLITO/REVISAR
62;TOYOTA DO BRASIL LTDA;1;DISTRIBUICAO PEA;101010307;DISTRIBUICAO PEA;  ;18000000;SOROCABA;SP;85600000;FRANCISCO BELTRAO;PR;Indiferente     ;Rodoviario  ;96.000;4;0.000;0.000;FRANCISCO BELTRAO_PR_TOYOTA DO BRASIL LTDA_18000000;8,;192,;PROGRESSIVA;REVERSA;FALLBACK_CIDADE_X2;Planilha2!E/F - linha 6193;CONFLITO/REVISAR
62;TOYOTA DO BRASIL LTDA;1;DISTRIBUICAO PEA;101010307;DISTRIBUICAO PEA;  ;18000000;SOROCABA;SP;85800000;CASCAVEL;PR;Indiferente     ;Rodoviario  ;96.000;4;0.000;0.000;CASCAVEL_PR_TOYOTA DO BRASIL LTDA_18000000;8,;192,;PROGRESSIVA;REVERSA;FALLBACK_CIDADE_X2;Planilha2!E/F - linha 6133;CONFLITO/REVISAR
62;TOYOTA DO BRASIL LTDA;1;DISTRIBUICAO PEA;101010307;DISTRIBUICAO PEA;  ;18000000;SOROCABA;SP;85850000;FOZ DO IGUACU;PR;Indiferente     ;Rodoviario  ;120.000;5;0.000;0.000;FOZ DO IGUACU_PR_TOYOTA DO BRASIL LTDA_18000000;6,;144,;PROGRESSIVA;REVERSA;FALLBACK_CIDADE_X2;Planilha2!E/F - linha 6192;CONFLITO/REVISAR
62;TOYOTA DO BRASIL LTDA;1;DISTRIBUICAO PEA;101010307;DISTRIBUICAO PEA;  ;18000000;SOROCABA;SP;85900000;TOLEDO;PR;Indiferente     ;Rodoviario  ;96.000;4;0.000;0.000;TOLEDO_PR_TOYOTA DO BRASIL LTDA_18000000;6,;144,;TRANSTRY;REVERSA;FALLBACK_CIDADE_X2;Planilha2!E/F - linha 6211;CONFLITO/REVISAR
62;TOYOTA DO BRASIL LTDA;1;DISTRIBUICAO PEA;101010307;DISTRIBUICAO PEA;  ;18000000;SOROCABA;SP;86000000;LONDRINA;PR;Indiferente     ;Rodoviario  ;72.000;3;0.000;0.000;LONDRINA_PR_TOYOTA DO BRASIL LTDA_18000000;10,;240,;ALFA;REVERSA;FALLBACK_CIDADE_X2;Planilha2!E/F - linha 732;CONFLITO/REVISAR
62;TOYOTA DO BRASIL LTDA;1;DISTRIBUICAO PEA;101010307;DISTRIBUICAO PEA;  ;18000000;SOROCABA;SP;86430000;SANTO ANTONIO DA PLATINA;PR;Indiferente     ;Rodoviario  ;96.000;4;0.000;0.000;SANTO ANTONIO DA PLATINA_PR_TOYOTA DO BRASIL LTDA_18000000;8,;192,;TRANSTRY;REVERSA;FALLBACK_CIDADE_X2;Planilha2!E/F - linha 6209;CONFLITO/REVISAR
62;TOYOTA DO BRASIL LTDA;1;DISTRIBUICAO PEA;101010307;DISTRIBUICAO PEA;  ;18000000;SOROCABA;SP;86800000;APUCARANA;PR;Indiferente     ;Rodoviario  ;96.000;4;0.000;0.000;APUCARANA_PR_TOYOTA DO BRASIL LTDA_18000000;4,;96,;TRANSTRY;REVERSA;FALLBACK_CIDADE_X2;Planilha2!E/F - linha 6182;CONFLITO/REVISAR
62;TOYOTA DO BRASIL LTDA;1;DISTRIBUICAO PEA;101010307;DISTRIBUICAO PEA;  ;18000000;SOROCABA;SP;87000000;MARINGA;PR;Indiferente     ;Rodoviario  ;96.000;4;0.000;0.000;MARINGA_PR_TOYOTA DO BRASIL LTDA_18000000;6,;144,;ALFA;REVERSA;FALLBACK_CIDADE_X2;Planilha2!E/F - linha 701;CONFLITO/REVISAR
62;TOYOTA DO BRASIL LTDA;1;DISTRIBUICAO PEA;101010307;DISTRIBUICAO PEA;  ;18000000;SOROCABA;SP;87300000;CAMPO MOURAO;PR;Indiferente     ;Rodoviario  ;72.000;3;0.000;0.000;CAMPO MOURAO_PR_TOYOTA DO BRASIL LTDA_18000000;6,;144,;TRANSTRY;REVERSA;FALLBACK_CIDADE_X2;Planilha2!E/F - linha 6185;CONFLITO/REVISAR
62;TOYOTA DO BRASIL LTDA;1;DISTRIBUICAO PEA;101010307;DISTRIBUICAO PEA;  ;18000000;SOROCABA;SP;87500000;UMUARAMA;PR;Indiferente     ;Rodoviario  ;96.000;4;0.000;0.000;UMUARAMA_PR_TOYOTA DO BRASIL LTDA_18000000;8,;192,;PROGRESSIVA;REVERSA;FALLBACK_CIDADE_X2;Planilha2!E/F - linha 6163;CONFLITO/REVISAR
62;TOYOTA DO BRASIL LTDA;1;DISTRIBUICAO PEA;101010307;DISTRIBUICAO PEA;  ;18000000;SOROCABA;SP;88000000;FLORIANOPOLIS;SC;Indiferente     ;Rodoviario  ;72.000;3;0.000;0.000;FLORIANOPOLIS_SC_TOYOTA DO BRASIL LTDA_18000000;8,;192,;ALFA;REVERSA;FALLBACK_CIDADE_X2;Planilha2!E/F - linha 727;CONFLITO/REVISAR
62;TOYOTA DO BRASIL LTDA;1;DISTRIBUICAO PEA;101010307;DISTRIBUICAO PEA;  ;18000000;SOROCABA;SP;88300000;ITAJAI;SC;Indiferente     ;Rodoviario  ;72.000;3;0.000;0.000;ITAJAI_SC_TOYOTA DO BRASIL LTDA_18000000;6,;144,;ALFA;REVERSA;FALLBACK_CIDADE_X2;Planilha2!E/F - linha 715;CONFLITO/REVISAR
62;TOYOTA DO BRASIL LTDA;1;DISTRIBUICAO PEA;101010307;DISTRIBUICAO PEA;  ;18000000;SOROCABA;SP;88350000;BRUSQUE;SC;Indiferente     ;Rodoviario  ;72.000;3;0.000;0.000;BRUSQUE_SC_TOYOTA DO BRASIL LTDA_18000000;10,;240,;PROGRESSIVA;REVERSA;FALLBACK_CIDADE_X2;Planilha2!E/F - linha 6129;CONFLITO/REVISAR
62;TOYOTA DO BRASIL LTDA;1;DISTRIBUICAO PEA;101010307;DISTRIBUICAO PEA;  ;18000000;SOROCABA;SP;88500000;LAGES;SC;Indiferente     ;Rodoviario  ;96.000;4;0.000;0.000;LAGES_SC_TOYOTA DO BRASIL LTDA_18000000;8,;192,;PROGRESSIVA;REVERSA;FALLBACK_CIDADE_X2;Planilha2!E/F - linha 6148;CONFLITO/REVISAR
62;TOYOTA DO BRASIL LTDA;1;DISTRIBUICAO PEA;101010307;DISTRIBUICAO PEA;  ;18000000;SOROCABA;SP;88700000;TUBARAO;SC;Indiferente     ;Rodoviario  ;96.000;4;0.000;0.000;TUBARAO_SC_TOYOTA DO BRASIL LTDA_18000000;6,;144,;PROGRESSIVA;REVERSA;FALLBACK_CIDADE_X2;Planilha2!E/F - linha 6243;CONFLITO/REVISAR
62;TOYOTA DO BRASIL LTDA;1;DISTRIBUICAO PEA;101010307;DISTRIBUICAO PEA;  ;18000000;SOROCABA;SP;88800000;CRICIUMA;SC;Indiferente     ;Rodoviario  ;120.000;5;0.000;0.000;CRICIUMA_SC_TOYOTA DO BRASIL LTDA_18000000;6,;144,;PROGRESSIVA;REVERSA;FALLBACK_CIDADE_X2;Planilha2!E/F - linha 6223;CONFLITO/REVISAR
62;TOYOTA DO BRASIL LTDA;1;DISTRIBUICAO PEA;101010307;DISTRIBUICAO PEA;  ;18000000;SOROCABA;SP;88900000;ARARANGUA;SC;Indiferente     ;Rodoviario  ;72.000;3;0.000;0.000;ARARANGUA_SC_TOYOTA DO BRASIL LTDA_18000000;8,;192,;TRANSTRY;REVERSA;FALLBACK_CIDADE_X2;Planilha2!E/F - linha 6213;CONFLITO/REVISAR
62;TOYOTA DO BRASIL LTDA;1;DISTRIBUICAO PEA;101010307;DISTRIBUICAO PEA;  ;18000000;SOROCABA;SP;89000000;BLUMENAU;SC;Indiferente     ;Rodoviario  ;72.000;3;0.000;0.000;BLUMENAU_SC_TOYOTA DO BRASIL LTDA_18000000;4,;96,;PROGRESSIVA;REVERSA;FALLBACK_CIDADE_X2;Planilha2!E/F - linha 6128;CONFLITO/REVISAR
62;TOYOTA DO BRASIL LTDA;1;DISTRIBUICAO PEA;101010307;DISTRIBUICAO PEA;  ;18000000;SOROCABA;SP;89160000;RIO DO SUL;SC;Indiferente     ;Rodoviario  ;72.000;3;0.000;0.000;RIO DO SUL_SC_TOYOTA DO BRASIL LTDA_18000000;6,;144,;TRANSTRY;REVERSA;FALLBACK_CIDADE_X2;Planilha2!E/F - linha 6238;CONFLITO/REVISAR
62;TOYOTA DO BRASIL LTDA;1;DISTRIBUICAO PEA;101010307;DISTRIBUICAO PEA;  ;18000000;SOROCABA;SP;89200000;JOINVILLE;SC;Indiferente     ;Rodoviario  ;72.000;3;0.000;0.000;JOINVILLE_SC_TOYOTA DO BRASIL LTDA_18000000;6,;144,;ALFA;REVERSA;FALLBACK_CIDADE_X2;Planilha2!E/F - linha 716;CONFLITO/REVISAR
62;TOYOTA DO BRASIL LTDA;1;DISTRIBUICAO PEA;101010307;DISTRIBUICAO PEA;  ;18000000;SOROCABA;SP;89250000;JARAGUA DO SUL;SC;Indiferente     ;Rodoviario  ;72.000;3;0.000;0.000;JARAGUA DO SUL_SC_TOYOTA DO BRASIL LTDA_18000000;6,;144,;PROGRESSIVA;REVERSA;FALLBACK_CIDADE_X2;Planilha2!E/F - linha 6230;CONFLITO/REVISAR
62;TOYOTA DO BRASIL LTDA;1;DISTRIBUICAO PEA;101010307;DISTRIBUICAO PEA;  ;18000000;SOROCABA;SP;89290000;SAO BENTO DO SUL;SC;Indiferente     ;Rodoviario  ;96.000;4;0.000;0.000;SAO BENTO DO SUL_SC_TOYOTA DO BRASIL LTDA_18000000;8,;192,;TRANSTRY;REVERSA;FALLBACK_CIDADE_X2;Planilha2!E/F - linha 6239;CONFLITO/REVISAR
62;TOYOTA DO BRASIL LTDA;1;DISTRIBUICAO PEA;101010307;DISTRIBUICAO PEA;  ;18000000;SOROCABA;SP;89460000;CANOINHAS;SC;Indiferente     ;Rodoviario  ;120.000;5;0.000;0.000;CANOINHAS_SC_TOYOTA DO BRASIL LTDA_18000000;8,;192,;TRANSTRY;REVERSA;FALLBACK_CIDADE_X2;Planilha2!E/F - linha 6220;CONFLITO/REVISAR
62;TOYOTA DO BRASIL LTDA;1;DISTRIBUICAO PEA;101010307;DISTRIBUICAO PEA;  ;18000000;SOROCABA;SP;89700000;CONCORDIA;SC;Indiferente     ;Rodoviario  ;96.000;4;0.000;0.000;CONCORDIA_SC_TOYOTA DO BRASIL LTDA_18000000;8,;192,;PROGRESSIVA;REVERSA;FALLBACK_CIDADE_X2;Planilha2!E/F - linha 6222;CONFLITO/REVISAR
62;TOYOTA DO BRASIL LTDA;1;DISTRIBUICAO PEA;101010307;DISTRIBUICAO PEA;  ;18000000;SOROCABA;SP;89800000;CHAPECO;SC;Indiferente     ;Rodoviario  ;96.000;4;0.000;0.000;CHAPECO_SC_TOYOTA DO BRASIL LTDA_18000000;8,;192,;PROGRESSIVA;REVERSA;FALLBACK_CIDADE_X2;Planilha2!E/F - linha 6221;CONFLITO/REVISAR
62;TOYOTA DO BRASIL LTDA;1;DISTRIBUICAO PEA;101010307;DISTRIBUICAO PEA;  ;18000000;SOROCABA;SP;90000000;PORTO ALEGRE;RS;Indiferente     ;Rodoviario  ;96.000;4;0.000;0.000;PORTO ALEGRE_RS_TOYOTA DO BRASIL LTDA_18000000;6,;144,;ALFA;REVERSA;FALLBACK_CIDADE_X2;Planilha2!E/F - linha 712;CONFLITO/REVISAR
62;TOYOTA DO BRASIL LTDA;1;DISTRIBUICAO PEA;101010307;DISTRIBUICAO PEA;  ;18000000;SOROCABA;SP;92000000;CANOAS;RS;Indiferente     ;Rodoviario  ;96.000;4;0.000;0.000;CANOAS_RS_TOYOTA DO BRASIL LTDA_18000000;8,;192,;PROGRESSIVA;REVERSA;FALLBACK_CIDADE_X2;Planilha2!E/F - linha 6111;CONFLITO/REVISAR
62;TOYOTA DO BRASIL LTDA;1;DISTRIBUICAO PEA;101010307;DISTRIBUICAO PEA;  ;18000000;SOROCABA;SP;92500000;GUAIBA;RS;Indiferente     ;Rodoviario  ;96.000;4;0.000;0.000;GUAIBA_RS_TOYOTA DO BRASIL LTDA_18000000;4,;96,;LOGI SUL;REVERSA;FALLBACK_CIDADE_X2;Planilha2!E/F - linha 6967;OK - REVERSA IDENTIFICADA POR FALLBACK X2
62;TOYOTA DO BRASIL LTDA;1;DISTRIBUICAO PEA;101010307;DISTRIBUICAO PEA;  ;18000000;SOROCABA;SP;93300000;NOVO HAMBURGO;RS;Indiferente     ;Rodoviario  ;96.000;4;0.000;0.000;NOVO HAMBURGO_RS_TOYOTA DO BRASIL LTDA_18000000;14,;336,;PROGRESSIVA;REVERSA;FALLBACK_CIDADE_X2;Planilha2!E/F - linha 6116;CONFLITO/REVISAR
62;TOYOTA DO BRASIL LTDA;1;DISTRIBUICAO PEA;101010307;DISTRIBUICAO PEA;  ;18000000;SOROCABA;SP;94000000;GRAVATAI;RS;Indiferente     ;Rodoviario  ;96.000;4;0.000;0.000;GRAVATAI_RS_TOYOTA DO BRASIL LTDA_18000000;6,;144,;TRANSTRY;REVERSA;FALLBACK_CIDADE_X2;Planilha2!E/F - linha 6259;CONFLITO/REVISAR
62;TOYOTA DO BRASIL LTDA;1;DISTRIBUICAO PEA;101010307;DISTRIBUICAO PEA;  ;18000000;SOROCABA;SP;95000000;CAXIAS DO SUL;RS;Indiferente     ;Rodoviario  ;72.000;3;0.000;0.000;CAXIAS DO SUL_RS_TOYOTA DO BRASIL LTDA_18000000;8,;192,;ALFA;REVERSA;FALLBACK_CIDADE_X2;Planilha2!E/F - linha 708;CONFLITO/REVISAR
62;TOYOTA DO BRASIL LTDA;1;DISTRIBUICAO PEA;101010307;DISTRIBUICAO PEA;  ;18000000;SOROCABA;SP;95520000;OSORIO;RS;Indiferente     ;Rodoviario  ;96.000;4;0.000;0.000;OSORIO_RS_TOYOTA DO BRASIL LTDA_18000000;8,;192,;TRANSTRY;REVERSA;FALLBACK_CIDADE_X2;Planilha2!E/F - linha 6265;CONFLITO/REVISAR
62;TOYOTA DO BRASIL LTDA;1;DISTRIBUICAO PEA;101010307;DISTRIBUICAO PEA;  ;18000000;SOROCABA;SP;95600000;TAQUARA;RS;Indiferente     ;Rodoviario  ;72.000;3;0.000;0.000;TAQUARA_RS_TOYOTA DO BRASIL LTDA_18000000;6,;144,;TRANSTRY;REVERSA;FALLBACK_CIDADE_X2;Planilha2!E/F - linha 6283;CONFLITO/REVISAR
62;TOYOTA DO BRASIL LTDA;1;DISTRIBUICAO PEA;101010307;DISTRIBUICAO PEA;  ;18000000;SOROCABA;SP;95700000;BENTO GONCALVES;RS;Indiferente     ;Rodoviario  ;96.000;4;0.000;0.000;BENTO GONCALVES_RS_TOYOTA DO BRASIL LTDA_18000000;6,;144,;TRANSTRY;REVERSA;FALLBACK_CIDADE_X2;Planilha2!E/F - linha 6248;CONFLITO/REVISAR
134;TEREX LATIN AMERICA IND E CO DE P C LTDA;1;TEREX  LATIN AMERICA- DISTRIBUICAO;101010714;TEREX - CORREIOS;  ;6400000;BARUERI;SP;1000000;SAO PAULO;SP;Indiferente     ;Rodoviario  ;24.000;1;0.000;0.000;SAO PAULO_SP_TEREX LATIN AMERICA IND E CO DE P C LTDA_6400000;2,;48,;ALFA;REVERSA;FALLBACK_CIDADE_X2;Planilha2!E/F - linha 691;CONFLITO/REVISAR
134;TEREX LATIN AMERICA IND E CO DE P C LTDA;1;TEREX  LATIN AMERICA- DISTRIBUICAO;101010714;TEREX - CORREIOS;  ;6400000;BARUERI;SP;6000000;OSASCO;SP;Indiferente     ;Rodoviario  ;24.000;1;0.000;0.000;OSASCO_SP_TEREX LATIN AMERICA IND E CO DE P C LTDA_6400000;2,;48,;ALFA;REVERSA;FALLBACK_CIDADE_X2;Planilha2!E/F - linha 316;CONFLITO/REVISAR
134;TEREX LATIN AMERICA IND E CO DE P C LTDA;1;TEREX  LATIN AMERICA- DISTRIBUICAO;101010714;TEREX - CORREIOS;  ;6400000;BARUERI;SP;6500000;SANTANA DE PARNAIBA;SP;Indiferente     ;Rodoviario  ;24.000;1;0.000;0.000;SANTANA DE PARNAIBA_SP_TEREX LATIN AMERICA IND E CO DE P C LTDA_6400000;4,;96,;ALFA;REVERSA;FALLBACK_CIDADE_X2;Planilha2!E/F - linha 685;CONFLITO/REVISAR
134;TEREX LATIN AMERICA IND E CO DE P C LTDA;1;TEREX  LATIN AMERICA- DISTRIBUICAO;101010714;TEREX - CORREIOS;  ;13200000;JUNDIAI;SP;14850000;PRADOPOLIS;SP;Indiferente     ;Rodoviario  ;48.000;2;0.000;0.000;PRADOPOLIS_SP_TEREX LATIN AMERICA IND E CO DE P C LTDA_13200000;3,;72,;ALFA;DISTRIBUICAO;CHAVE_EXATA;Planilha2!G/F - linha 679;CONFLITO/REVISAR
134;TEREX LATIN AMERICA IND E CO DE P C LTDA;1;TEREX  LATIN AMERICA- DISTRIBUICAO;101010714;TEREX - CORREIOS;  ;13200000;JUNDIAI;SP;14860000;BARRINHA;SP;Indiferente     ;Rodoviario  ;48.000;2;0.000;0.000;BARRINHA_SP_TEREX LATIN AMERICA IND E CO DE P C LTDA_13200000;2,;48,;MVT;DISTRIBUICAO;CHAVE_EXATA;Planilha2!G/F - linha 5097;OK - DISTRIBUICAO
134;TEREX LATIN AMERICA IND E CO DE P C LTDA;1;TEREX  LATIN AMERICA- DISTRIBUICAO;101010714;TEREX - CORREIOS;  ;13200000;JUNDIAI;SP;14870000;JABOTICABAL;SP;Indiferente     ;Rodoviario  ;48.000;2;0.000;0.000;JABOTICABAL_SP_TEREX LATIN AMERICA IND E CO DE P C LTDA_13200000;2,;48,;MVT;DISTRIBUICAO;CHAVE_EXATA;Planilha2!G/F - linha 5125;OK - DISTRIBUICAO
134;TEREX LATIN AMERICA IND E CO DE P C LTDA;1;TEREX  LATIN AMERICA- DISTRIBUICAO;101010714;TEREX - CORREIOS;  ;13200000;JUNDIAI;SP;15000000;SAO JOSE DO RIO PRETO;SP;Indiferente     ;Rodoviario  ;24.000;1;0.000;0.000;SAO JOSE DO RIO PRETO_SP_TEREX LATIN AMERICA IND E CO DE P C LTDA_13200000;2,;48,;ALFA;DISTRIBUICAO;CHAVE_EXATA;Planilha2!G/F - linha 689;CONFLITO/REVISAR
134;TEREX LATIN AMERICA IND E CO DE P C LTDA;1;TEREX  LATIN AMERICA- DISTRIBUICAO;101010714;TEREX - CORREIOS;  ;13200000;JUNDIAI;SP;16000000;ARACATUBA;SP;Indiferente     ;Rodoviario  ;48.000;2;0.000;0.000;ARACATUBA_SP_TEREX LATIN AMERICA IND E CO DE P C LTDA_13200000;2,;48,;MVT;DISTRIBUICAO;CHAVE_EXATA;Planilha2!G/F - linha 4781;OK - DISTRIBUICAO
134;TEREX LATIN AMERICA IND E CO DE P C LTDA;1;TEREX  LATIN AMERICA- DISTRIBUICAO;101010714;TEREX - CORREIOS;  ;13200000;JUNDIAI;SP;16045970;ARACATUBA;SP;Indiferente     ;Rodoviario  ;48.000;2;0.000;0.000;ARACATUBA_SP_TEREX LATIN AMERICA IND E CO DE P C LTDA_13200000;2,;48,;MVT;DISTRIBUICAO;CHAVE_EXATA;Planilha2!G/F - linha 4781;OK - DISTRIBUICAO
134;TEREX LATIN AMERICA IND E CO DE P C LTDA;1;TEREX  LATIN AMERICA- DISTRIBUICAO;101010714;TEREX - CORREIOS;  ;13200000;JUNDIAI;SP;16200000;BIRIGUI;SP;Indiferente     ;Rodoviario  ;24.000;1;0.000;0.000;BIRIGUI_SP_TEREX LATIN AMERICA IND E CO DE P C LTDA_13200000;3,;72,;ALFA;DISTRIBUICAO;CHAVE_EXATA;Planilha2!G/F - linha 655;CONFLITO/REVISAR
134;TEREX LATIN AMERICA IND E CO DE P C LTDA;1;TEREX  LATIN AMERICA- DISTRIBUICAO;101010714;TEREX - CORREIOS;  ;13200000;JUNDIAI;SP;17000000;BAURU;SP;Indiferente     ;Rodoviario  ;24.000;1;0.000;0.000;BAURU_SP_TEREX LATIN AMERICA IND E CO DE P C LTDA_13200000;2,;48,;ALFA;DISTRIBUICAO;CHAVE_EXATA;Planilha2!G/F - linha 653;CONFLITO/REVISAR
134;TEREX LATIN AMERICA IND E CO DE P C LTDA;1;TEREX  LATIN AMERICA- DISTRIBUICAO;101010714;TEREX - CORREIOS;  ;13200000;JUNDIAI;SP;17500000;MARILIA;SP;Indiferente     ;Rodoviario  ;24.000;1;0.000;0.000;MARILIA_SP_TEREX LATIN AMERICA IND E CO DE P C LTDA_13200000;3,;72,;ALFA;DISTRIBUICAO;CHAVE_EXATA;Planilha2!G/F - linha 673;CONFLITO/REVISAR
134;TEREX LATIN AMERICA IND E CO DE P C LTDA;1;TEREX  LATIN AMERICA- DISTRIBUICAO;101010714;TEREX - CORREIOS;  ;13200000;JUNDIAI;SP;18000000;SOROCABA;SP;Indiferente     ;Rodoviario  ;24.000;1;0.000;0.000;SOROCABA_SP_TEREX LATIN AMERICA IND E CO DE P C LTDA_13200000;2,;48,;ALFA;DISTRIBUICAO;CHAVE_EXATA;Planilha2!G/F - linha 692;CONFLITO/REVISAR
134;TEREX LATIN AMERICA IND E CO DE P C LTDA;1;TEREX  LATIN AMERICA- DISTRIBUICAO;101010714;TEREX - CORREIOS;  ;13200000;JUNDIAI;SP;18110000;VOTORANTIM;SP;Indiferente     ;Rodoviario  ;24.000;1;0.000;0.000;VOTORANTIM_SP_TEREX LATIN AMERICA IND E CO DE P C LTDA_13200000;2,;48,;MVT;DISTRIBUICAO;CHAVE_EXATA;Planilha2!G/F - linha 4980;OK - DISTRIBUICAO
134;TEREX LATIN AMERICA IND E CO DE P C LTDA;1;TEREX  LATIN AMERICA- DISTRIBUICAO;101010714;TEREX - CORREIOS;  ;13200000;JUNDIAI;SP;18125000;ALUMINIO;SP;Indiferente     ;Rodoviario  ;48.000;2;0.000;0.000;ALUMINIO_SP_TEREX LATIN AMERICA IND E CO DE P C LTDA_13200000;3,;72,;MVT;DISTRIBUICAO;CHAVE_EXATA;Planilha2!G/F - linha 4907;OK - DISTRIBUICAO
134;TEREX LATIN AMERICA IND E CO DE P C LTDA;1;TEREX  LATIN AMERICA- DISTRIBUICAO;101010714;TEREX - CORREIOS;  ;13200000;JUNDIAI;SP;18147000;ARACARIGUAMA;SP;Indiferente     ;Rodoviario  ;48.000;2;0.000;0.000;ARACARIGUAMA_SP_TEREX LATIN AMERICA IND E CO DE P C LTDA_13200000;3,;72,;MVT;DISTRIBUICAO;CHAVE_EXATA;Planilha2!G/F - linha 4909;OK - DISTRIBUICAO
134;TEREX LATIN AMERICA IND E CO DE P C LTDA;1;TEREX  LATIN AMERICA- DISTRIBUICAO;101010714;TEREX - CORREIOS;  ;13200000;JUNDIAI;SP;20000000;RIO DE JANEIRO;RJ;Indiferente     ;Rodoviario  ;24.000;1;0.000;0.000;RIO DE JANEIRO_RJ_TEREX LATIN AMERICA IND E CO DE P C LTDA_13200000;2,;48,;CAMILO DOS SANTOS;DISTRIBUICAO;CHAVE_EXATA;Planilha2!G/F - linha 7483;OK - DISTRIBUICAO
134;TEREX LATIN AMERICA IND E CO DE P C LTDA;1;TEREX  LATIN AMERICA- DISTRIBUICAO;101010714;TEREX - CORREIOS;  ;13200000;JUNDIAI;SP;22763152;RIO DE JANEIRO;RJ;Indiferente     ;Rodoviario  ;24.000;1;0.000;0.000;RIO DE JANEIRO_RJ_TEREX LATIN AMERICA IND E CO DE P C LTDA_13200000;2,;48,;CAMILO DOS SANTOS;DISTRIBUICAO;CHAVE_EXATA;Planilha2!G/F - linha 7483;OK - DISTRIBUICAO
134;TEREX LATIN AMERICA IND E CO DE P C LTDA;1;TEREX  LATIN AMERICA- DISTRIBUICAO;101010714;TEREX - CORREIOS;  ;13200000;JUNDIAI;SP;23800000;ITAGUAI;RJ;Indiferente     ;Rodoviario  ;48.000;2;0.000;0.000;ITAGUAI_RJ_TEREX LATIN AMERICA IND E CO DE P C LTDA_13200000;3,;72,;CAMILO DOS SANTOS;DISTRIBUICAO;CHAVE_EXATA;Planilha2!G/F - linha 7480;OK - DISTRIBUICAO
134;TEREX LATIN AMERICA IND E CO DE P C LTDA;1;TEREX  LATIN AMERICA- DISTRIBUICAO;101010714;TEREX - CORREIOS;  ;13200000;JUNDIAI;SP;24000000;NITEROI;RJ;Indiferente     ;Rodoviario  ;24.000;1;0.000;0.000;NITEROI_RJ_TEREX LATIN AMERICA IND E CO DE P C LTDA_13200000;6,;144,;CAMILO DOS SANTOS;REVERSA;FALLBACK_CIDADE_X2;Planilha2!E/F - linha 7499;OK - REVERSA IDENTIFICADA POR FALLBACK X2
134;TEREX LATIN AMERICA IND E CO DE P C LTDA;1;TEREX  LATIN AMERICA- DISTRIBUICAO;101010714;TEREX - CORREIOS;  ;13200000;JUNDIAI;SP;24400000;SAO GONCALO;RJ;Indiferente     ;Rodoviario  ;48.000;2;0.000;0.000;SAO GONCALO_RJ_TEREX LATIN AMERICA IND E CO DE P C LTDA_13200000;;0,;CAMILO DOS SANTOS;;;;SEM_CADASTRO
134;TEREX LATIN AMERICA IND E CO DE P C LTDA;1;TEREX  LATIN AMERICA- DISTRIBUICAO;101010714;TEREX - CORREIOS;  ;13200000;JUNDIAI;SP;24800000;ITABORAI;RJ;Indiferente     ;Rodoviario  ;48.000;2;0.000;0.000;ITABORAI_RJ_TEREX LATIN AMERICA IND E CO DE P C LTDA_13200000;;0,;CAMILO DOS SANTOS;;;;SEM_CADASTRO
134;TEREX LATIN AMERICA IND E CO DE P C LTDA;1;TEREX  LATIN AMERICA- DISTRIBUICAO;101010714;TEREX - CORREIOS;  ;13200000;JUNDIAI;SP;25000000;DUQUE DE CAXIAS;RJ;Indiferente     ;Rodoviario  ;48.000;2;0.000;0.000;DUQUE DE CAXIAS_RJ_TEREX LATIN AMERICA IND E CO DE P C LTDA_13200000;3,;72,;CAMILO DOS SANTOS;DISTRIBUICAO;CHAVE_EXATA;Planilha2!G/F - linha 7479;OK - DISTRIBUICAO
134;TEREX LATIN AMERICA IND E CO DE P C LTDA;1;TEREX  LATIN AMERICA- DISTRIBUICAO;101010714;TEREX - CORREIOS;  ;13200000;JUNDIAI;SP;25600000;PETROPOLIS;RJ;Indiferente     ;Rodoviario  ;48.000;2;0.000;0.000;PETROPOLIS_RJ_TEREX LATIN AMERICA IND E CO DE P C LTDA_13200000;4,;96,;CAMILO DOS SANTOS;DISTRIBUICAO;CHAVE_EXATA;Planilha2!G/F - linha 7482;OK - DISTRIBUICAO
134;TEREX LATIN AMERICA IND E CO DE P C LTDA;1;TEREX  LATIN AMERICA- DISTRIBUICAO;101010714;TEREX - CORREIOS;  ;13200000;JUNDIAI;SP;26100000;BELFORD ROXO;RJ;Indiferente     ;Rodoviario  ;48.000;2;0.000;0.000;BELFORD ROXO_RJ_TEREX LATIN AMERICA IND E CO DE P C LTDA_13200000;3,;72,;CAMILO DOS SANTOS;DISTRIBUICAO;CHAVE_EXATA;Planilha2!G/F - linha 7476;OK - DISTRIBUICAO
134;TEREX LATIN AMERICA IND E CO DE P C LTDA;1;TEREX  LATIN AMERICA- DISTRIBUICAO;101010714;TEREX - CORREIOS;  ;13200000;JUNDIAI;SP;26400000;JAPERI;RJ;Indiferente     ;Rodoviario  ;48.000;2;0.000;0.000;JAPERI_RJ_TEREX LATIN AMERICA IND E CO DE P C LTDA_13200000;;0,;TSP Sem Cadastro;;;;SEM_CADASTRO - TT E TSP
134;TEREX LATIN AMERICA IND E CO DE P C LTDA;1;TEREX  LATIN AMERICA- DISTRIBUICAO;101010714;TEREX - CORREIOS;  ;13200000;JUNDIAI;SP;27185970;SAO PAULO;SP;Indiferente     ;Rodoviario  ;24.000;1;0.000;0.000;SAO PAULO_SP_TEREX LATIN AMERICA IND E CO DE P C LTDA_13200000;1,;24,;ALFA;DISTRIBUICAO;CHAVE_EXATA;Planilha2!G/F - linha 691;CONFLITO/REVISAR
134;TEREX LATIN AMERICA IND E CO DE P C LTDA;1;TEREX  LATIN AMERICA- DISTRIBUICAO;101010714;TEREX - CORREIOS;  ;13200000;JUNDIAI;SP;27300000;BARRA MANSA;RJ;Indiferente     ;Rodoviario  ;48.000;2;0.000;0.000;BARRA MANSA_RJ_TEREX LATIN AMERICA IND E CO DE P C LTDA_13200000;5,;120,;CAMILO DOS SANTOS;DISTRIBUICAO;CHAVE_EXATA;Planilha2!G/F - linha 7475;OK - DISTRIBUICAO
134;TEREX LATIN AMERICA IND E CO DE P C LTDA;1;TEREX  LATIN AMERICA- DISTRIBUICAO;101010714;TEREX - CORREIOS;  ;13200000;JUNDIAI;SP;27500000;RESENDE;RJ;Indiferente     ;Rodoviario  ;48.000;2;0.000;0.000;RESENDE_RJ_TEREX LATIN AMERICA IND E CO DE P C LTDA_13200000;10,;240,;CAMILO DOS SANTOS;REVERSA;FALLBACK_CIDADE_X2;Planilha2!E/F - linha 7535;CONFLITO/REVISAR
134;TEREX LATIN AMERICA IND E CO DE P C LTDA;1;TEREX  LATIN AMERICA- DISTRIBUICAO;101010714;TEREX - CORREIOS;  ;13200000;JUNDIAI;SP;27580000;ITATIAIA;RJ;Indiferente     ;Rodoviario  ;48.000;2;0.000;0.000;ITATIAIA_RJ_TEREX LATIN AMERICA IND E CO DE P C LTDA_13200000;;0,;TSP Sem Cadastro;;;;SEM_CADASTRO - TT E TSP
134;TEREX LATIN AMERICA IND E CO DE P C LTDA;1;TEREX  LATIN AMERICA- DISTRIBUICAO;101010714;TEREX - CORREIOS;  ;13200000;JUNDIAI;SP;27900000;MACAE;RJ;Indiferente     ;Rodoviario  ;48.000;2;0.000;0.000;MACAE_RJ_TEREX LATIN AMERICA IND E CO DE P C LTDA_13200000;6,;144,;CAMILO DOS SANTOS;DISTRIBUICAO;CHAVE_EXATA;Planilha2!G/F - linha 7481;OK - DISTRIBUICAO
134;TEREX LATIN AMERICA IND E CO DE P C LTDA;1;TEREX  LATIN AMERICA- DISTRIBUICAO;101010714;TEREX - CORREIOS;  ;13200000;JUNDIAI;SP;28000000;CAMPOS DOS GOYTACAZES;RJ;Indiferente     ;Rodoviario  ;48.000;2;0.000;0.000;CAMPOS DOS GOYTACAZES_RJ_TEREX LATIN AMERICA IND E CO DE P C LTDA_13200000;5,;120,;CAMILO DOS SANTOS;DISTRIBUICAO;CHAVE_EXATA;Planilha2!G/F - linha 7477;OK - DISTRIBUICAO
134;TEREX LATIN AMERICA IND E CO DE P C LTDA;1;TEREX  LATIN AMERICA- DISTRIBUICAO;101010714;TEREX - CORREIOS;  ;13200000;JUNDIAI;SP;28860000;CASIMIRO DE ABREU;RJ;Indiferente     ;Rodoviario  ;48.000;2;0.000;0.000;CASIMIRO DE ABREU_RJ_TEREX LATIN AMERICA IND E CO DE P C LTDA_13200000;;0,;TSP Sem Cadastro;;;;SEM_CADASTRO - TT E TSP
134;TEREX LATIN AMERICA IND E CO DE P C LTDA;1;TEREX  LATIN AMERICA- DISTRIBUICAO;101010714;TEREX - CORREIOS;  ;13200000;JUNDIAI;SP;28890000;RIO DAS OSTRAS;RJ;Indiferente     ;Rodoviario  ;48.000;2;0.000;0.000;RIO DAS OSTRAS_RJ_TEREX LATIN AMERICA IND E CO DE P C LTDA_13200000;;0,;TSP Sem Cadastro;;;;SEM_CADASTRO - TT E TSP
134;TEREX LATIN AMERICA IND E CO DE P C LTDA;1;TEREX  LATIN AMERICA- DISTRIBUICAO;101010714;TEREX - CORREIOS;  ;13200000;JUNDIAI;SP;29000000;VITORIA;ES;Indiferente     ;Rodoviario  ;48.000;2;0.000;0.000;VITORIA_ES_TEREX LATIN AMERICA IND E CO DE P C LTDA_13200000;6,;144,;CAMILO DOS SANTOS;REVERSA;FALLBACK_CIDADE_X2;Planilha2!E/F - linha 7497;OK - REVERSA IDENTIFICADA POR FALLBACK X2
134;TEREX LATIN AMERICA IND E CO DE P C LTDA;1;TEREX  LATIN AMERICA- DISTRIBUICAO;101010714;TEREX - CORREIOS;  ;13200000;JUNDIAI;SP;29140000;CARIACICA;ES;Indiferente     ;Rodoviario  ;96.000;4;0.000;0.000;CARIACICA_ES_TEREX LATIN AMERICA IND E CO DE P C LTDA_13200000;4,;96,;CAMILO DOS SANTOS;DISTRIBUICAO;CHAVE_EXATA;Planilha2!G/F - linha 7462;OK - DISTRIBUICAO
134;TEREX LATIN AMERICA IND E CO DE P C LTDA;1;TEREX  LATIN AMERICA- DISTRIBUICAO;101010714;TEREX - CORREIOS;  ;13200000;JUNDIAI;SP;29160000;SERRA;ES;Indiferente     ;Rodoviario  ;96.000;4;0.000;0.000;SERRA_ES_TEREX LATIN AMERICA IND E CO DE P C LTDA_13200000;4,;96,;CAMILO DOS SANTOS;DISTRIBUICAO;CHAVE_EXATA;Planilha2!G/F - linha 7463;OK - DISTRIBUICAO
134;TEREX LATIN AMERICA IND E CO DE P C LTDA;1;TEREX  LATIN AMERICA- DISTRIBUICAO;101010714;TEREX - CORREIOS;  ;13200000;JUNDIAI;SP;29164280;SERRA;ES;Indiferente     ;Rodoviario  ;48.000;2;0.000;0.000;SERRA_ES_TEREX LATIN AMERICA IND E CO DE P C LTDA_13200000;4,;96,;CAMILO DOS SANTOS;DISTRIBUICAO;CHAVE_EXATA;Planilha2!G/F - linha 7463;OK - DISTRIBUICAO
134;TEREX LATIN AMERICA IND E CO DE P C LTDA;1;TEREX  LATIN AMERICA- DISTRIBUICAO;101010714;TEREX - CORREIOS;  ;13200000;JUNDIAI;SP;29164335;SERRA;ES;Indiferente     ;Rodoviario  ;48.000;2;0.000;0.000;SERRA_ES_TEREX LATIN AMERICA IND E CO DE P C LTDA_13200000;4,;96,;CAMILO DOS SANTOS;DISTRIBUICAO;CHAVE_EXATA;Planilha2!G/F - linha 7463;OK - DISTRIBUICAO
134;TEREX LATIN AMERICA IND E CO DE P C LTDA;1;TEREX  LATIN AMERICA- DISTRIBUICAO;101010714;TEREX - CORREIOS;  ;13200000;JUNDIAI;SP;29190000;ARACRUZ;ES;Indiferente     ;Rodoviario  ;72.000;3;0.000;0.000;ARACRUZ_ES_TEREX LATIN AMERICA IND E CO DE P C LTDA_13200000;;0,;TSP Sem Cadastro;;;;SEM_CADASTRO - TT E TSP
134;TEREX LATIN AMERICA IND E CO DE P C LTDA;1;TEREX  LATIN AMERICA- DISTRIBUICAO;101010714;TEREX - CORREIOS;  ;13200000;JUNDIAI;SP;30000000;BELO HORIZONTE;MG;Indiferente     ;Rodoviario  ;24.000;1;0.000;0.000;BELO HORIZONTE_MG_TEREX LATIN AMERICA IND E CO DE P C LTDA_13200000;3,;72,;CAMILO DOS SANTOS;DISTRIBUICAO;CHAVE_EXATA;Planilha2!G/F - linha 7464;OK - DISTRIBUICAO
134;TEREX LATIN AMERICA IND E CO DE P C LTDA;1;TEREX  LATIN AMERICA- DISTRIBUICAO;101010714;TEREX - CORREIOS;  ;13200000;JUNDIAI;SP;32000000;CONTAGEM;MG;Indiferente     ;Rodoviario  ;24.000;1;0.000;0.000;CONTAGEM_MG_TEREX LATIN AMERICA IND E CO DE P C LTDA_13200000;3,;72,;CAMILO DOS SANTOS;DISTRIBUICAO;CHAVE_EXATA;Planilha2!G/F - linha 7466;OK - DISTRIBUICAO
134;TEREX LATIN AMERICA IND E CO DE P C LTDA;1;TEREX  LATIN AMERICA- DISTRIBUICAO;101010714;TEREX - CORREIOS;  ;13200000;JUNDIAI;SP;32500000;BETIM;MG;Indiferente     ;Rodoviario  ;24.000;1;0.000;0.000;BETIM_MG_TEREX LATIN AMERICA IND E CO DE P C LTDA_13200000;3,;72,;CAMILO DOS SANTOS;DISTRIBUICAO;CHAVE_EXATA;Planilha2!G/F - linha 7465;OK - DISTRIBUICAO
134;TEREX LATIN AMERICA IND E CO DE P C LTDA;1;TEREX  LATIN AMERICA- DISTRIBUICAO;101010714;TEREX - CORREIOS;  ;13200000;JUNDIAI;SP;32920000;SAO JOAQUIM DE BICAS;MG;Indiferente     ;Rodoviario  ;48.000;2;0.000;0.000;SAO JOAQUIM DE BICAS_MG_TEREX LATIN AMERICA IND E CO DE P C LTDA_13200000;;0,;TSP Sem Cadastro;;;;SEM_CADASTRO - TT E TSP
134;TEREX LATIN AMERICA IND E CO DE P C LTDA;1;TEREX  LATIN AMERICA- DISTRIBUICAO;101010714;TEREX - CORREIOS;  ;13200000;JUNDIAI;SP;33000000;SANTA LUZIA;MG;Indiferente     ;Rodoviario  ;48.000;2;0.000;0.000;SANTA LUZIA_MG_TEREX LATIN AMERICA IND E CO DE P C LTDA_13200000;5,;120,;CAMILO DOS SANTOS;DISTRIBUICAO;CHAVE_EXATA;Planilha2!G/F - linha 7470;OK - DISTRIBUICAO
134;TEREX LATIN AMERICA IND E CO DE P C LTDA;1;TEREX  LATIN AMERICA- DISTRIBUICAO;101010714;TEREX - CORREIOS;  ;13200000;JUNDIAI;SP;33200000;VESPASIANO;MG;Indiferente     ;Rodoviario  ;48.000;2;0.000;0.000;VESPASIANO_MG_TEREX LATIN AMERICA IND E CO DE P C LTDA_13200000;3,;72,;CAMILO DOS SANTOS;DISTRIBUICAO;CHAVE_EXATA;Planilha2!G/F - linha 7474;OK - DISTRIBUICAO
134;TEREX LATIN AMERICA IND E CO DE P C LTDA;1;TEREX  LATIN AMERICA- DISTRIBUICAO;101010714;TEREX - CORREIOS;  ;13200000;JUNDIAI;SP;34000000;NOVA LIMA;MG;Indiferente     ;Rodoviario  ;48.000;2;0.000;0.000;NOVA LIMA_MG_TEREX LATIN AMERICA IND E CO DE P C LTDA_13200000;3,;72,;CAMILO DOS SANTOS;DISTRIBUICAO;CHAVE_EXATA;Planilha2!G/F - linha 7469;OK - DISTRIBUICAO
134;TEREX LATIN AMERICA IND E CO DE P C LTDA;1;TEREX  LATIN AMERICA- DISTRIBUICAO;101010714;TEREX - CORREIOS;  ;13200000;JUNDIAI;SP;35160000;IPATINGA;MG;Indiferente     ;Rodoviario  ;48.000;2;0.000;0.000;IPATINGA_MG_TEREX LATIN AMERICA IND E CO DE P C LTDA_13200000;14,;336,;CAMILO DOS SANTOS;REVERSA;FALLBACK_CIDADE_X2;Planilha2!E/F - linha 7546;OK - REVERSA IDENTIFICADA POR FALLBACK X2
134;TEREX LATIN AMERICA IND E CO DE P C LTDA;1;TEREX  LATIN AMERICA- DISTRIBUICAO;101010714;TEREX - CORREIOS;  ;13200000;JUNDIAI;SP;35180000;TIMOTEO;MG;Indiferente     ;Rodoviario  ;48.000;2;0.000;0.000;TIMOTEO_MG_TEREX LATIN AMERICA IND E CO DE P C LTDA_13200000;;0,;TSP Sem Cadastro;;;;SEM_CADASTRO - TT E TSP
134;TEREX LATIN AMERICA IND E CO DE P C LTDA;1;TEREX  LATIN AMERICA- DISTRIBUICAO;101010714;TEREX - CORREIOS;  ;13200000;JUNDIAI;SP;35460000;BRUMADINHO;MG;Indiferente     ;Rodoviario  ;48.000;2;0.000;0.000;BRUMADINHO_MG_TEREX LATIN AMERICA IND E CO DE P C LTDA_13200000;;0,;TSP Sem Cadastro;;;;SEM_CADASTRO - TT E TSP
134;TEREX LATIN AMERICA IND E CO DE P C LTDA;1;TEREX  LATIN AMERICA- DISTRIBUICAO;101010714;TEREX - CORREIOS;  ;13200000;JUNDIAI;SP;35680000;ITAUNA;MG;Indiferente     ;Rodoviario  ;48.000;2;0.000;0.000;ITAUNA_MG_TEREX LATIN AMERICA IND E CO DE P C LTDA_13200000;5,;120,;CAMILO DOS SANTOS;DISTRIBUICAO;CHAVE_EXATA;Planilha2!G/F - linha 7467;OK - DISTRIBUICAO
134;TEREX LATIN AMERICA IND E CO DE P C LTDA;1;TEREX  LATIN AMERICA- DISTRIBUICAO;101010714;TEREX - CORREIOS;  ;13200000;JUNDIAI;SP;35700000;SETE LAGOAS;MG;Indiferente     ;Rodoviario  ;48.000;2;0.000;0.000;SETE LAGOAS_MG_TEREX LATIN AMERICA IND E CO DE P C LTDA_13200000;5,;120,;CAMILO DOS SANTOS;DISTRIBUICAO;CHAVE_EXATA;Planilha2!G/F - linha 7472;OK - DISTRIBUICAO
134;TEREX LATIN AMERICA IND E CO DE P C LTDA;1;TEREX  LATIN AMERICA- DISTRIBUICAO;101010714;TEREX - CORREIOS;  ;13200000;JUNDIAI;SP;36000000;JUIZ DE FORA;MG;Indiferente     ;Rodoviario  ;48.000;2;0.000;0.000;JUIZ DE FORA_MG_TEREX LATIN AMERICA IND E CO DE P C LTDA_13200000;5,;120,;CAMILO DOS SANTOS;DISTRIBUICAO;CHAVE_EXATA;Planilha2!G/F - linha 7468;OK - DISTRIBUICAO
134;TEREX LATIN AMERICA IND E CO DE P C LTDA;1;TEREX  LATIN AMERICA- DISTRIBUICAO;101010714;TEREX - CORREIOS;  ;13200000;JUNDIAI;SP;36500000;UBA;MG;Indiferente     ;Rodoviario  ;48.000;2;0.000;0.000;UBA_MG_TEREX LATIN AMERICA IND E CO DE P C LTDA_13200000;;0,;TSP Sem Cadastro;;;;SEM_CADASTRO - TT E TSP
134;TEREX LATIN AMERICA IND E CO DE P C LTDA;1;TEREX  LATIN AMERICA- DISTRIBUICAO;101010714;TEREX - CORREIOS;  ;13290000;LOUVEIRA;SP;86180000;CAMBE;PR;Indiferente     ;Rodoviario  ;96.000;4;0.000;0.000;CAMBE_PR_TEREX LATIN AMERICA IND E CO DE P C LTDA_13290000;4,;96,;PROGRESSIVA;REVERSA;FALLBACK_CIDADE_X2;Planilha2!E/F - linha 6354;CONFLITO/REVISAR
134;TEREX LATIN AMERICA IND E CO DE P C LTDA;1;TEREX  LATIN AMERICA- DISTRIBUICAO;101010714;TEREX - CORREIOS;  ;13290000;LOUVEIRA;SP;87000000;MARINGA;PR;Indiferente     ;Rodoviario  ;120.000;5;0.000;0.000;MARINGA_PR_TEREX LATIN AMERICA IND E CO DE P C LTDA_13290000;6,;144,;ALFA;REVERSA;FALLBACK_CIDADE_X2;Planilha2!E/F - linha 701;CONFLITO/REVISAR
134;TEREX LATIN AMERICA IND E CO DE P C LTDA;1;TEREX  LATIN AMERICA- DISTRIBUICAO;101010714;TEREX - CORREIOS;  ;13290000;LOUVEIRA;SP;88220000;ITAPEMA;SC;Indiferente     ;Rodoviario  ;72.000;3;0.000;0.000;ITAPEMA_SC_TEREX LATIN AMERICA IND E CO DE P C LTDA_13290000;6,;144,;LOGI SUL;REVERSA;FALLBACK_CIDADE_X2;Planilha2!E/F - linha 6541;OK - REVERSA IDENTIFICADA POR FALLBACK X2
134;TEREX LATIN AMERICA IND E CO DE P C LTDA;1;TEREX  LATIN AMERICA- DISTRIBUICAO;101010714;TEREX - CORREIOS;  ;13290000;LOUVEIRA;SP;88300000;ITAJAI;SC;Indiferente     ;Rodoviario  ;72.000;3;0.000;0.000;ITAJAI_SC_TEREX LATIN AMERICA IND E CO DE P C LTDA_13290000;6,;144,;ALFA;REVERSA;FALLBACK_CIDADE_X2;Planilha2!E/F - linha 715;CONFLITO/REVISAR
134;TEREX LATIN AMERICA IND E CO DE P C LTDA;1;TEREX  LATIN AMERICA- DISTRIBUICAO;101010714;TEREX - CORREIOS;  ;13290000;LOUVEIRA;SP;89000000;BLUMENAU;SC;Carga fracionada;Rodoviario  ;48.000;2;0.000;0.000;BLUMENAU_SC_TEREX LATIN AMERICA IND E CO DE P C LTDA_13290000;4,;96,;PROGRESSIVA;REVERSA;FALLBACK_CIDADE_X2;Planilha2!E/F - linha 6128;CONFLITO/REVISAR
134;TEREX LATIN AMERICA IND E CO DE P C LTDA;1;TEREX  LATIN AMERICA- DISTRIBUICAO;101010714;TEREX - CORREIOS;  ;13290000;LOUVEIRA;SP;89200000;JOINVILLE;SC;Carga fracionada;Rodoviario  ;48.000;2;0.000;0.000;JOINVILLE_SC_TEREX LATIN AMERICA IND E CO DE P C LTDA_13290000;6,;144,;ALFA;REVERSA;FALLBACK_CIDADE_X2;Planilha2!E/F - linha 716;CONFLITO/REVISAR
134;TEREX LATIN AMERICA IND E CO DE P C LTDA;1;TEREX  LATIN AMERICA- DISTRIBUICAO;101010714;TEREX - CORREIOS;  ;13290000;LOUVEIRA;SP;89200000;JOINVILLE;SC;Indiferente     ;Rodoviario  ;120.000;5;0.000;0.000;JOINVILLE_SC_TEREX LATIN AMERICA IND E CO DE P C LTDA_13290000;6,;144,;ALFA;REVERSA;FALLBACK_CIDADE_X2;Planilha2!E/F - linha 716;CONFLITO/REVISAR
134;TEREX LATIN AMERICA IND E CO DE P C LTDA;1;TEREX  LATIN AMERICA- DISTRIBUICAO;101010714;TEREX - CORREIOS;  ;13290000;LOUVEIRA;SP;90000000;PORTO ALEGRE;RS;Carga fracionada;Rodoviario  ;24.000;1;0.000;0.000;PORTO ALEGRE_RS_TEREX LATIN AMERICA IND E CO DE P C LTDA_13290000;6,;144,;ALFA;REVERSA;FALLBACK_CIDADE_X2;Planilha2!E/F - linha 712;CONFLITO/REVISAR
134;TEREX LATIN AMERICA IND E CO DE P C LTDA;1;TEREX  LATIN AMERICA- DISTRIBUICAO;101010714;TEREX - CORREIOS;  ;13290000;LOUVEIRA;SP;90000000;PORTO ALEGRE;RS;Indiferente     ;Rodoviario  ;96.000;4;0.000;0.000;PORTO ALEGRE_RS_TEREX LATIN AMERICA IND E CO DE P C LTDA_13290000;6,;144,;ALFA;REVERSA;FALLBACK_CIDADE_X2;Planilha2!E/F - linha 712;CONFLITO/REVISAR
134;TEREX LATIN AMERICA IND E CO DE P C LTDA;1;TEREX  LATIN AMERICA- DISTRIBUICAO;101010714;TEREX - CORREIOS;  ;13290000;LOUVEIRA;SP;92990000;ELDORADO DO SUL;RS;Indiferente     ;Rodoviario  ;48.000;2;0.000;0.000;ELDORADO DO SUL_RS_TEREX LATIN AMERICA IND E CO DE P C LTDA_13290000;8,;192,;ALFA;REVERSA;FALLBACK_CIDADE_X2;Planilha2!E/F - linha 709;CONFLITO/REVISAR
134;TEREX LATIN AMERICA IND E CO DE P C LTDA;1;TEREX  LATIN AMERICA- DISTRIBUICAO;101010714;TEREX - CORREIOS;  ;13290000;LOUVEIRA;SP;94900000;CACHOEIRINHA;RS;Carga fracionada;Rodoviario  ;48.000;2;0.000;0.000;CACHOEIRINHA_RS_TEREX LATIN AMERICA IND E CO DE P C LTDA_13290000;8,;192,;ALFA;REVERSA;FALLBACK_CIDADE_X2;Planilha2!E/F - linha 707;CONFLITO/REVISAR
134;TEREX LATIN AMERICA IND E CO DE P C LTDA;1;TEREX  LATIN AMERICA- DISTRIBUICAO;101010714;TEREX - CORREIOS;  ;13290000;LOUVEIRA;SP;94900000;CACHOEIRINHA;RS;Indiferente     ;Rodoviario  ;48.000;2;0.000;0.000;CACHOEIRINHA_RS_TEREX LATIN AMERICA IND E CO DE P C LTDA_13290000;8,;192,;ALFA;REVERSA;FALLBACK_CIDADE_X2;Planilha2!E/F - linha 707;CONFLITO/REVISAR
134;TEREX LATIN AMERICA IND E CO DE P C LTDA;1;TEREX  LATIN AMERICA- DISTRIBUICAO;101010714;TEREX - CORREIOS;  ;13290000;LOUVEIRA;SP;95000000;CAXIAS DO SUL;RS;Indiferente     ;Rodoviario  ;48.000;2;0.000;0.000;CAXIAS DO SUL_RS_TEREX LATIN AMERICA IND E CO DE P C LTDA_13290000;8,;192,;ALFA;REVERSA;FALLBACK_CIDADE_X2;Planilha2!E/F - linha 708;CONFLITO/REVISAR
134;TEREX LATIN AMERICA IND E CO DE P C LTDA;1;TEREX  LATIN AMERICA- DISTRIBUICAO;101010714;TEREX - CORREIOS;  ;13290000;LOUVEIRA;SP;9600000;SAO BERNARDO DO CAMPO;SP;Indiferente     ;Rodoviario  ;48.000;2;0.000;0.000;SAO BERNARDO DO CAMPO_SP_TEREX LATIN AMERICA IND E CO DE P C LTDA_13290000;2,;48,;ALFA;REVERSA;FALLBACK_CIDADE_X2;Planilha2!E/F - linha 688;CONFLITO/REVISAR
134;TEREX LATIN AMERICA IND E CO DE P C LTDA;1;TEREX  LATIN AMERICA- DISTRIBUICAO;101010714;TEREX - CORREIOS;  ;13290000;LOUVEIRA;SP;96200000;RIO GRANDE;RS;Indiferente     ;Rodoviario  ;72.000;3;0.000;0.000;RIO GRANDE_RS_TEREX LATIN AMERICA IND E CO DE P C LTDA_13290000;12,;288,;ALFA;REVERSA;FALLBACK_CIDADE_X2;Planilha2!E/F - linha 713;CONFLITO/REVISAR
134;TEREX LATIN AMERICA IND E CO DE P C LTDA;1;TEREX  LATIN AMERICA- DISTRIBUICAO;101010714;TEREX - CORREIOS;  ;13290000;LOUVEIRA;SP;96800000;SANTA CRUZ DO SUL;RS;Indiferente     ;Rodoviario  ;96.000;4;0.000;0.000;SANTA CRUZ DO SUL_RS_TEREX LATIN AMERICA IND E CO DE P C LTDA_13290000;10,;240,;ALFA;REVERSA;FALLBACK_CIDADE_X2;Planilha2!E/F - linha 714;CONFLITO/REVISAR
134;TEREX LATIN AMERICA IND E CO DE P C LTDA;1;TEREX  LATIN AMERICA- DISTRIBUICAO;101010714;TEREX - CORREIOS;  ;13290000;LOUVEIRA;SP;99000000;PASSO FUNDO;RS;Indiferente     ;Rodoviario  ;48.000;2;0.000;0.000;PASSO FUNDO_RS_TEREX LATIN AMERICA IND E CO DE P C LTDA_13290000;8,;192,;ALFA;REVERSA;FALLBACK_CIDADE_X2;Planilha2!E/F - linha 711;CONFLITO/REVISAR
134;TEREX LATIN AMERICA IND E CO DE P C LTDA;1;TEREX  LATIN AMERICA- DISTRIBUICAO;101010714;TEREX - CORREIOS;  ;53000000;OLINDA;PE;13200000;JUNDIAI;SP;Indiferente     ;Rodoviario  ;336.000;14;0.000;0.000;JUNDIAI_SP_TEREX LATIN AMERICA IND E CO DE P C LTDA_53000000;2,;48,;ALFA;REVERSA;FALLBACK_CIDADE_X2;Planilha2!E/F - linha 670;CONFLITO/REVISAR
134;TEREX LATIN AMERICA IND E CO DE P C LTDA;1;TEREX  LATIN AMERICA- DISTRIBUICAO;101010723;TEREX - OUTBOUND;  ;83700000;ARAUCARIA;PR;13200000;JUNDIAI;SP;Indiferente     ;Rodoviario  ;96.000;4;0.000;0.000;JUNDIAI_SP_TEREX LATIN AMERICA IND E CO DE P C LTDA_83700000;2,;48,;ALFA;REVERSA;FALLBACK_CIDADE_X2;Planilha2!E/F - linha 670;CONFLITO/REVISAR
134;TEREX LATIN AMERICA IND E CO DE P C LTDA;1;TEREX  LATIN AMERICA- DISTRIBUICAO;101010723;TEREX - OUTBOUND;  ;7400000;ARUJA;SP;13200000;JUNDIAI;SP;Indiferente     ;Rodoviario  ;96.000;4;0.000;0.000;JUNDIAI_SP_TEREX LATIN AMERICA IND E CO DE P C LTDA_7400000;2,;48,;ALFA;REVERSA;FALLBACK_CIDADE_X2;Planilha2!E/F - linha 670;CONFLITO/REVISAR
134;TEREX LATIN AMERICA IND E CO DE P C LTDA;1;TEREX  LATIN AMERICA- DISTRIBUICAO;101010723;TEREX - OUTBOUND;  ;6400000;BARUERI;SP;1000000;SAO PAULO;SP;Indiferente     ;Rodoviario  ;48.000;2;0.000;0.000;SAO PAULO_SP_TEREX LATIN AMERICA IND E CO DE P C LTDA_6400000;2,;48,;ALFA;REVERSA;FALLBACK_CIDADE_X2;Planilha2!E/F - linha 691;CONFLITO/REVISAR
134;TEREX LATIN AMERICA IND E CO DE P C LTDA;1;TEREX  LATIN AMERICA- DISTRIBUICAO;101010723;TEREX - OUTBOUND;  ;6400000;BARUERI;SP;2715000;SAO PAULO;SP;Indiferente     ;Rodoviario  ;72.000;3;0.000;0.000;SAO PAULO_SP_TEREX LATIN AMERICA IND E CO DE P C LTDA_6400000;2,;48,;ALFA;REVERSA;FALLBACK_CIDADE_X2;Planilha2!E/F - linha 691;CONFLITO/REVISAR
134;TEREX LATIN AMERICA IND E CO DE P C LTDA;1;TEREX  LATIN AMERICA- DISTRIBUICAO;101010723;TEREX - OUTBOUND;  ;6400000;BARUERI;SP;5427100;SAO PAULO;SP;Indiferente     ;Rodoviario  ;48.000;2;0.000;0.000;SAO PAULO_SP_TEREX LATIN AMERICA IND E CO DE P C LTDA_6400000;2,;48,;ALFA;REVERSA;FALLBACK_CIDADE_X2;Planilha2!E/F - linha 691;CONFLITO/REVISAR
134;TEREX LATIN AMERICA IND E CO DE P C LTDA;1;TEREX  LATIN AMERICA- DISTRIBUICAO;101010723;TEREX - OUTBOUND;  ;6400000;BARUERI;SP;6000000;OSASCO;SP;Indiferente     ;Rodoviario  ;72.000;3;0.000;0.000;OSASCO_SP_TEREX LATIN AMERICA IND E CO DE P C LTDA_6400000;2,;48,;ALFA;REVERSA;FALLBACK_CIDADE_X2;Planilha2!E/F - linha 316;CONFLITO/REVISAR
134;TEREX LATIN AMERICA IND E CO DE P C LTDA;1;TEREX  LATIN AMERICA- DISTRIBUICAO;101010723;TEREX - OUTBOUND;  ;6400000;BARUERI;SP;6500000;SANTANA DE PARNAIBA;SP;Indiferente     ;Rodoviario  ;72.000;3;0.000;0.000;SANTANA DE PARNAIBA_SP_TEREX LATIN AMERICA IND E CO DE P C LTDA_6400000;4,;96,;ALFA;REVERSA;FALLBACK_CIDADE_X2;Planilha2!E/F - linha 685;CONFLITO/REVISAR
134;TEREX LATIN AMERICA IND E CO DE P C LTDA;1;TEREX  LATIN AMERICA- DISTRIBUICAO;101010723;TEREX - OUTBOUND;  ;6400000;BARUERI;SP;7400000;ARUJA;SP;Indiferente     ;Rodoviario  ;24.000;1;0.000;0.000;ARUJA_SP_TEREX LATIN AMERICA IND E CO DE P C LTDA_6400000;4,;96,;ALFA;REVERSA;FALLBACK_CIDADE_X2;Planilha2!E/F - linha 650;CONFLITO/REVISAR
134;TEREX LATIN AMERICA IND E CO DE P C LTDA;1;TEREX  LATIN AMERICA- DISTRIBUICAO;101010723;TEREX - OUTBOUND;  ;6400000;BARUERI;SP;11000000;SANTOS;SP;Indiferente     ;Rodoviario  ;24.000;1;0.000;0.000;SANTOS_SP_TEREX LATIN AMERICA IND E CO DE P C LTDA_6400000;2,;48,;ALFA;REVERSA;FALLBACK_CIDADE_X2;Planilha2!E/F - linha 348;CONFLITO/REVISAR
134;TEREX LATIN AMERICA IND E CO DE P C LTDA;1;TEREX  LATIN AMERICA- DISTRIBUICAO;101010723;TEREX - OUTBOUND;  ;6400000;BARUERI;SP;12000000;TAUBATE;SP;Indiferente     ;Rodoviario  ;72.000;3;0.000;0.000;TAUBATE_SP_TEREX LATIN AMERICA IND E CO DE P C LTDA_6400000;4,;96,;ALFA;REVERSA;FALLBACK_CIDADE_X2;Planilha2!E/F - linha 694;CONFLITO/REVISAR
134;TEREX LATIN AMERICA IND E CO DE P C LTDA;1;TEREX  LATIN AMERICA- DISTRIBUICAO;101010723;TEREX - OUTBOUND;  ;6400000;BARUERI;SP;12200000;SAO JOSE DOS CAMPOS;SP;Indiferente     ;Rodoviario  ;72.000;3;0.000;0.000;SAO JOSE DOS CAMPOS_SP_TEREX LATIN AMERICA IND E CO DE P C LTDA_6400000;4,;96,;ALFA;REVERSA;FALLBACK_CIDADE_X2;Planilha2!E/F - linha 690;CONFLITO/REVISAR
134;TEREX LATIN AMERICA IND E CO DE P C LTDA;1;TEREX  LATIN AMERICA- DISTRIBUICAO;101010723;TEREX - OUTBOUND;  ;6400000;BARUERI;SP;13000000;CAMPINAS;SP;Indiferente     ;Rodoviario  ;72.000;3;0.000;0.000;CAMPINAS_SP_TEREX LATIN AMERICA IND E CO DE P C LTDA_6400000;2,;48,;ALFA;REVERSA;FALLBACK_CIDADE_X2;Planilha2!E/F - linha 150;CONFLITO/REVISAR
134;TEREX LATIN AMERICA IND E CO DE P C LTDA;1;TEREX  LATIN AMERICA- DISTRIBUICAO;101010723;TEREX - OUTBOUND;  ;6400000;BARUERI;SP;13170000;SUMARE;SP;Indiferente     ;Rodoviario  ;72.000;3;0.000;0.000;SUMARE_SP_TEREX LATIN AMERICA IND E CO DE P C LTDA_6400000;2,;48,;ALFA;REVERSA;FALLBACK_CIDADE_X2;Planilha2!E/F - linha 693;CONFLITO/REVISAR
134;TEREX LATIN AMERICA IND E CO DE P C LTDA;1;TEREX  LATIN AMERICA- DISTRIBUICAO;101010723;TEREX - OUTBOUND;  ;6400000;BARUERI;SP;13300000;ITU;SP;Indiferente     ;Rodoviario  ;72.000;3;0.000;0.000;ITU_SP_TEREX LATIN AMERICA IND E CO DE P C LTDA_6400000;2,;48,;ALFA;REVERSA;FALLBACK_CIDADE_X2;Planilha2!E/F - linha 252;CONFLITO/REVISAR
134;TEREX LATIN AMERICA IND E CO DE P C LTDA;1;TEREX  LATIN AMERICA- DISTRIBUICAO;101010723;TEREX - OUTBOUND;  ;6400000;BARUERI;SP;14000000;RIBEIRAO PRETO;SP;Indiferente     ;Rodoviario  ;72.000;3;0.000;0.000;RIBEIRAO PRETO_SP_TEREX LATIN AMERICA IND E CO DE P C LTDA_6400000;6,;144,;ALFA;REVERSA;FALLBACK_CIDADE_X2;Planilha2!E/F - linha 682;CONFLITO/REVISAR
134;TEREX LATIN AMERICA IND E CO DE P C LTDA;1;TEREX  LATIN AMERICA- DISTRIBUICAO;101010723;TEREX - OUTBOUND;  ;6400000;BARUERI;SP;14700000;BEBEDOURO;SP;Indiferente     ;Rodoviario  ;72.000;3;0.000;0.000;BEBEDOURO_SP_TEREX LATIN AMERICA IND E CO DE P C LTDA_6400000;6,;144,;ALFA;REVERSA;FALLBACK_CIDADE_X2;Planilha2!E/F - linha 438;CONFLITO/REVISAR
134;TEREX LATIN AMERICA IND E CO DE P C LTDA;1;TEREX  LATIN AMERICA- DISTRIBUICAO;101010723;TEREX - OUTBOUND;  ;6400000;BARUERI;SP;20000000;RIO DE JANEIRO;RJ;Indiferente     ;Rodoviario  ;72.000;3;0.000;0.000;RIO DE JANEIRO_RJ_TEREX LATIN AMERICA IND E CO DE P C LTDA_6400000;4,;96,;CAMILO DOS SANTOS;REVERSA;FALLBACK_CIDADE_X2;Planilha2!E/F - linha 7483;CONFLITO/REVISAR
134;TEREX LATIN AMERICA IND E CO DE P C LTDA;1;TEREX  LATIN AMERICA- DISTRIBUICAO;101010723;TEREX - OUTBOUND;  ;6400000;BARUERI;SP;24800000;ITABORAI;RJ;Indiferente     ;Rodoviario  ;72.000;3;0.000;0.000;ITABORAI_RJ_TEREX LATIN AMERICA IND E CO DE P C LTDA_6400000;;0,;CAMILO DOS SANTOS;;;;SEM_CADASTRO
134;TEREX LATIN AMERICA IND E CO DE P C LTDA;1;TEREX  LATIN AMERICA- DISTRIBUICAO;101010723;TEREX - OUTBOUND;  ;6400000;BARUERI;SP;26000000;NOVA IGUACU;RJ;Indiferente     ;Rodoviario  ;72.000;3;0.000;0.000;NOVA IGUACU_RJ_TEREX LATIN AMERICA IND E CO DE P C LTDA_6400000;6,;144,;CAMILO DOS SANTOS;REVERSA;FALLBACK_CIDADE_X2;Planilha2!E/F - linha 7503;OK - REVERSA IDENTIFICADA POR FALLBACK X2
134;TEREX LATIN AMERICA IND E CO DE P C LTDA;1;TEREX  LATIN AMERICA- DISTRIBUICAO;101010723;TEREX - OUTBOUND;  ;6400000;BARUERI;SP;26200000;NOVA IGUACU;RJ;Indiferente     ;Rodoviario  ;72.000;3;0.000;0.000;NOVA IGUACU_RJ_TEREX LATIN AMERICA IND E CO DE P C LTDA_6400000;6,;144,;CAMILO DOS SANTOS;REVERSA;FALLBACK_CIDADE_X2;Planilha2!E/F - linha 7503;OK - REVERSA IDENTIFICADA POR FALLBACK X2
134;TEREX LATIN AMERICA IND E CO DE P C LTDA;1;TEREX  LATIN AMERICA- DISTRIBUICAO;101010723;TEREX - OUTBOUND;  ;6400000;BARUERI;SP;27580000;ITATIAIA;RJ;Indiferente     ;Rodoviario  ;72.000;3;0.000;0.000;ITATIAIA_RJ_TEREX LATIN AMERICA IND E CO DE P C LTDA_6400000;;0,;TSP Sem Cadastro;;;;SEM_CADASTRO - TT E TSP
134;TEREX LATIN AMERICA IND E CO DE P C LTDA;1;TEREX  LATIN AMERICA- DISTRIBUICAO;101010723;TEREX - OUTBOUND;  ;6400000;BARUERI;SP;29140000;CARIACICA;ES;Indiferente     ;Rodoviario  ;48.000;2;0.000;0.000;CARIACICA_ES_TEREX LATIN AMERICA IND E CO DE P C LTDA_6400000;8,;192,;CAMILO DOS SANTOS;REVERSA;FALLBACK_CIDADE_X2;Planilha2!E/F - linha 7462;OK - REVERSA IDENTIFICADA POR FALLBACK X2
134;TEREX LATIN AMERICA IND E CO DE P C LTDA;1;TEREX  LATIN AMERICA- DISTRIBUICAO;101010723;TEREX - OUTBOUND;  ;6400000;BARUERI;SP;29160000;SERRA;ES;Indiferente     ;Rodoviario  ;96.000;4;0.000;0.000;SERRA_ES_TEREX LATIN AMERICA IND E CO DE P C LTDA_6400000;8,;192,;CAMILO DOS SANTOS;REVERSA;FALLBACK_CIDADE_X2;Planilha2!E/F - linha 7463;CONFLITO/REVISAR
134;TEREX LATIN AMERICA IND E CO DE P C LTDA;1;TEREX  LATIN AMERICA- DISTRIBUICAO;101010723;TEREX - OUTBOUND;  ;6400000;BARUERI;SP;29160858;SERRA;ES;Indiferente     ;Rodoviario  ;96.000;4;0.000;0.000;SERRA_ES_TEREX LATIN AMERICA IND E CO DE P C LTDA_6400000;8,;192,;CAMILO DOS SANTOS;REVERSA;FALLBACK_CIDADE_X2;Planilha2!E/F - linha 7463;CONFLITO/REVISAR
134;TEREX LATIN AMERICA IND E CO DE P C LTDA;1;TEREX  LATIN AMERICA- DISTRIBUICAO;101010723;TEREX - OUTBOUND;  ;6400000;BARUERI;SP;29164280;SERRA;ES;Indiferente     ;Rodoviario  ;96.000;4;0.000;0.000;SERRA_ES_TEREX LATIN AMERICA IND E CO DE P C LTDA_6400000;8,;192,;CAMILO DOS SANTOS;REVERSA;FALLBACK_CIDADE_X2;Planilha2!E/F - linha 7463;CONFLITO/REVISAR
134;TEREX LATIN AMERICA IND E CO DE P C LTDA;1;TEREX  LATIN AMERICA- DISTRIBUICAO;101010723;TEREX - OUTBOUND;  ;6400000;BARUERI;SP;29164335;SERRA;ES;Indiferente     ;Rodoviario  ;96.000;4;0.000;0.000;SERRA_ES_TEREX LATIN AMERICA IND E CO DE P C LTDA_6400000;8,;192,;CAMILO DOS SANTOS;REVERSA;FALLBACK_CIDADE_X2;Planilha2!E/F - linha 7463;CONFLITO/REVISAR
134;TEREX LATIN AMERICA IND E CO DE P C LTDA;1;TEREX  LATIN AMERICA- DISTRIBUICAO;101010723;TEREX - OUTBOUND;  ;6400000;BARUERI;SP;30000000;BELO HORIZONTE;MG;Indiferente     ;Rodoviario  ;72.000;3;0.000;0.000;BELO HORIZONTE_MG_TEREX LATIN AMERICA IND E CO DE P C LTDA_6400000;6,;144,;CAMILO DOS SANTOS;REVERSA;FALLBACK_CIDADE_X2;Planilha2!E/F - linha 7464;CONFLITO/REVISAR
134;TEREX LATIN AMERICA IND E CO DE P C LTDA;1;TEREX  LATIN AMERICA- DISTRIBUICAO;101010723;TEREX - OUTBOUND;  ;6400000;BARUERI;SP;32000000;CONTAGEM;MG;Indiferente     ;Rodoviario  ;96.000;4;0.000;0.000;CONTAGEM_MG_TEREX LATIN AMERICA IND E CO DE P C LTDA_6400000;6,;144,;CAMILO DOS SANTOS;REVERSA;FALLBACK_CIDADE_X2;Planilha2!E/F - linha 7466;CONFLITO/REVISAR
134;TEREX LATIN AMERICA IND E CO DE P C LTDA;1;TEREX  LATIN AMERICA- DISTRIBUICAO;101010723;TEREX - OUTBOUND;  ;6400000;BARUERI;SP;38400000;UBERLANDIA;MG;Indiferente     ;Rodoviario  ;96.000;4;0.000;0.000;UBERLANDIA_MG_TEREX LATIN AMERICA IND E CO DE P C LTDA_6400000;12,;288,;CAMILO DOS SANTOS;REVERSA;FALLBACK_CIDADE_X2;Planilha2!E/F - linha 7473;CONFLITO/REVISAR
134;TEREX LATIN AMERICA IND E CO DE P C LTDA;1;TEREX  LATIN AMERICA- DISTRIBUICAO;101010723;TEREX - OUTBOUND;  ;6400000;BARUERI;SP;40000000;SALVADOR;BA;Indiferente     ;Rodoviario  ;120.000;5;0.000;0.000;SALVADOR_BA_TEREX LATIN AMERICA IND E CO DE P C LTDA_6400000;16,;384,;TECMAR;REVERSA;FALLBACK_CIDADE_X2;Planilha2!E/F - linha 6169;CONFLITO/REVISAR
134;TEREX LATIN AMERICA IND E CO DE P C LTDA;1;TEREX  LATIN AMERICA- DISTRIBUICAO;101010723;TEREX - OUTBOUND;  ;6400000;BARUERI;SP;43700000;SIMOES FILHO;BA;Indiferente     ;Rodoviario  ;168.000;7;0.000;0.000;SIMOES FILHO_BA_TEREX LATIN AMERICA IND E CO DE P C LTDA_6400000;10,;240,;TERMACO;REVERSA;FALLBACK_CIDADE_X2;Planilha2!E/F - linha 7322;OK - REVERSA IDENTIFICADA POR FALLBACK X2
134;TEREX LATIN AMERICA IND E CO DE P C LTDA;1;TEREX  LATIN AMERICA- DISTRIBUICAO;101010723;TEREX - OUTBOUND;  ;6400000;BARUERI;SP;50000000;RECIFE;PE;Indiferente     ;Rodoviario  ;24.000;1;0.000;0.000;RECIFE_PE_TEREX LATIN AMERICA IND E CO DE P C LTDA_6400000;16,;384,;TECMAR;REVERSA;FALLBACK_CIDADE_X2;Planilha2!E/F - linha 6178;CONFLITO/REVISAR
134;TEREX LATIN AMERICA IND E CO DE P C LTDA;1;TEREX  LATIN AMERICA- DISTRIBUICAO;101010723;TEREX - OUTBOUND;  ;6400000;BARUERI;SP;54000000;JABOATAO DOS GUARARAPES;PE;Indiferente     ;Rodoviario  ;192.000;8;0.000;0.000;JABOATAO DOS GUARARAPES_PE_TEREX LATIN AMERICA IND E CO DE P C LTDA_6400000;16,;384,;TECMAR;REVERSA;FALLBACK_CIDADE_X2;Planilha2!E/F - linha 6175;CONFLITO/REVISAR
134;TEREX LATIN AMERICA IND E CO DE P C LTDA;1;TEREX  LATIN AMERICA- DISTRIBUICAO;101010723;TEREX - OUTBOUND;  ;6400000;BARUERI;SP;54500000;CABO DE SANTO AGOSTINHO;PE;Indiferente     ;Rodoviario  ;192.000;8;0.000;0.000;CABO DE SANTO AGOSTINHO_PE_TEREX LATIN AMERICA IND E CO DE P C LTDA_6400000;12,;288,;TERMACO;REVERSA;FALLBACK_CIDADE_X2;Planilha2!E/F - linha 7327;OK - REVERSA IDENTIFICADA POR FALLBACK X2
134;TEREX LATIN AMERICA IND E CO DE P C LTDA;1;TEREX  LATIN AMERICA- DISTRIBUICAO;101010723;TEREX - OUTBOUND;  ;6400000;BARUERI;SP;54590000;SANTO AGOSTINHO;PE;Indiferente     ;Rodoviario  ;192.000;8;0.000;0.000;SANTO AGOSTINHO_PE_TEREX LATIN AMERICA IND E CO DE P C LTDA_6400000;;0,;TSP Sem Cadastro;;;;SEM_CADASTRO - TT E TSP
134;TEREX LATIN AMERICA IND E CO DE P C LTDA;1;TEREX  LATIN AMERICA- DISTRIBUICAO;101010723;TEREX - OUTBOUND;  ;6400000;BARUERI;SP;60000000;FORTALEZA;CE;Indiferente     ;Rodoviario  ;192.000;8;0.000;0.000;FORTALEZA_CE_TEREX LATIN AMERICA IND E CO DE P C LTDA_6400000;20,;480,;TECMAR;REVERSA;FALLBACK_CIDADE_X2;Planilha2!E/F - linha 6171;CONFLITO/REVISAR
134;TEREX LATIN AMERICA IND E CO DE P C LTDA;1;TEREX  LATIN AMERICA- DISTRIBUICAO;101010723;TEREX - OUTBOUND;  ;6400000;BARUERI;SP;65000000;SAO LUIS;MA;Indiferente     ;Rodoviario  ;192.000;8;0.000;0.000;SAO LUIS_MA_TEREX LATIN AMERICA IND E CO DE P C LTDA_6400000;18,;432,;TECMAR;REVERSA;FALLBACK_CIDADE_X2;Planilha2!E/F - linha 7299;CONFLITO/REVISAR
134;TEREX LATIN AMERICA IND E CO DE P C LTDA;1;TEREX  LATIN AMERICA- DISTRIBUICAO;101010723;TEREX - OUTBOUND;  ;6400000;BARUERI;SP;68515000;PARAUAPEBAS;PA;Indiferente     ;Rodoviario  ;240.000;10;0.000;0.000;PARAUAPEBAS_PA_TEREX LATIN AMERICA IND E CO DE P C LTDA_6400000;18,;432,;CARVALIMA;REVERSA;FALLBACK_CIDADE_X2;Planilha2!E/F - linha 7379;CONFLITO/REVISAR
134;TEREX LATIN AMERICA IND E CO DE P C LTDA;1;TEREX  LATIN AMERICA- DISTRIBUICAO;101010723;TEREX - OUTBOUND;  ;6400000;BARUERI;SP;69000000;MANAUS;AM;Indiferente     ;Rodoviario  ;312.000;13;0.000;0.000;MANAUS_AM_TEREX LATIN AMERICA IND E CO DE P C LTDA_6400000;;0,;TSP Sem Cadastro;;;;SEM_CADASTRO - TT E TSP
134;TEREX LATIN AMERICA IND E CO DE P C LTDA;1;TEREX  LATIN AMERICA- DISTRIBUICAO;101010723;TEREX - OUTBOUND;  ;6400000;BARUERI;SP;74000000;GOIANIA;GO;Indiferente     ;Rodoviario  ;96.000;4;0.000;0.000;GOIANIA_GO_TEREX LATIN AMERICA IND E CO DE P C LTDA_6400000;8,;192,;RIO VERMELHO;REVERSA;FALLBACK_CIDADE_X2;Planilha2!E/F - linha 740;CONFLITO/REVISAR
134;TEREX LATIN AMERICA IND E CO DE P C LTDA;1;TEREX  LATIN AMERICA- DISTRIBUICAO;101010723;TEREX - OUTBOUND;  ;6400000;BARUERI;SP;78000000;CUIABA;MT;Indiferente     ;Rodoviario  ;120.000;5;0.000;0.000;CUIABA_MT_TEREX LATIN AMERICA IND E CO DE P C LTDA_6400000;10,;240,;CARVALIMA;REVERSA;FALLBACK_CIDADE_X2;Planilha2!E/F - linha 7359;CONFLITO/REVISAR
134;TEREX LATIN AMERICA IND E CO DE P C LTDA;1;TEREX  LATIN AMERICA- DISTRIBUICAO;101010723;TEREX - OUTBOUND;  ;6400000;BARUERI;SP;78900000;PORTO VELHO;RO;Indiferente     ;Rodoviario  ;192.000;8;0.000;0.000;PORTO VELHO_RO_TEREX LATIN AMERICA IND E CO DE P C LTDA_6400000;22,;528,;CARVALIMA;REVERSA;FALLBACK_CIDADE_X2;Planilha2!E/F - linha 7396;CONFLITO/REVISAR
134;TEREX LATIN AMERICA IND E CO DE P C LTDA;1;TEREX  LATIN AMERICA- DISTRIBUICAO;101010723;TEREX - OUTBOUND;  ;6400000;BARUERI;SP;79600000;TRES LAGOAS;MS;Indiferente     ;Rodoviario  ;168.000;7;0.000;0.000;TRES LAGOAS_MS_TEREX LATIN AMERICA IND E CO DE P C LTDA_6400000;10,;240,;CARVALIMA;REVERSA;FALLBACK_CIDADE_X2;Planilha2!E/F - linha 7349;CONFLITO/REVISAR
134;TEREX LATIN AMERICA IND E CO DE P C LTDA;1;TEREX  LATIN AMERICA- DISTRIBUICAO;101010723;TEREX - OUTBOUND;  ;6400000;BARUERI;SP;80000000;CURITIBA;PR;Indiferente     ;Rodoviario  ;72.000;3;0.000;0.000;CURITIBA_PR_TEREX LATIN AMERICA IND E CO DE P C LTDA_6400000;6,;144,;ALFA;REVERSA;FALLBACK_CIDADE_X2;Planilha2!E/F - linha 700;CONFLITO/REVISAR
134;TEREX LATIN AMERICA IND E CO DE P C LTDA;1;TEREX  LATIN AMERICA- DISTRIBUICAO;101010723;TEREX - OUTBOUND;  ;6400000;BARUERI;SP;88780000;IMBITUBA;SC;Indiferente     ;Rodoviario  ;120.000;5;0.000;0.000;IMBITUBA_SC_TEREX LATIN AMERICA IND E CO DE P C LTDA_6400000;8,;192,;TRANSTRY;REVERSA;FALLBACK_CIDADE_X2;Planilha2!E/F - linha 6228;CONFLITO/REVISAR
134;TEREX LATIN AMERICA IND E CO DE P C LTDA;1;TEREX  LATIN AMERICA- DISTRIBUICAO;101010723;TEREX - OUTBOUND;  ;6400000;BARUERI;SP;90000000;PORTO ALEGRE;RS;Indiferente     ;Rodoviario  ;96.000;4;0.000;0.000;PORTO ALEGRE_RS_TEREX LATIN AMERICA IND E CO DE P C LTDA_6400000;6,;144,;ALFA;REVERSA;FALLBACK_CIDADE_X2;Planilha2!E/F - linha 712;CONFLITO/REVISAR
134;TEREX LATIN AMERICA IND E CO DE P C LTDA;1;TEREX  LATIN AMERICA- DISTRIBUICAO;101010723;TEREX - OUTBOUND;  ;6400000;BARUERI;SP;99000000;PASSO FUNDO;RS;Indiferente     ;Rodoviario  ;120.000;5;0.000;0.000;PASSO FUNDO_RS_TEREX LATIN AMERICA IND E CO DE P C LTDA_6400000;8,;192,;ALFA;REVERSA;FALLBACK_CIDADE_X2;Planilha2!E/F - linha 711;CONFLITO/REVISAR
134;TEREX LATIN AMERICA IND E CO DE P C LTDA;1;TEREX  LATIN AMERICA- DISTRIBUICAO;101010723;TEREX - OUTBOUND;  ;32500000;BETIM;MG;13200000;JUNDIAI;SP;Indiferente     ;Rodoviario  ;192.000;8;0.000;0.000;JUNDIAI_SP_TEREX LATIN AMERICA IND E CO DE P C LTDA_32500000;2,;48,;ALFA;REVERSA;FALLBACK_CIDADE_X2;Planilha2!E/F - linha 670;CONFLITO/REVISAR
134;TEREX LATIN AMERICA IND E CO DE P C LTDA;1;TEREX  LATIN AMERICA- DISTRIBUICAO;101010723;TEREX - OUTBOUND;  ;58310000;CABEDELO;PB;13290000;LOUVEIRA;SP;Indiferente     ;Rodoviario  ;576.000;24;0.000;0.000;LOUVEIRA_SP_TEREX LATIN AMERICA IND E CO DE P C LTDA_58310000;6,;144,;ALFA;REVERSA;FALLBACK_CIDADE_X2;Planilha2!E/F - linha 271;CONFLITO/REVISAR
134;TEREX LATIN AMERICA IND E CO DE P C LTDA;1;TEREX  LATIN AMERICA- DISTRIBUICAO;101010723;TEREX - OUTBOUND;  ;85139300;CACHOEIRINHA;PR;13200000;JUNDIAI;SP;Indiferente     ;Rodoviario  ;240.000;10;0.000;0.000;JUNDIAI_SP_TEREX LATIN AMERICA IND E CO DE P C LTDA_85139300;2,;48,;ALFA;REVERSA;FALLBACK_CIDADE_X2;Planilha2!E/F - linha 670;CONFLITO/REVISAR
134;TEREX LATIN AMERICA IND E CO DE P C LTDA;1;TEREX  LATIN AMERICA- DISTRIBUICAO;101010723;TEREX - OUTBOUND;  ;94900000;CACHOEIRINHA;RS;13200000;JUNDIAI;SP;Indiferente     ;Rodoviario  ;192.000;8;0.000;0.000;JUNDIAI_SP_TEREX LATIN AMERICA IND E CO DE P C LTDA_94900000;2,;48,;ALFA;REVERSA;FALLBACK_CIDADE_X2;Planilha2!E/F - linha 670;CONFLITO/REVISAR
134;TEREX LATIN AMERICA IND E CO DE P C LTDA;1;TEREX  LATIN AMERICA- DISTRIBUICAO;101010723;TEREX - OUTBOUND;  ;29140000;CARIACICA;ES;13290000;LOUVEIRA;SP;Indiferente     ;Rodoviario  ;192.000;8;0.000;0.000;LOUVEIRA_SP_TEREX LATIN AMERICA IND E CO DE P C LTDA_29140000;6,;144,;ALFA;REVERSA;FALLBACK_CIDADE_X2;Planilha2!E/F - linha 271;CONFLITO/REVISAR
134;TEREX LATIN AMERICA IND E CO DE P C LTDA;1;TEREX  LATIN AMERICA- DISTRIBUICAO;101010723;TEREX - OUTBOUND;  ;32000000;CONTAGEM;MG;13200000;JUNDIAI;SP;Indiferente     ;Rodoviario  ;192.000;8;0.000;0.000;JUNDIAI_SP_TEREX LATIN AMERICA IND E CO DE P C LTDA_32000000;2,;48,;ALFA;REVERSA;FALLBACK_CIDADE_X2;Planilha2!E/F - linha 670;CONFLITO/REVISAR
134;TEREX LATIN AMERICA IND E CO DE P C LTDA;1;TEREX  LATIN AMERICA- DISTRIBUICAO;101010723;TEREX - OUTBOUND;  ;6700000;COTIA;SP;13200000;JUNDIAI;SP;Indiferente     ;Rodoviario  ;96.000;4;0.000;0.000;JUNDIAI_SP_TEREX LATIN AMERICA IND E CO DE P C LTDA_6700000;2,;48,;ALFA;REVERSA;FALLBACK_CIDADE_X2;Planilha2!E/F - linha 670;CONFLITO/REVISAR
134;TEREX LATIN AMERICA IND E CO DE P C LTDA;1;TEREX  LATIN AMERICA- DISTRIBUICAO;101010723;TEREX - OUTBOUND;  ;9900000;DIADEMA;SP;13200000;JUNDIAI;SP;Indiferente     ;Rodoviario  ;72.000;3;0.000;0.000;JUNDIAI_SP_TEREX LATIN AMERICA IND E CO DE P C LTDA_9900000;2,;48,;ALFA;REVERSA;FALLBACK_CIDADE_X2;Planilha2!E/F - linha 670;CONFLITO/REVISAR
134;TEREX LATIN AMERICA IND E CO DE P C LTDA;1;TEREX  LATIN AMERICA- DISTRIBUICAO;101010723;TEREX - OUTBOUND;  ;74000000;GOIANIA;GO;13200000;JUNDIAI;SP;Indiferente     ;Rodoviario  ;192.000;8;0.000;0.000;JUNDIAI_SP_TEREX LATIN AMERICA IND E CO DE P C LTDA_74000000;2,;48,;ALFA;REVERSA;FALLBACK_CIDADE_X2;Planilha2!E/F - linha 670;CONFLITO/REVISAR
134;TEREX LATIN AMERICA IND E CO DE P C LTDA;1;TEREX  LATIN AMERICA- DISTRIBUICAO;101010723;TEREX - OUTBOUND;  ;74000000;GOIANIA;GO;13290000;LOUVEIRA;SP;Indiferente     ;Rodoviario  ;192.000;8;0.000;0.000;LOUVEIRA_SP_TEREX LATIN AMERICA IND E CO DE P C LTDA_74000000;6,;144,;ALFA;REVERSA;FALLBACK_CIDADE_X2;Planilha2!E/F - linha 271;CONFLITO/REVISAR
134;TEREX LATIN AMERICA IND E CO DE P C LTDA;1;TEREX  LATIN AMERICA- DISTRIBUICAO;101011223;VEICULO DEDICADO;  ;13290000;LOUVEIRA;SP;78180000;SANTO ANTONIO DO LEVERGER;MT;Indiferente     ;Rodoviario  ;192.000;8;0.000;0.000;SANTO ANTONIO DO LEVERGER_MT_TEREX LATIN AMERICA IND E CO DE P C LTDA_13290000;16,;384,;CARVALIMA;REVERSA;FALLBACK_CIDADE_X2;Planilha2!E/F - linha 7451;OK - REVERSA IDENTIFICADA POR FALLBACK X2
134;TEREX LATIN AMERICA IND E CO DE P C LTDA;1;TEREX  LATIN AMERICA- DISTRIBUICAO;101011223;VEICULO DEDICADO;  ;13290000;LOUVEIRA;SP;85760000;CAPANEMA;PR;Indiferente     ;Rodoviario  ;96.000;4;0.000;0.000;CAPANEMA_PR_TEREX LATIN AMERICA IND E CO DE P C LTDA_13290000;8,;192,;ALFA;REVERSA;FALLBACK_CIDADE_X2;Planilha2!E/F - linha 698;OK - REVERSA IDENTIFICADA POR FALLBACK X2
134;TEREX LATIN AMERICA IND E CO DE P C LTDA;1;TEREX  LATIN AMERICA- DISTRIBUICAO;101011223;VEICULO DEDICADO;  ;13290000;LOUVEIRA;SP;9600000;SAO BERNARDO DO CAMPO;SP;Indiferente     ;Rodoviario  ;24.000;1;0.000;0.000;SAO BERNARDO DO CAMPO_SP_TEREX LATIN AMERICA IND E CO DE P C LTDA_13290000;2,;48,;ALFA;REVERSA;FALLBACK_CIDADE_X2;Planilha2!E/F - linha 688;CONFLITO/REVISAR
134;TEREX LATIN AMERICA IND E CO DE P C LTDA;1;TEREX  LATIN AMERICA- DISTRIBUICAO;102020711;AEREO CONVENCIONAL;  ;13200000;JUNDIAI;SP;69000000;MANAUS;AM;Indiferente     ;Rodoviario  ;168.000;7;0.000;0.000;MANAUS_AM_TEREX LATIN AMERICA IND E CO DE P C LTDA_13200000;;0,;TSP Sem Cadastro;;;;SEM_CADASTRO - TT E TSP
134;TEREX LATIN AMERICA IND E CO DE P C LTDA;1;TEREX  LATIN AMERICA- DISTRIBUICAO;102020712;AEREO EMERGENCIAL RETIRA;  ;13290000;LOUVEIRA;SP;67000000;ANANINDEUA;PA;Indiferente     ;Rodoviario  ;216.000;9;0.000;0.000;ANANINDEUA_PA_TEREX LATIN AMERICA IND E CO DE P C LTDA_13290000;18,;432,;CARVALIMA;REVERSA;FALLBACK_CIDADE_X2;Planilha2!E/F - linha 7372;CONFLITO/REVISAR
134;TEREX LATIN AMERICA IND E CO DE P C LTDA;1;TEREX  LATIN AMERICA- DISTRIBUICAO;102020712;AEREO EMERGENCIAL RETIRA;  ;13290000;LOUVEIRA;SP;94900000;CACHOEIRINHA;RS;Indiferente     ;Rodoviario  ;96.000;4;0.000;0.000;CACHOEIRINHA_RS_TEREX LATIN AMERICA IND E CO DE P C LTDA_13290000;8,;192,;ALFA;REVERSA;FALLBACK_CIDADE_X2;Planilha2!E/F - linha 707;CONFLITO/REVISAR
134;TEREX LATIN AMERICA IND E CO DE P C LTDA;1;TEREX  LATIN AMERICA- DISTRIBUICAO;102020715;A. EMERG. DOOR TO DOOR 2° A 6;  ;13290000;LOUVEIRA;SP;20000000;RIO DE JANEIRO;RJ;Indiferente     ;Rodoviario  ;48.000;2;0.000;0.000;RIO DE JANEIRO_RJ_TEREX LATIN AMERICA IND E CO DE P C LTDA_13290000;4,;96,;CAMILO DOS SANTOS;REVERSA;FALLBACK_CIDADE_X2;Planilha2!E/F - linha 7483;CONFLITO/REVISAR
134;TEREX LATIN AMERICA IND E CO DE P C LTDA;1;TEREX  LATIN AMERICA- DISTRIBUICAO;102020715;A. EMERG. DOOR TO DOOR 2° A 6;  ;13290000;LOUVEIRA;SP;29140000;CARIACICA;ES;Indiferente     ;Rodoviario  ;96.000;4;0.000;0.000;CARIACICA_ES_TEREX LATIN AMERICA IND E CO DE P C LTDA_13290000;8,;192,;CAMILO DOS SANTOS;REVERSA;FALLBACK_CIDADE_X2;Planilha2!E/F - linha 7462;OK - REVERSA IDENTIFICADA POR FALLBACK X2
134;TEREX LATIN AMERICA IND E CO DE P C LTDA;1;TEREX  LATIN AMERICA- DISTRIBUICAO;102020715;A. EMERG. DOOR TO DOOR 2° A 6;  ;13290000;LOUVEIRA;SP;54500000;CABO DE SANTO AGOSTINHO;PE;Indiferente     ;Rodoviario  ;120.000;5;0.000;0.000;CABO DE SANTO AGOSTINHO_PE_TEREX LATIN AMERICA IND E CO DE P C LTDA_13290000;12,;288,;TERMACO;REVERSA;FALLBACK_CIDADE_X2;Planilha2!E/F - linha 7327;OK - REVERSA IDENTIFICADA POR FALLBACK X2
134;TEREX LATIN AMERICA IND E CO DE P C LTDA;2;TEREX LATIN AMERICA- DISTRIB DEMAG COTIA;102010711;TEREX - OUTBOUND;  ;13200000;JUNDIAI;SP;13000000;CAMPINAS;SP;Indiferente     ;Rodoviario  ;24.000;1;0.000;0.000;CAMPINAS_SP_TEREX LATIN AMERICA IND E CO DE P C LTDA_13200000;1,;24,;ALFA;DISTRIBUICAO;CHAVE_EXATA;Planilha2!G/F - linha 658;CONFLITO/REVISAR
134;TEREX LATIN AMERICA IND E CO DE P C LTDA;2;TEREX LATIN AMERICA- DISTRIB DEMAG COTIA;102010711;TEREX - OUTBOUND;  ;13200000;JUNDIAI;SP;13088900;CAMPINAS;SP;Indiferente     ;Rodoviario  ;24.000;1;0.000;0.000;CAMPINAS_SP_TEREX LATIN AMERICA IND E CO DE P C LTDA_13200000;1,;24,;ALFA;DISTRIBUICAO;CHAVE_EXATA;Planilha2!G/F - linha 658;CONFLITO/REVISAR
140;TRIUMPH MOTORCYCLES BRAZIL LTDA;1;COLETAS E ENTREGAS;203010301;COLETAS E ENTREGAS MOTOS;  ;79000000;CAMPO GRANDE;MS;13290000;LOUVEIRA;SP;Indiferente     ;Rodoviario  ;120.000;5;0.000;0.000;LOUVEIRA_SP_TRIUMPH MOTORCYCLES BRAZIL LTDA_79000000;6,;144,;ALFA;REVERSA;FALLBACK_CIDADE_X2;Planilha2!E/F - linha 271;CONFLITO/REVISAR
140;TRIUMPH MOTORCYCLES BRAZIL LTDA;1;COLETAS E ENTREGAS;203010301;COLETAS E ENTREGAS MOTOS;  ;13200000;JUNDIAI;SP;1000000;SAO PAULO;SP;Indiferente     ;Rodoviario  ;24.000;1;0.000;0.000;SAO PAULO_SP_TRIUMPH MOTORCYCLES BRAZIL LTDA_13200000;1,;24,;ALFA;DISTRIBUICAO;CHAVE_EXATA;Planilha2!G/F - linha 723;CONFLITO/REVISAR
140;TRIUMPH MOTORCYCLES BRAZIL LTDA;1;COLETAS E ENTREGAS;203010301;COLETAS E ENTREGAS MOTOS;  ;13200000;JUNDIAI;SP;9000000;SANTO ANDRE;SP;Indiferente     ;Rodoviario  ;48.000;2;0.000;0.000;SANTO ANDRE_SP_TRIUMPH MOTORCYCLES BRAZIL LTDA_13200000;2,;48,;ALFA;DISTRIBUICAO;CHAVE_EXATA;Planilha2!G/F - linha 738;CONFLITO/REVISAR
140;TRIUMPH MOTORCYCLES BRAZIL LTDA;1;COLETAS E ENTREGAS;203010301;COLETAS E ENTREGAS MOTOS;  ;13200000;JUNDIAI;SP;11000000;SANTOS;SP;Indiferente     ;Rodoviario  ;72.000;3;0.000;0.000;SANTOS_SP_TRIUMPH MOTORCYCLES BRAZIL LTDA_13200000;3,;72,;ALFA;DISTRIBUICAO;CHAVE_EXATA;Planilha2!G/F - linha 728;CONFLITO/REVISAR
140;TRIUMPH MOTORCYCLES BRAZIL LTDA;1;COLETAS E ENTREGAS;203010301;COLETAS E ENTREGAS MOTOS;  ;13200000;JUNDIAI;SP;12200000;SAO JOSE DOS CAMPOS;SP;Indiferente     ;Rodoviario  ;48.000;2;0.000;0.000;SAO JOSE DOS CAMPOS_SP_TRIUMPH MOTORCYCLES BRAZIL LTDA_13200000;2,;48,;ALFA;DISTRIBUICAO;CHAVE_EXATA;Planilha2!G/F - linha 733;CONFLITO/REVISAR
140;TRIUMPH MOTORCYCLES BRAZIL LTDA;1;COLETAS E ENTREGAS;203010301;COLETAS E ENTREGAS MOTOS;  ;13200000;JUNDIAI;SP;13000000;CAMPINAS;SP;Indiferente     ;Rodoviario  ;24.000;1;0.000;0.000;CAMPINAS_SP_TRIUMPH MOTORCYCLES BRAZIL LTDA_13200000;1,;24,;ALFA;DISTRIBUICAO;CHAVE_EXATA;Planilha2!G/F - linha 731;CONFLITO/REVISAR
140;TRIUMPH MOTORCYCLES BRAZIL LTDA;1;COLETAS E ENTREGAS;203010301;COLETAS E ENTREGAS MOTOS;  ;13200000;JUNDIAI;SP;14000000;RIBEIRAO PRETO;SP;Indiferente     ;Rodoviario  ;72.000;3;0.000;0.000;RIBEIRAO PRETO_SP_TRIUMPH MOTORCYCLES BRAZIL LTDA_13200000;3,;72,;ALFA;DISTRIBUICAO;CHAVE_EXATA;Planilha2!G/F - linha 729;CONFLITO/REVISAR
140;TRIUMPH MOTORCYCLES BRAZIL LTDA;1;COLETAS E ENTREGAS;203010301;COLETAS E ENTREGAS MOTOS;  ;13200000;JUNDIAI;SP;15000000;SAO JOSE DO RIO PRETO;SP;Indiferente     ;Rodoviario  ;72.000;3;0.000;0.000;SAO JOSE DO RIO PRETO_SP_TRIUMPH MOTORCYCLES BRAZIL LTDA_13200000;3,;72,;ALFA;DISTRIBUICAO;CHAVE_EXATA;Planilha2!G/F - linha 730;CONFLITO/REVISAR
140;TRIUMPH MOTORCYCLES BRAZIL LTDA;1;COLETAS E ENTREGAS;203010311;OPERACAO PECAS - TRIUMPH;  ;13290000;LOUVEIRA;SP;88000000;FLORIANOPOLIS;SC;Indiferente     ;Rodoviario  ;96.000;4;0.000;0.000;FLORIANOPOLIS_SC_TRIUMPH MOTORCYCLES BRAZIL LTDA_13290000;8,;192,;ALFA;REVERSA;FALLBACK_CIDADE_X2;Planilha2!E/F - linha 727;CONFLITO/REVISAR
140;TRIUMPH MOTORCYCLES BRAZIL LTDA;1;COLETAS E ENTREGAS;203010311;OPERACAO PECAS - TRIUMPH;  ;13290000;LOUVEIRA;SP;88300000;ITAJAI;SC;Indiferente     ;Rodoviario  ;120.000;5;0.000;0.000;ITAJAI_SC_TRIUMPH MOTORCYCLES BRAZIL LTDA_13290000;6,;144,;ALFA;REVERSA;FALLBACK_CIDADE_X2;Planilha2!E/F - linha 715;CONFLITO/REVISAR
140;TRIUMPH MOTORCYCLES BRAZIL LTDA;1;COLETAS E ENTREGAS;203010311;OPERACAO PECAS - TRIUMPH;  ;13290000;LOUVEIRA;SP;90000000;PORTO ALEGRE;RS;Indiferente     ;Rodoviario  ;120.000;5;0.000;0.000;PORTO ALEGRE_RS_TRIUMPH MOTORCYCLES BRAZIL LTDA_13290000;6,;144,;ALFA;REVERSA;FALLBACK_CIDADE_X2;Planilha2!E/F - linha 712;CONFLITO/REVISAR
140;TRIUMPH MOTORCYCLES BRAZIL LTDA;1;COLETAS E ENTREGAS;203010311;OPERACAO PECAS - TRIUMPH;  ;13290000;LOUVEIRA;SP;95000000;CAXIAS DO SUL;RS;Indiferente     ;Rodoviario  ;120.000;5;0.000;0.000;CAXIAS DO SUL_RS_TRIUMPH MOTORCYCLES BRAZIL LTDA_13290000;8,;192,;ALFA;REVERSA;FALLBACK_CIDADE_X2;Planilha2!E/F - linha 708;CONFLITO/REVISAR
140;TRIUMPH MOTORCYCLES BRAZIL LTDA;1;COLETAS E ENTREGAS;203010311;OPERACAO PECAS - TRIUMPH;  ;90000000;PORTO ALEGRE;RS;13290000;LOUVEIRA;SP;Indiferente     ;Rodoviario  ;144.000;6;0.000;0.000;LOUVEIRA_SP_TRIUMPH MOTORCYCLES BRAZIL LTDA_90000000;6,;144,;ALFA;REVERSA;FALLBACK_CIDADE_X2;Planilha2!E/F - linha 271;CONFLITO/REVISAR
140;TRIUMPH MOTORCYCLES BRAZIL LTDA;1;COLETAS E ENTREGAS;203010311;OPERACAO PECAS - TRIUMPH;  ;14000000;RIBEIRAO PRETO;SP;13290000;LOUVEIRA;SP;Indiferente     ;Rodoviario  ;144.000;6;0.000;0.000;LOUVEIRA_SP_TRIUMPH MOTORCYCLES BRAZIL LTDA_14000000;6,;144,;ALFA;REVERSA;FALLBACK_CIDADE_X2;Planilha2!E/F - linha 271;CONFLITO/REVISAR
140;TRIUMPH MOTORCYCLES BRAZIL LTDA;1;COLETAS E ENTREGAS;203010311;OPERACAO PECAS - TRIUMPH;  ;20000000;RIO DE JANEIRO;RJ;13290000;LOUVEIRA;SP;Indiferente     ;Rodoviario  ;144.000;6;0.000;0.000;LOUVEIRA_SP_TRIUMPH MOTORCYCLES BRAZIL LTDA_20000000;6,;144,;ALFA;REVERSA;FALLBACK_CIDADE_X2;Planilha2!E/F - linha 271;CONFLITO/REVISAR
140;TRIUMPH MOTORCYCLES BRAZIL LTDA;1;COLETAS E ENTREGAS;203010311;OPERACAO PECAS - TRIUMPH;  ;12200000;SAO JOSE DOS CAMPOS;SP;13290000;LOUVEIRA;SP;Indiferente     ;Rodoviario  ;144.000;6;0.000;0.000;LOUVEIRA_SP_TRIUMPH MOTORCYCLES BRAZIL LTDA_12200000;6,;144,;ALFA;REVERSA;FALLBACK_CIDADE_X2;Planilha2!E/F - linha 271;CONFLITO/REVISAR
140;TRIUMPH MOTORCYCLES BRAZIL LTDA;1;COLETAS E ENTREGAS;203010311;OPERACAO PECAS - TRIUMPH;  ;1000000;SAO PAULO;SP;13290000;LOUVEIRA;SP;Indiferente     ;Rodoviario  ;144.000;6;0.000;0.000;LOUVEIRA_SP_TRIUMPH MOTORCYCLES BRAZIL LTDA_1000000;6,;144,;ALFA;REVERSA;FALLBACK_CIDADE_X2;Planilha2!E/F - linha 271;CONFLITO/REVISAR
140;TRIUMPH MOTORCYCLES BRAZIL LTDA;1;COLETAS E ENTREGAS;203010311;OPERACAO PECAS - TRIUMPH;  ;1000000;SAO PAULO;SP;15000000;SAO JOSE DO RIO PRETO;SP;Indiferente     ;Rodoviario  ;48.000;2;0.000;0.000;SAO JOSE DO RIO PRETO_SP_TRIUMPH MOTORCYCLES BRAZIL LTDA_1000000;4,;96,;ALFA;REVERSA;FALLBACK_CIDADE_X2;Planilha2!E/F - linha 689;CONFLITO/REVISAR
140;TRIUMPH MOTORCYCLES BRAZIL LTDA;1;COLETAS E ENTREGAS;203010311;OPERACAO PECAS - TRIUMPH;  ;1000000;SAO PAULO;SP;30000000;BELO HORIZONTE;MG;Indiferente     ;Rodoviario  ;96.000;4;0.000;0.000;BELO HORIZONTE_MG_TRIUMPH MOTORCYCLES BRAZIL LTDA_1000000;6,;144,;CAMILO DOS SANTOS;REVERSA;FALLBACK_CIDADE_X2;Planilha2!E/F - linha 7464;CONFLITO/REVISAR
140;TRIUMPH MOTORCYCLES BRAZIL LTDA;1;COLETAS E ENTREGAS;203010311;OPERACAO PECAS - TRIUMPH;  ;1000000;SAO PAULO;SP;59000000;NATAL;RN;Indiferente     ;Rodoviario  ;192.000;8;0.000;0.000;NATAL_RN_TRIUMPH MOTORCYCLES BRAZIL LTDA_1000000;18,;432,;TECMAR;REVERSA;FALLBACK_CIDADE_X2;Planilha2!E/F - linha 6180;CONFLITO/REVISAR
140;TRIUMPH MOTORCYCLES BRAZIL LTDA;1;COLETAS E ENTREGAS;203010311;OPERACAO PECAS - TRIUMPH;  ;1000000;SAO PAULO;SP;79000000;CAMPO GRANDE;MS;Indiferente     ;Rodoviario  ;120.000;5;0.000;0.000;CAMPO GRANDE_MS_TRIUMPH MOTORCYCLES BRAZIL LTDA_1000000;10,;240,;CARVALIMA;REVERSA;FALLBACK_CIDADE_X2;Planilha2!E/F - linha 7343;CONFLITO/REVISAR
140;TRIUMPH MOTORCYCLES BRAZIL LTDA;1;COLETAS E ENTREGAS;203010311;OPERACAO PECAS - TRIUMPH;  ;1000000;SAO PAULO;SP;88000000;FLORIANOPOLIS;SC;Indiferente     ;Rodoviario  ;96.000;4;0.000;0.000;FLORIANOPOLIS_SC_TRIUMPH MOTORCYCLES BRAZIL LTDA_1000000;8,;192,;ALFA;REVERSA;FALLBACK_CIDADE_X2;Planilha2!E/F - linha 727;CONFLITO/REVISAR
140;TRIUMPH MOTORCYCLES BRAZIL LTDA;1;COLETAS E ENTREGAS;203010311;OPERACAO PECAS - TRIUMPH;  ;78110000;VARZEA GRANDE;MT;13290000;LOUVEIRA;SP;Indiferente     ;Rodoviario  ;240.000;10;0.000;0.000;LOUVEIRA_SP_TRIUMPH MOTORCYCLES BRAZIL LTDA_78110000;6,;144,;ALFA;REVERSA;FALLBACK_CIDADE_X2;Planilha2!E/F - linha 271;CONFLITO/REVISAR
140;TRIUMPH MOTORCYCLES BRAZIL LTDA;2;TRIUMPH - AEREO;103020302;OPERACAO PECAS - TRIUMPH AEREO;  ;13290000;LOUVEIRA;SP;58000000;JOAO PESSOA;PB;Indiferente     ;Aereo       ;48.000;2;0.000;0.000;JOAO PESSOA_PB_TRIUMPH MOTORCYCLES BRAZIL LTDA_13290000;18,;432,;TECMAR;REVERSA;FALLBACK_CIDADE_X2;Planilha2!E/F - linha 7303;CONFLITO/REVISAR
140;TRIUMPH MOTORCYCLES BRAZIL LTDA;2;TRIUMPH - AEREO;103020302;OPERACAO PECAS - TRIUMPH AEREO;  ;13290000;LOUVEIRA;SP;58000000;JOAO PESSOA;PB;Indiferente     ;Rodoviario  ;48.000;2;0.000;0.000;JOAO PESSOA_PB_TRIUMPH MOTORCYCLES BRAZIL LTDA_13290000;18,;432,;TECMAR;REVERSA;FALLBACK_CIDADE_X2;Planilha2!E/F - linha 7303;CONFLITO/REVISAR
166;LOGITECH DO BRASIL COM ACES INF. LTDA;1;DISTRIBUICAO ;102011223;DISTRIBUICAO LTL;  ;6400000;BARUERI;SP;13200000;JUNDIAI;SP;Indiferente     ;Rodoviario  ;120.000;5;0.000;0.000;JUNDIAI_SP_LOGITECH DO BRASIL COM ACES INF. LTDA_6400000;2,;48,;ALFA;REVERSA;FALLBACK_CIDADE_X2;Planilha2!E/F - linha 670;CONFLITO/REVISAR
166;LOGITECH DO BRASIL COM ACES INF. LTDA;1;DISTRIBUICAO ;102011223;DISTRIBUICAO LTL;  ;6400000;BARUERI;SP;13290000;LOUVEIRA;SP;Indiferente     ;Rodoviario  ;72.000;3;0.000;0.000;LOUVEIRA_SP_LOGITECH DO BRASIL COM ACES INF. LTDA_6400000;6,;144,;ALFA;REVERSA;FALLBACK_CIDADE_X2;Planilha2!E/F - linha 271;CONFLITO/REVISAR
166;LOGITECH DO BRASIL COM ACES INF. LTDA;1;DISTRIBUICAO ;102011223;DISTRIBUICAO LTL;  ;7750000;CAJAMAR;SP;13200000;JUNDIAI;SP;Indiferente     ;Rodoviario  ;24.000;1;0.000;0.000;JUNDIAI_SP_LOGITECH DO BRASIL COM ACES INF. LTDA_7750000;2,;48,;ALFA;REVERSA;FALLBACK_CIDADE_X2;Planilha2!E/F - linha 670;CONFLITO/REVISAR
166;LOGITECH DO BRASIL COM ACES INF. LTDA;1;DISTRIBUICAO ;102011223;DISTRIBUICAO LTL;  ;7750000;CAJAMAR;SP;13290000;LOUVEIRA;SP;Indiferente     ;Rodoviario  ;72.000;3;0.000;0.000;LOUVEIRA_SP_LOGITECH DO BRASIL COM ACES INF. LTDA_7750000;6,;144,;ALFA;REVERSA;FALLBACK_CIDADE_X2;Planilha2!E/F - linha 271;CONFLITO/REVISAR
166;LOGITECH DO BRASIL COM ACES INF. LTDA;1;DISTRIBUICAO ;102011223;DISTRIBUICAO LTL;  ;7750000;CAJAMAR;SP;88375000;NAVEGANTES;SC;Indiferente     ;Rodoviario  ;72.000;3;0.000;0.000;NAVEGANTES_SC_LOGITECH DO BRASIL COM ACES INF. LTDA_7750000;4,;96,;LOGI SUL;REVERSA;FALLBACK_CIDADE_X2;Planilha2!E/F - linha 6544;OK - REVERSA IDENTIFICADA POR FALLBACK X2
166;LOGITECH DO BRASIL COM ACES INF. LTDA;1;DISTRIBUICAO ;102011223;DISTRIBUICAO LTL;  ;80000000;CURITIBA;PR;13290000;LOUVEIRA;SP;Indiferente     ;Rodoviario  ;216.000;9;0.000;0.000;LOUVEIRA_SP_LOGITECH DO BRASIL COM ACES INF. LTDA_80000000;6,;144,;ALFA;REVERSA;FALLBACK_CIDADE_X2;Planilha2!E/F - linha 271;CONFLITO/REVISAR
166;LOGITECH DO BRASIL COM ACES INF. LTDA;1;DISTRIBUICAO ;102011223;DISTRIBUICAO LTL;  ;85571000;DOIS IRMAOS;PR;13290000;LOUVEIRA;SP;Indiferente     ;Rodoviario  ;360.000;15;0.000;0.000;LOUVEIRA_SP_LOGITECH DO BRASIL COM ACES INF. LTDA_85571000;6,;144,;ALFA;REVERSA;FALLBACK_CIDADE_X2;Planilha2!E/F - linha 271;CONFLITO/REVISAR
166;LOGITECH DO BRASIL COM ACES INF. LTDA;1;DISTRIBUICAO ;102011223;DISTRIBUICAO LTL;  ;93950000;DOIS IRMAOS;RS;13290000;LOUVEIRA;SP;Indiferente     ;Rodoviario  ;144.000;6;0.000;0.000;LOUVEIRA_SP_LOGITECH DO BRASIL COM ACES INF. LTDA_93950000;6,;144,;ALFA;REVERSA;FALLBACK_CIDADE_X2;Planilha2!E/F - linha 271;CONFLITO/REVISAR
166;LOGITECH DO BRASIL COM ACES INF. LTDA;1;DISTRIBUICAO ;102011223;DISTRIBUICAO LTL;  ;13200000;JUNDIAI;SP;13290000;LOUVEIRA;SP;Indiferente     ;Rodoviario  ;120.000;5;0.000;0.000;LOUVEIRA_SP_LOGITECH DO BRASIL COM ACES INF. LTDA_13200000;6,;144,;ALFA;REVERSA;FALLBACK_CIDADE_X2;Planilha2!E/F - linha 271;CONFLITO/REVISAR
166;LOGITECH DO BRASIL COM ACES INF. LTDA;1;DISTRIBUICAO ;102011223;DISTRIBUICAO LTL;  ;13290000;LOUVEIRA;SP;1000000;SAO PAULO;SP;Indiferente     ;Rodoviario  ;48.000;2;0.000;0.000;SAO PAULO_SP_LOGITECH DO BRASIL COM ACES INF. LTDA_13290000;2,;48,;ALFA;REVERSA;FALLBACK_CIDADE_X2;Planilha2!E/F - linha 691;CONFLITO/REVISAR
166;LOGITECH DO BRASIL COM ACES INF. LTDA;1;DISTRIBUICAO ;102011223;DISTRIBUICAO LTL;  ;13290000;LOUVEIRA;SP;13290000;LOUVEIRA;SP;Indiferente     ;Rodoviario  ;48.000;2;0.000;0.000;LOUVEIRA_SP_LOGITECH DO BRASIL COM ACES INF. LTDA_13290000;6,;144,;ALFA;REVERSA;FALLBACK_CIDADE_X2;Planilha2!E/F - linha 271;CONFLITO/REVISAR
166;LOGITECH DO BRASIL COM ACES INF. LTDA;1;DISTRIBUICAO ;102011223;DISTRIBUICAO LTL;  ;13290000;LOUVEIRA;SP;20000000;RIO DE JANEIRO;RJ;Indiferente     ;Rodoviario  ;72.000;3;0.000;0.000;RIO DE JANEIRO_RJ_LOGITECH DO BRASIL COM ACES INF. LTDA_13290000;4,;96,;CAMILO DOS SANTOS;REVERSA;FALLBACK_CIDADE_X2;Planilha2!E/F - linha 7483;CONFLITO/REVISAR
166;LOGITECH DO BRASIL COM ACES INF. LTDA;1;DISTRIBUICAO ;102011223;DISTRIBUICAO LTL;  ;13290000;LOUVEIRA;SP;21532000;RIO DE JANEIRO;RJ;Indiferente     ;Rodoviario  ;72.000;3;0.000;0.000;RIO DE JANEIRO_RJ_LOGITECH DO BRASIL COM ACES INF. LTDA_13290000;4,;96,;CAMILO DOS SANTOS;REVERSA;FALLBACK_CIDADE_X2;Planilha2!E/F - linha 7483;CONFLITO/REVISAR
166;LOGITECH DO BRASIL COM ACES INF. LTDA;1;DISTRIBUICAO ;102011223;DISTRIBUICAO LTL;  ;13290000;LOUVEIRA;SP;21540000;RIO DE JANEIRO;RJ;Indiferente     ;Rodoviario  ;72.000;3;0.000;0.000;RIO DE JANEIRO_RJ_LOGITECH DO BRASIL COM ACES INF. LTDA_13290000;4,;96,;CAMILO DOS SANTOS;REVERSA;FALLBACK_CIDADE_X2;Planilha2!E/F - linha 7483;CONFLITO/REVISAR
166;LOGITECH DO BRASIL COM ACES INF. LTDA;1;DISTRIBUICAO ;102011223;DISTRIBUICAO LTL;  ;13290000;LOUVEIRA;SP;22460130;RIO DE JANEIRO;RJ;Indiferente     ;Rodoviario  ;72.000;3;0.000;0.000;RIO DE JANEIRO_RJ_LOGITECH DO BRASIL COM ACES INF. LTDA_13290000;4,;96,;CAMILO DOS SANTOS;REVERSA;FALLBACK_CIDADE_X2;Planilha2!E/F - linha 7483;CONFLITO/REVISAR
166;LOGITECH DO BRASIL COM ACES INF. LTDA;1;DISTRIBUICAO ;102011223;DISTRIBUICAO LTL;  ;13290000;LOUVEIRA;SP;22763152;RIO DE JANEIRO;RJ;Indiferente     ;Rodoviario  ;72.000;3;0.000;0.000;RIO DE JANEIRO_RJ_LOGITECH DO BRASIL COM ACES INF. LTDA_13290000;4,;96,;CAMILO DOS SANTOS;REVERSA;FALLBACK_CIDADE_X2;Planilha2!E/F - linha 7483;CONFLITO/REVISAR
166;LOGITECH DO BRASIL COM ACES INF. LTDA;1;DISTRIBUICAO ;102011223;DISTRIBUICAO LTL;  ;13290000;LOUVEIRA;SP;24000000;NITEROI;RJ;Indiferente     ;Rodoviario  ;72.000;3;0.000;0.000;NITEROI_RJ_LOGITECH DO BRASIL COM ACES INF. LTDA_13290000;6,;144,;CAMILO DOS SANTOS;REVERSA;FALLBACK_CIDADE_X2;Planilha2!E/F - linha 7499;OK - REVERSA IDENTIFICADA POR FALLBACK X2
166;LOGITECH DO BRASIL COM ACES INF. LTDA;1;DISTRIBUICAO ;102011223;DISTRIBUICAO LTL;  ;13290000;LOUVEIRA;SP;25500000;SAO JOAO DE MERITI;RJ;Indiferente     ;Rodoviario  ;72.000;3;0.000;0.000;SAO JOAO DE MERITI_RJ_LOGITECH DO BRASIL COM ACES INF. LTDA_13290000;;0,;CAMILO DOS SANTOS;;;;SEM_CADASTRO
166;LOGITECH DO BRASIL COM ACES INF. LTDA;1;DISTRIBUICAO ;102011223;DISTRIBUICAO LTL;  ;13290000;LOUVEIRA;SP;26100000;BELFORD ROXO;RJ;Indiferente     ;Rodoviario  ;72.000;3;0.000;0.000;BELFORD ROXO_RJ_LOGITECH DO BRASIL COM ACES INF. LTDA_13290000;6,;144,;CAMILO DOS SANTOS;REVERSA;FALLBACK_CIDADE_X2;Planilha2!E/F - linha 7476;OK - REVERSA IDENTIFICADA POR FALLBACK X2
166;LOGITECH DO BRASIL COM ACES INF. LTDA;1;DISTRIBUICAO ;102011223;DISTRIBUICAO LTL;  ;13290000;LOUVEIRA;SP;26550000;MESQUITA;RJ;Indiferente     ;Rodoviario  ;72.000;3;0.000;0.000;MESQUITA_RJ_LOGITECH DO BRASIL COM ACES INF. LTDA_13290000;;0,;TSP Sem Cadastro;;;;SEM_CADASTRO - TT E TSP
166;LOGITECH DO BRASIL COM ACES INF. LTDA;1;DISTRIBUICAO ;102011223;DISTRIBUICAO LTL;  ;13290000;LOUVEIRA;SP;29000000;VITORIA;ES;Indiferente     ;Rodoviario  ;96.000;4;0.000;0.000;VITORIA_ES_LOGITECH DO BRASIL COM ACES INF. LTDA_13290000;6,;144,;CAMILO DOS SANTOS;REVERSA;FALLBACK_CIDADE_X2;Planilha2!E/F - linha 7497;OK - REVERSA IDENTIFICADA POR FALLBACK X2
166;LOGITECH DO BRASIL COM ACES INF. LTDA;1;DISTRIBUICAO ;102011223;DISTRIBUICAO LTL;  ;13290000;LOUVEIRA;SP;29100000;VILA VELHA;ES;Indiferente     ;Rodoviario  ;96.000;4;0.000;0.000;VILA VELHA_ES_LOGITECH DO BRASIL COM ACES INF. LTDA_13290000;6,;144,;CAMILO DOS SANTOS;REVERSA;FALLBACK_CIDADE_X2;Planilha2!E/F - linha 7495;CONFLITO/REVISAR
166;LOGITECH DO BRASIL COM ACES INF. LTDA;1;DISTRIBUICAO ;102011226;DISTRIBUICAO FTL;  ;40000000;SALVADOR;BA;13290000;LOUVEIRA;SP;Indiferente     ;Rodoviario  ;240.000;10;0.000;0.000;LOUVEIRA_SP_LOGITECH DO BRASIL COM ACES INF. LTDA_40000000;6,;144,;ALFA;REVERSA;FALLBACK_CIDADE_X2;Planilha2!E/F - linha 271;CONFLITO/REVISAR
166;LOGITECH DO BRASIL COM ACES INF. LTDA;1;DISTRIBUICAO ;102011226;DISTRIBUICAO FTL;  ;29160000;SERRA;ES;13290000;LOUVEIRA;SP;Indiferente     ;Rodoviario  ;240.000;10;0.000;0.000;LOUVEIRA_SP_LOGITECH DO BRASIL COM ACES INF. LTDA_29160000;6,;144,;ALFA;REVERSA;FALLBACK_CIDADE_X2;Planilha2!E/F - linha 271;CONFLITO/REVISAR
166;LOGITECH DO BRASIL COM ACES INF. LTDA;1;DISTRIBUICAO ;102011226;DISTRIBUICAO FTL;  ;37000000;VARGINHA;MG;13200000;JUNDIAI;SP;Indiferente     ;Rodoviario  ;192.000;8;0.000;0.000;JUNDIAI_SP_LOGITECH DO BRASIL COM ACES INF. LTDA_37000000;2,;48,;ALFA;REVERSA;FALLBACK_CIDADE_X2;Planilha2!E/F - linha 670;CONFLITO/REVISAR
166;LOGITECH DO BRASIL COM ACES INF. LTDA;1;DISTRIBUICAO ;102011226;DISTRIBUICAO FTL;  ;29135000;VIANA;ES;13200000;JUNDIAI;SP;Indiferente     ;Rodoviario  ;240.000;10;0.000;0.000;JUNDIAI_SP_LOGITECH DO BRASIL COM ACES INF. LTDA_29135000;2,;48,;ALFA;REVERSA;FALLBACK_CIDADE_X2;Planilha2!E/F - linha 670;CONFLITO/REVISAR
166;LOGITECH DO BRASIL COM ACES INF. LTDA;1;DISTRIBUICAO ;102021212;DISTRIBUICAO AEREO;  ;13290000;LOUVEIRA;SP;1000000;SAO PAULO;SP;Indiferente     ;Rodoviario  ;72.000;3;0.000;0.000;SAO PAULO_SP_LOGITECH DO BRASIL COM ACES INF. LTDA_13290000;2,;48,;ALFA;REVERSA;FALLBACK_CIDADE_X2;Planilha2!E/F - linha 691;CONFLITO/REVISAR
166;LOGITECH DO BRASIL COM ACES INF. LTDA;1;DISTRIBUICAO ;102021212;DISTRIBUICAO AEREO;  ;13290000;LOUVEIRA;SP;6400000;BARUERI;SP;Indiferente     ;Rodoviario  ;72.000;3;0.000;0.000;BARUERI_SP_LOGITECH DO BRASIL COM ACES INF. LTDA_13290000;2,;48,;ALFA;REVERSA;FALLBACK_CIDADE_X2;Planilha2!E/F - linha 308;CONFLITO/REVISAR
166;LOGITECH DO BRASIL COM ACES INF. LTDA;1;DISTRIBUICAO ;102021212;DISTRIBUICAO AEREO;  ;13290000;LOUVEIRA;SP;6422122;BARUERI;SP;Indiferente     ;Rodoviario  ;72.000;3;0.000;0.000;BARUERI_SP_LOGITECH DO BRASIL COM ACES INF. LTDA_13290000;2,;48,;ALFA;REVERSA;FALLBACK_CIDADE_X2;Planilha2!E/F - linha 308;CONFLITO/REVISAR
166;LOGITECH DO BRASIL COM ACES INF. LTDA;1;DISTRIBUICAO ;102021212;DISTRIBUICAO AEREO;  ;13290000;LOUVEIRA;SP;8000000;SAO PAULO;SP;Indiferente     ;Rodoviario  ;72.000;3;0.000;0.000;SAO PAULO_SP_LOGITECH DO BRASIL COM ACES INF. LTDA_13290000;2,;48,;ALFA;REVERSA;FALLBACK_CIDADE_X2;Planilha2!E/F - linha 691;CONFLITO/REVISAR
166;LOGITECH DO BRASIL COM ACES INF. LTDA;1;DISTRIBUICAO ;102021212;DISTRIBUICAO AEREO;  ;13290000;LOUVEIRA;SP;13000000;CAMPINAS;SP;Indiferente     ;Rodoviario  ;72.000;3;0.000;0.000;CAMPINAS_SP_LOGITECH DO BRASIL COM ACES INF. LTDA_13290000;2,;48,;ALFA;REVERSA;FALLBACK_CIDADE_X2;Planilha2!E/F - linha 150;CONFLITO/REVISAR
166;LOGITECH DO BRASIL COM ACES INF. LTDA;1;DISTRIBUICAO ;102021212;DISTRIBUICAO AEREO;  ;13290000;LOUVEIRA;SP;13054740;CAMPINAS;SP;Indiferente     ;Rodoviario  ;72.000;3;0.000;0.000;CAMPINAS_SP_LOGITECH DO BRASIL COM ACES INF. LTDA_13290000;2,;48,;ALFA;REVERSA;FALLBACK_CIDADE_X2;Planilha2!E/F - linha 150;CONFLITO/REVISAR
166;LOGITECH DO BRASIL COM ACES INF. LTDA;1;DISTRIBUICAO ;102021212;DISTRIBUICAO AEREO;  ;13290000;LOUVEIRA;SP;13065900;CAMPINAS;SP;Indiferente     ;Rodoviario  ;72.000;3;0.000;0.000;CAMPINAS_SP_LOGITECH DO BRASIL COM ACES INF. LTDA_13290000;2,;48,;ALFA;REVERSA;FALLBACK_CIDADE_X2;Planilha2!E/F - linha 150;CONFLITO/REVISAR
166;LOGITECH DO BRASIL COM ACES INF. LTDA;1;DISTRIBUICAO ;102021212;DISTRIBUICAO AEREO;  ;13290000;LOUVEIRA;SP;27185970;SAO PAULO;SP;Indiferente     ;Rodoviario  ;72.000;3;0.000;0.000;SAO PAULO_SP_LOGITECH DO BRASIL COM ACES INF. LTDA_13290000;2,;48,;ALFA;REVERSA;FALLBACK_CIDADE_X2;Planilha2!E/F - linha 691;CONFLITO/REVISAR
166;LOGITECH DO BRASIL COM ACES INF. LTDA;1;DISTRIBUICAO ;102021212;DISTRIBUICAO AEREO;  ;13290000;LOUVEIRA;SP;56300000;PETROLINA;PE;Indiferente     ;Rodoviario  ;72.000;3;0.000;0.000;PETROLINA_PE_LOGITECH DO BRASIL COM ACES INF. LTDA_13290000;20,;480,;TECMAR;REVERSA;FALLBACK_CIDADE_X2;Planilha2!E/F - linha 6177;CONFLITO/REVISAR
166;LOGITECH DO BRASIL COM ACES INF. LTDA;1;DISTRIBUICAO ;102021212;DISTRIBUICAO AEREO;  ;13290000;LOUVEIRA;SP;6400000;BARUERI;SP;Indiferente     ;Rodoviario  ;72.000;3;0.000;0.000;BARUERI_SP_LOGITECH DO BRASIL COM ACES INF. LTDA_13290000;2,;48,;ALFA;REVERSA;FALLBACK_CIDADE_X2;Planilha2!E/F - linha 308;CONFLITO/REVISAR
166;LOGITECH DO BRASIL COM ACES INF. LTDA;1;DISTRIBUICAO ;102021212;DISTRIBUICAO AEREO;  ;13290000;LOUVEIRA;SP;68000000;SANTAREM;PA;Indiferente     ;Rodoviario  ;96.000;4;0.000;0.000;SANTAREM_PA_LOGITECH DO BRASIL COM ACES INF. LTDA_13290000;18,;432,;CARVALIMA;REVERSA;FALLBACK_CIDADE_X2;Planilha2!E/F - linha 7389;CONFLITO/REVISAR
166;LOGITECH DO BRASIL COM ACES INF. LTDA;1;DISTRIBUICAO ;102021212;DISTRIBUICAO AEREO;  ;13290000;LOUVEIRA;SP;68500000;MARABA;PA;Indiferente     ;Rodoviario  ;96.000;4;0.000;0.000;MARABA_PA_LOGITECH DO BRASIL COM ACES INF. LTDA_13290000;18,;432,;CARVALIMA;REVERSA;FALLBACK_CIDADE_X2;Planilha2!E/F - linha 7375;CONFLITO/REVISAR
166;LOGITECH DO BRASIL COM ACES INF. LTDA;1;DISTRIBUICAO ;102021212;DISTRIBUICAO AEREO;  ;13290000;LOUVEIRA;SP;77000000;PALMAS;TO;Indiferente     ;Rodoviario  ;72.000;3;0.000;0.000;PALMAS_TO_LOGITECH DO BRASIL COM ACES INF. LTDA_13290000;10,;240,;RIO VERMELHO;REVERSA;FALLBACK_CIDADE_X2;Planilha2!E/F - linha 749;CONFLITO/REVISAR
166;LOGITECH DO BRASIL COM ACES INF. LTDA;1;DISTRIBUICAO ;102021212;DISTRIBUICAO AEREO;  ;13290000;LOUVEIRA;SP;85850000;FOZ DO IGUACU;PR;Indiferente     ;Rodoviario  ;72.000;3;0.000;0.000;FOZ DO IGUACU_PR_LOGITECH DO BRASIL COM ACES INF. LTDA_13290000;6,;144,;PROGRESSIVA;REVERSA;FALLBACK_CIDADE_X2;Planilha2!E/F - linha 6192;CONFLITO/REVISAR
166;LOGITECH DO BRASIL COM ACES INF. LTDA;1;DISTRIBUICAO ;102021212;DISTRIBUICAO AEREO;  ;13290000;LOUVEIRA;SP;88000000;FLORIANOPOLIS;SC;Indiferente     ;Rodoviario  ;72.000;3;0.000;0.000;FLORIANOPOLIS_SC_LOGITECH DO BRASIL COM ACES INF. LTDA_13290000;8,;192,;ALFA;REVERSA;FALLBACK_CIDADE_X2;Planilha2!E/F - linha 727;CONFLITO/REVISAR
166;LOGITECH DO BRASIL COM ACES INF. LTDA;1;DISTRIBUICAO ;102021212;DISTRIBUICAO AEREO;  ;13290000;LOUVEIRA;SP;88300000;ITAJAI;SC;Indiferente     ;Rodoviario  ;72.000;3;0.000;0.000;ITAJAI_SC_LOGITECH DO BRASIL COM ACES INF. LTDA_13290000;6,;144,;ALFA;REVERSA;FALLBACK_CIDADE_X2;Planilha2!E/F - linha 715;CONFLITO/REVISAR
166;LOGITECH DO BRASIL COM ACES INF. LTDA;1;DISTRIBUICAO ;102021212;DISTRIBUICAO AEREO;  ;13290000;LOUVEIRA;SP;89200000;JOINVILLE;SC;Indiferente     ;Rodoviario  ;72.000;3;0.000;0.000;JOINVILLE_SC_LOGITECH DO BRASIL COM ACES INF. LTDA_13290000;6,;144,;ALFA;REVERSA;FALLBACK_CIDADE_X2;Planilha2!E/F - linha 716;CONFLITO/REVISAR
166;LOGITECH DO BRASIL COM ACES INF. LTDA;1;DISTRIBUICAO ;102021212;DISTRIBUICAO AEREO;  ;13290000;LOUVEIRA;SP;89800000;CHAPECO;SC;Indiferente     ;Rodoviario  ;72.000;3;0.000;0.000;CHAPECO_SC_LOGITECH DO BRASIL COM ACES INF. LTDA_13290000;8,;192,;PROGRESSIVA;REVERSA;FALLBACK_CIDADE_X2;Planilha2!E/F - linha 6221;CONFLITO/REVISAR
166;LOGITECH DO BRASIL COM ACES INF. LTDA;1;DISTRIBUICAO ;102021212;DISTRIBUICAO AEREO;  ;13290000;LOUVEIRA;SP;90000000;PORTO ALEGRE;RS;Indiferente     ;Rodoviario  ;72.000;3;0.000;0.000;PORTO ALEGRE_RS_LOGITECH DO BRASIL COM ACES INF. LTDA_13290000;6,;144,;ALFA;REVERSA;FALLBACK_CIDADE_X2;Planilha2!E/F - linha 712;CONFLITO/REVISAR
166;LOGITECH DO BRASIL COM ACES INF. LTDA;1;DISTRIBUICAO ;102021212;DISTRIBUICAO AEREO;  ;13290000;LOUVEIRA;SP;95000000;CAXIAS DO SUL;RS;Indiferente     ;Rodoviario  ;72.000;3;0.000;0.000;CAXIAS DO SUL_RS_LOGITECH DO BRASIL COM ACES INF. LTDA_13290000;8,;192,;ALFA;REVERSA;FALLBACK_CIDADE_X2;Planilha2!E/F - linha 708;CONFLITO/REVISAR
166;LOGITECH DO BRASIL COM ACES INF. LTDA;2;LOGITECH NAVEGANTES;102010611;DISTRIBUICAO LTL (NAV);  ;7750000;CAJAMAR;SP;88375000;NAVEGANTES;SC;Indiferente     ;Rodoviario  ;192.000;8;0.000;0.000;NAVEGANTES_SC_LOGITECH DO BRASIL COM ACES INF. LTDA_7750000;4,;96,;LOGI SUL;REVERSA;FALLBACK_CIDADE_X2;Planilha2!E/F - linha 6544;OK - REVERSA IDENTIFICADA POR FALLBACK X2
166;LOGITECH DO BRASIL COM ACES INF. LTDA;2;LOGITECH NAVEGANTES;102010611;DISTRIBUICAO LTL (NAV);  ;80000000;CURITIBA;PR;88375000;NAVEGANTES;SC;Indiferente     ;Rodoviario  ;192.000;8;0.000;0.000;NAVEGANTES_SC_LOGITECH DO BRASIL COM ACES INF. LTDA_80000000;4,;96,;LOGI SUL;REVERSA;FALLBACK_CIDADE_X2;Planilha2!E/F - linha 6544;OK - REVERSA IDENTIFICADA POR FALLBACK X2
166;LOGITECH DO BRASIL COM ACES INF. LTDA;2;LOGITECH NAVEGANTES;102010611;DISTRIBUICAO LTL (NAV);  ;50000000;RECIFE;PE;88375000;NAVEGANTES;SC;Indiferente     ;Rodoviario  ;240.000;10;0.000;0.000;NAVEGANTES_SC_LOGITECH DO BRASIL COM ACES INF. LTDA_50000000;4,;96,;LOGI SUL;REVERSA;FALLBACK_CIDADE_X2;Planilha2!E/F - linha 6544;OK - REVERSA IDENTIFICADA POR FALLBACK X2
166;LOGITECH DO BRASIL COM ACES INF. LTDA;2;LOGITECH NAVEGANTES;102010611;DISTRIBUICAO LTL (NAV);  ;83000000;SAO JOSE DOS PINHAIS;PR;88375000;NAVEGANTES;SC;Indiferente     ;Rodoviario  ;192.000;8;0.000;0.000;NAVEGANTES_SC_LOGITECH DO BRASIL COM ACES INF. LTDA_83000000;4,;96,;LOGI SUL;REVERSA;FALLBACK_CIDADE_X2;Planilha2!E/F - linha 6544;OK - REVERSA IDENTIFICADA POR FALLBACK X2
166;LOGITECH DO BRASIL COM ACES INF. LTDA;2;LOGITECH NAVEGANTES;102010611;DISTRIBUICAO LTL (NAV);  ;29160000;SERRA;ES;88375000;NAVEGANTES;SC;Indiferente     ;Rodoviario  ;384.000;16;0.000;0.000;NAVEGANTES_SC_LOGITECH DO BRASIL COM ACES INF. LTDA_29160000;4,;96,;LOGI SUL;REVERSA;FALLBACK_CIDADE_X2;Planilha2!E/F - linha 6544;OK - REVERSA IDENTIFICADA POR FALLBACK X2
166;LOGITECH DO BRASIL COM ACES INF. LTDA;2;LOGITECH NAVEGANTES;102010611;DISTRIBUICAO LTL (NAV);  ;29135000;VIANA;ES;88375000;NAVEGANTES;SC;Indiferente     ;Rodoviario  ;384.000;16;0.000;0.000;NAVEGANTES_SC_LOGITECH DO BRASIL COM ACES INF. LTDA_29135000;4,;96,;LOGI SUL;REVERSA;FALLBACK_CIDADE_X2;Planilha2!E/F - linha 6544;OK - REVERSA IDENTIFICADA POR FALLBACK X2
166;LOGITECH DO BRASIL COM ACES INF. LTDA;2;LOGITECH NAVEGANTES;102010623;TRANSPORTE FTL (NAV);  ;88375000;NAVEGANTES;SC;7750000;CAJAMAR;SP;Indiferente     ;Rodoviario  ;120.000;5;0.000;0.000;CAJAMAR_SP_LOGITECH DO BRASIL COM ACES INF. LTDA_88375000;8,;192,;ALFA;REVERSA;FALLBACK_CIDADE_X2;Planilha2!E/F - linha 326;CONFLITO/REVISAR
166;LOGITECH DO BRASIL COM ACES INF. LTDA;2;LOGITECH NAVEGANTES;102010623;TRANSPORTE FTL (NAV);  ;88375000;NAVEGANTES;SC;13000000;CAMPINAS;SP;Indiferente     ;Rodoviario  ;72.000;3;0.000;0.000;CAMPINAS_SP_LOGITECH DO BRASIL COM ACES INF. LTDA_88375000;2,;48,;ALFA;REVERSA;FALLBACK_CIDADE_X2;Planilha2!E/F - linha 150;CONFLITO/REVISAR
166;LOGITECH DO BRASIL COM ACES INF. LTDA;2;LOGITECH NAVEGANTES;102010623;TRANSPORTE FTL (NAV);  ;88375000;NAVEGANTES;SC;29135000;VIANA;ES;Indiferente     ;Rodoviario  ;120.000;5;0.000;0.000;VIANA_ES_LOGITECH DO BRASIL COM ACES INF. LTDA_88375000;;0,;TSP Sem Cadastro;;;;SEM_CADASTRO - TT E TSP
166;LOGITECH DO BRASIL COM ACES INF. LTDA;2;LOGITECH NAVEGANTES;102010623;TRANSPORTE FTL (NAV);  ;88375000;NAVEGANTES;SC;29160000;SERRA;ES;Indiferente     ;Rodoviario  ;120.000;5;0.000;0.000;SERRA_ES_LOGITECH DO BRASIL COM ACES INF. LTDA_88375000;8,;192,;CAMILO DOS SANTOS;REVERSA;FALLBACK_CIDADE_X2;Planilha2!E/F - linha 7463;CONFLITO/REVISAR
166;LOGITECH DO BRASIL COM ACES INF. LTDA;2;LOGITECH NAVEGANTES;102010623;TRANSPORTE FTL (NAV);  ;88375000;NAVEGANTES;SC;37000000;VARGINHA;MG;Indiferente     ;Rodoviario  ;96.000;4;0.000;0.000;VARGINHA_MG_LOGITECH DO BRASIL COM ACES INF. LTDA_88375000;;0,;TSP Sem Cadastro;;;;SEM_CADASTRO - TT E TSP
166;LOGITECH DO BRASIL COM ACES INF. LTDA;2;LOGITECH NAVEGANTES;102010623;TRANSPORTE FTL (NAV);  ;88375000;NAVEGANTES;SC;40000000;SALVADOR;BA;Indiferente     ;Rodoviario  ;144.000;6;0.000;0.000;SALVADOR_BA_LOGITECH DO BRASIL COM ACES INF. LTDA_88375000;16,;384,;TECMAR;REVERSA;FALLBACK_CIDADE_X2;Planilha2!E/F - linha 6169;CONFLITO/REVISAR
166;LOGITECH DO BRASIL COM ACES INF. LTDA;2;LOGITECH NAVEGANTES;102010623;TRANSPORTE FTL (NAV);  ;88375000;NAVEGANTES;SC;50000000;RECIFE;PE;Indiferente     ;Rodoviario  ;168.000;7;0.000;0.000;RECIFE_PE_LOGITECH DO BRASIL COM ACES INF. LTDA_88375000;16,;384,;TECMAR;REVERSA;FALLBACK_CIDADE_X2;Planilha2!E/F - linha 6178;CONFLITO/REVISAR
166;LOGITECH DO BRASIL COM ACES INF. LTDA;2;LOGITECH NAVEGANTES;102010623;TRANSPORTE FTL (NAV);  ;88375000;NAVEGANTES;SC;60000000;FORTALEZA;CE;Indiferente     ;Rodoviario  ;168.000;7;0.000;0.000;FORTALEZA_CE_LOGITECH DO BRASIL COM ACES INF. LTDA_88375000;20,;480,;TECMAR;REVERSA;FALLBACK_CIDADE_X2;Planilha2!E/F - linha 6171;CONFLITO/REVISAR
166;LOGITECH DO BRASIL COM ACES INF. LTDA;2;LOGITECH NAVEGANTES;102010623;TRANSPORTE FTL (NAV);  ;88375000;NAVEGANTES;SC;80000000;CURITIBA;PR;Indiferente     ;Rodoviario  ;48.000;2;0.000;0.000;CURITIBA_PR_LOGITECH DO BRASIL COM ACES INF. LTDA_88375000;6,;144,;ALFA;REVERSA;FALLBACK_CIDADE_X2;Planilha2!E/F - linha 700;CONFLITO/REVISAR
166;LOGITECH DO BRASIL COM ACES INF. LTDA;2;LOGITECH NAVEGANTES;102010623;TRANSPORTE FTL (NAV);  ;88375000;NAVEGANTES;SC;83000000;SAO JOSE DOS PINHAIS;PR;Indiferente     ;Rodoviario  ;96.000;4;0.000;0.000;SAO JOSE DOS PINHAIS_PR_LOGITECH DO BRASIL COM ACES INF. LTDA_88375000;4,;96,;ALFA;REVERSA;FALLBACK_CIDADE_X2;Planilha2!E/F - linha 704;CONFLITO/REVISAR
166;LOGITECH DO BRASIL COM ACES INF. LTDA;2;LOGITECH NAVEGANTES;102010623;TRANSPORTE FTL (NAV);  ;88375000;NAVEGANTES;SC;88100000;SAO JOSE;SC;Indiferente     ;Rodoviario  ;48.000;2;0.000;0.000;SAO JOSE_SC_LOGITECH DO BRASIL COM ACES INF. LTDA_88375000;6,;144,;ALFA;REVERSA;FALLBACK_CIDADE_X2;Planilha2!E/F - linha 717;CONFLITO/REVISAR
166;LOGITECH DO BRASIL COM ACES INF. LTDA;2;LOGITECH NAVEGANTES;102010623;TRANSPORTE FTL (NAV);  ;88375000;NAVEGANTES;SC;88300000;ITAJAI;SC;Indiferente     ;Rodoviario  ;48.000;2;0.000;0.000;ITAJAI_SC_LOGITECH DO BRASIL COM ACES INF. LTDA_88375000;6,;144,;ALFA;REVERSA;FALLBACK_CIDADE_X2;Planilha2!E/F - linha 715;CONFLITO/REVISAR
166;LOGITECH DO BRASIL COM ACES INF. LTDA;2;LOGITECH NAVEGANTES;102010623;TRANSPORTE FTL (NAV);  ;29160000;SERRA;ES;88375000;NAVEGANTES;SC;Indiferente     ;Rodoviario  ;240.000;10;0.000;0.000;NAVEGANTES_SC_LOGITECH DO BRASIL COM ACES INF. LTDA_29160000;4,;96,;LOGI SUL;REVERSA;FALLBACK_CIDADE_X2;Planilha2!E/F - linha 6544;OK - REVERSA IDENTIFICADA POR FALLBACK X2
187;JCB DO BRASIL LTDA;1;JCB GROUND;102011211;JCB TRANSPORTE RODOVIARIO;  ;13200000;JUNDIAI;SP;13200000;JUNDIAI;SP;Indiferente     ;Rodoviario  ;24.000;1;0.000;0.000;JUNDIAI_SP_JCB DO BRASIL LTDA_13200000;1,;24,;MVT;DISTRIBUICAO;CHAVE_EXATA;Planilha2!G/F - linha 3644;OK - DISTRIBUICAO
187;JCB DO BRASIL LTDA;1;JCB GROUND;102011211;JCB TRANSPORTE RODOVIARIO;  ;13200000;JUNDIAI;SP;13480000;LIMEIRA;SP;Indiferente     ;Rodoviario  ;24.000;1;0.000;0.000;LIMEIRA_SP_JCB DO BRASIL LTDA_13200000;1,;24,;MVT;DISTRIBUICAO;CHAVE_EXATA;Planilha2!G/F - linha 3479;OK - DISTRIBUICAO
187;JCB DO BRASIL LTDA;1;JCB GROUND;102011211;JCB TRANSPORTE RODOVIARIO;  ;13200000;JUNDIAI;SP;13630000;PIRASSUNUNGA;SP;Indiferente     ;Rodoviario  ;72.000;3;0.000;0.000;PIRASSUNUNGA_SP_JCB DO BRASIL LTDA_13200000;2,;48,;MVT;DISTRIBUICAO;CHAVE_EXATA;Planilha2!G/F - linha 3838;OK - DISTRIBUICAO
187;JCB DO BRASIL LTDA;1;JCB GROUND;102011211;JCB TRANSPORTE RODOVIARIO;  ;13200000;JUNDIAI;SP;13660000;PORTO FERREIRA;SP;Indiferente     ;Rodoviario  ;72.000;3;0.000;0.000;PORTO FERREIRA_SP_JCB DO BRASIL LTDA_13200000;2,;48,;MVT;DISTRIBUICAO;CHAVE_EXATA;Planilha2!G/F - linha 3841;OK - DISTRIBUICAO
187;JCB DO BRASIL LTDA;1;JCB GROUND;102011211;JCB TRANSPORTE RODOVIARIO;  ;13200000;JUNDIAI;SP;13700000;CASA BRANCA;SP;Indiferente     ;Rodoviario  ;72.000;3;0.000;0.000;CASA BRANCA_SP_JCB DO BRASIL LTDA_13200000;2,;48,;MVT;DISTRIBUICAO;CHAVE_EXATA;Planilha2!G/F - linha 3808;OK - DISTRIBUICAO
187;JCB DO BRASIL LTDA;1;JCB GROUND;102011211;JCB TRANSPORTE RODOVIARIO;  ;13200000;JUNDIAI;SP;13800000;MOGI MIRIM;SP;Indiferente     ;Rodoviario  ;72.000;3;0.000;0.000;MOGI MIRIM_SP_JCB DO BRASIL LTDA_13200000;2,;48,;MVT;DISTRIBUICAO;CHAVE_EXATA;Planilha2!G/F - linha 3650;OK - DISTRIBUICAO
187;JCB DO BRASIL LTDA;1;JCB GROUND;102011211;JCB TRANSPORTE RODOVIARIO;  ;13200000;JUNDIAI;SP;13860000;AGUAI;SP;Indiferente     ;Rodoviario  ;72.000;3;0.000;0.000;AGUAI_SP_JCB DO BRASIL LTDA_13200000;2,;48,;MVT;DISTRIBUICAO;CHAVE_EXATA;Planilha2!G/F - linha 3793;OK - DISTRIBUICAO
187;JCB DO BRASIL LTDA;1;JCB GROUND;102011211;JCB TRANSPORTE RODOVIARIO;  ;13200000;JUNDIAI;SP;14000000;RIBEIRAO PRETO;SP;Indiferente     ;Rodoviario  ;48.000;2;0.000;0.000;RIBEIRAO PRETO_SP_JCB DO BRASIL LTDA_13200000;2,;48,;MVT;DISTRIBUICAO;CHAVE_EXATA;Planilha2!G/F - linha 3843;OK - DISTRIBUICAO
187;JCB DO BRASIL LTDA;1;JCB GROUND;102011211;JCB TRANSPORTE RODOVIARIO;  ;13200000;JUNDIAI;SP;14350000;ALTINOPOLIS;SP;Indiferente     ;Rodoviario  ;72.000;3;0.000;0.000;ALTINOPOLIS_SP_JCB DO BRASIL LTDA_13200000;2,;48,;MVT;DISTRIBUICAO;CHAVE_EXATA;Planilha2!G/F - linha 3795;OK - DISTRIBUICAO
187;JCB DO BRASIL LTDA;1;JCB GROUND;102011211;JCB TRANSPORTE RODOVIARIO;  ;13290000;LOUVEIRA;SP;78890000;SORRISO;MT;Indiferente     ;Rodoviario  ;144.000;6;0.000;0.000;SORRISO_MT_JCB DO BRASIL LTDA_13290000;12,;288,;CARVALIMA;REVERSA;FALLBACK_CIDADE_X2;Planilha2!E/F - linha 7368;CONFLITO/REVISAR
187;JCB DO BRASIL LTDA;1;JCB GROUND;102011211;JCB TRANSPORTE RODOVIARIO;  ;13290000;LOUVEIRA;SP;78975000;CACOAL;RO;Indiferente     ;Rodoviario  ;264.000;11;0.000;0.000;CACOAL_RO_JCB DO BRASIL LTDA_13290000;20,;480,;CARVALIMA;REVERSA;FALLBACK_CIDADE_X2;Planilha2!E/F - linha 7393;CONFLITO/REVISAR
187;JCB DO BRASIL LTDA;1;JCB GROUND;102011211;JCB TRANSPORTE RODOVIARIO;  ;13290000;LOUVEIRA;SP;78995000;VILHENA;RO;Indiferente     ;Rodoviario  ;264.000;11;0.000;0.000;VILHENA_RO_JCB DO BRASIL LTDA_13290000;18,;432,;CARVALIMA;REVERSA;FALLBACK_CIDADE_X2;Planilha2!E/F - linha 7391;CONFLITO/REVISAR
187;JCB DO BRASIL LTDA;1;JCB GROUND;102011211;JCB TRANSPORTE RODOVIARIO;  ;13290000;LOUVEIRA;SP;79000000;CAMPO GRANDE;MS;Indiferente     ;Rodoviario  ;120.000;5;0.000;0.000;CAMPO GRANDE_MS_JCB DO BRASIL LTDA_13290000;10,;240,;CARVALIMA;REVERSA;FALLBACK_CIDADE_X2;Planilha2!E/F - linha 7343;CONFLITO/REVISAR
187;JCB DO BRASIL LTDA;1;JCB GROUND;102011211;JCB TRANSPORTE RODOVIARIO;  ;13290000;LOUVEIRA;SP;79800000;DOURADOS;MS;Indiferente     ;Rodoviario  ;120.000;5;0.000;0.000;DOURADOS_MS_JCB DO BRASIL LTDA_13290000;10,;240,;CARVALIMA;REVERSA;FALLBACK_CIDADE_X2;Planilha2!E/F - linha 7344;CONFLITO/REVISAR
187;JCB DO BRASIL LTDA;1;JCB GROUND;102011211;JCB TRANSPORTE RODOVIARIO;  ;13290000;LOUVEIRA;SP;83000000;SAO JOSE DOS PINHAIS;PR;Indiferente     ;Rodoviario  ;48.000;2;0.000;0.000;SAO JOSE DOS PINHAIS_PR_JCB DO BRASIL LTDA_13290000;4,;96,;ALFA;REVERSA;FALLBACK_CIDADE_X2;Planilha2!E/F - linha 704;CONFLITO/REVISAR
187;JCB DO BRASIL LTDA;1;JCB GROUND;102011211;JCB TRANSPORTE RODOVIARIO;  ;13290000;LOUVEIRA;SP;83400000;COLOMBO;PR;Indiferente     ;Rodoviario  ;48.000;2;0.000;0.000;COLOMBO_PR_JCB DO BRASIL LTDA_13290000;6,;144,;ALFA;REVERSA;FALLBACK_CIDADE_X2;Planilha2!E/F - linha 699;CONFLITO/REVISAR
187;JCB DO BRASIL LTDA;1;JCB GROUND;102011211;JCB TRANSPORTE RODOVIARIO;  ;13290000;LOUVEIRA;SP;85800000;CASCAVEL;PR;Indiferente     ;Rodoviario  ;72.000;3;0.000;0.000;CASCAVEL_PR_JCB DO BRASIL LTDA_13290000;8,;192,;PROGRESSIVA;REVERSA;FALLBACK_CIDADE_X2;Planilha2!E/F - linha 6133;CONFLITO/REVISAR
187;JCB DO BRASIL LTDA;1;JCB GROUND;102011211;JCB TRANSPORTE RODOVIARIO;  ;13290000;LOUVEIRA;SP;86990000;MARIALVA;PR;Indiferente     ;Rodoviario  ;72.000;3;0.000;0.000;MARIALVA_PR_JCB DO BRASIL LTDA_13290000;4,;96,;TRANSTRY;REVERSA;FALLBACK_CIDADE_X2;Planilha2!E/F - linha 6334;CONFLITO/REVISAR
187;JCB DO BRASIL LTDA;1;JCB GROUND;102011211;JCB TRANSPORTE RODOVIARIO;  ;13290000;LOUVEIRA;SP;87000000;MARINGA;PR;Indiferente     ;Rodoviario  ;72.000;3;0.000;0.000;MARINGA_PR_JCB DO BRASIL LTDA_13290000;6,;144,;ALFA;REVERSA;FALLBACK_CIDADE_X2;Planilha2!E/F - linha 701;CONFLITO/REVISAR
187;JCB DO BRASIL LTDA;1;JCB GROUND;102011211;JCB TRANSPORTE RODOVIARIO;  ;13290000;LOUVEIRA;SP;88100000;SAO JOSE;SC;Indiferente     ;Rodoviario  ;48.000;2;0.000;0.000;SAO JOSE_SC_JCB DO BRASIL LTDA_13290000;6,;144,;ALFA;REVERSA;FALLBACK_CIDADE_X2;Planilha2!E/F - linha 717;CONFLITO/REVISAR
187;JCB DO BRASIL LTDA;1;JCB GROUND;102011211;JCB TRANSPORTE RODOVIARIO;  ;13290000;LOUVEIRA;SP;88300000;ITAJAI;SC;Indiferente     ;Rodoviario  ;48.000;2;0.000;0.000;ITAJAI_SC_JCB DO BRASIL LTDA_13290000;6,;144,;ALFA;REVERSA;FALLBACK_CIDADE_X2;Planilha2!E/F - linha 715;CONFLITO/REVISAR
187;JCB DO BRASIL LTDA;1;JCB GROUND;102011211;JCB TRANSPORTE RODOVIARIO;  ;13290000;LOUVEIRA;SP;89800000;CHAPECO;SC;Indiferente     ;Rodoviario  ;48.000;2;0.000;0.000;CHAPECO_SC_JCB DO BRASIL LTDA_13290000;8,;192,;PROGRESSIVA;REVERSA;FALLBACK_CIDADE_X2;Planilha2!E/F - linha 6221;CONFLITO/REVISAR
187;JCB DO BRASIL LTDA;1;JCB GROUND;102011211;JCB TRANSPORTE RODOVIARIO;  ;13290000;LOUVEIRA;SP;89819000;CORDILHEIRA ALTA;SC;Indiferente     ;Rodoviario  ;72.000;3;0.000;0.000;CORDILHEIRA ALTA_SC_JCB DO BRASIL LTDA_13290000;4,;96,;TRANSTRY;REVERSA;FALLBACK_CIDADE_X2;Planilha2!E/F - linha 6337;CONFLITO/REVISAR
187;JCB DO BRASIL LTDA;1;JCB GROUND;102011211;JCB TRANSPORTE RODOVIARIO;  ;13290000;LOUVEIRA;SP;90000000;PORTO ALEGRE;RS;Indiferente     ;Rodoviario  ;72.000;3;0.000;0.000;PORTO ALEGRE_RS_JCB DO BRASIL LTDA_13290000;6,;144,;ALFA;REVERSA;FALLBACK_CIDADE_X2;Planilha2!E/F - linha 712;CONFLITO/REVISAR
187;JCB DO BRASIL LTDA;1;JCB GROUND;102011211;JCB TRANSPORTE RODOVIARIO;  ;18000000;SOROCABA;SP;40000000;SALVADOR;BA;Indiferente     ;Rodoviario  ;120.000;5;0.000;0.000;SALVADOR_BA_JCB DO BRASIL LTDA_18000000;16,;384,;TECMAR;REVERSA;FALLBACK_CIDADE_X2;Planilha2!E/F - linha 6169;CONFLITO/REVISAR
187;JCB DO BRASIL LTDA;1;JCB GROUND;102011211;JCB TRANSPORTE RODOVIARIO;  ;18000000;SOROCABA;SP;44000000;FEIRA DE SANTANA;BA;Indiferente     ;Rodoviario  ;144.000;6;0.000;0.000;FEIRA DE SANTANA_BA_JCB DO BRASIL LTDA_18000000;20,;480,;TECMAR;REVERSA;FALLBACK_CIDADE_X2;Planilha2!E/F - linha 6166;CONFLITO/REVISAR
187;JCB DO BRASIL LTDA;1;JCB GROUND;102011211;JCB TRANSPORTE RODOVIARIO;  ;18000000;SOROCABA;SP;49000000;ARACAJU;SE;Indiferente     ;Rodoviario  ;192.000;8;0.000;0.000;ARACAJU_SE_JCB DO BRASIL LTDA_18000000;18,;432,;TECMAR;REVERSA;FALLBACK_CIDADE_X2;Planilha2!E/F - linha 6181;CONFLITO/REVISAR
187;JCB DO BRASIL LTDA;1;JCB GROUND;102011211;JCB TRANSPORTE RODOVIARIO;  ;18000000;SOROCABA;SP;50000000;RECIFE;PE;Indiferente     ;Rodoviario  ;168.000;7;0.000;0.000;RECIFE_PE_JCB DO BRASIL LTDA_18000000;16,;384,;TECMAR;REVERSA;FALLBACK_CIDADE_X2;Planilha2!E/F - linha 6178;CONFLITO/REVISAR
187;JCB DO BRASIL LTDA;1;JCB GROUND;102011211;JCB TRANSPORTE RODOVIARIO;  ;18000000;SOROCABA;SP;59140000;PARNAMIRIM;RN;Indiferente     ;Rodoviario  ;168.000;7;0.000;0.000;PARNAMIRIM_RN_JCB DO BRASIL LTDA_18000000;16,;384,;TERMACO;REVERSA;FALLBACK_CIDADE_X2;Planilha2!E/F - linha 7278;CONFLITO/REVISAR
187;JCB DO BRASIL LTDA;1;JCB GROUND;102011211;JCB TRANSPORTE RODOVIARIO;  ;18000000;SOROCABA;SP;60000000;FORTALEZA;CE;Indiferente     ;Rodoviario  ;168.000;7;0.000;0.000;FORTALEZA_CE_JCB DO BRASIL LTDA_18000000;20,;480,;TECMAR;REVERSA;FALLBACK_CIDADE_X2;Planilha2!E/F - linha 6171;CONFLITO/REVISAR
187;JCB DO BRASIL LTDA;1;JCB GROUND;102011211;JCB TRANSPORTE RODOVIARIO;  ;18000000;SOROCABA;SP;67000000;ANANINDEUA;PA;Indiferente     ;Rodoviario  ;168.000;7;0.000;0.000;ANANINDEUA_PA_JCB DO BRASIL LTDA_18000000;18,;432,;CARVALIMA;REVERSA;FALLBACK_CIDADE_X2;Planilha2!E/F - linha 7372;CONFLITO/REVISAR
187;JCB DO BRASIL LTDA;1;JCB GROUND;102011211;JCB TRANSPORTE RODOVIARIO;  ;18000000;SOROCABA;SP;68000000;SANTAREM;PA;Indiferente     ;Rodoviario  ;408.000;17;0.000;0.000;SANTAREM_PA_JCB DO BRASIL LTDA_18000000;18,;432,;CARVALIMA;REVERSA;FALLBACK_CIDADE_X2;Planilha2!E/F - linha 7389;CONFLITO/REVISAR
187;JCB DO BRASIL LTDA;1;JCB GROUND;102011211;JCB TRANSPORTE RODOVIARIO;  ;18000000;SOROCABA;SP;68500000;MARABA;PA;Indiferente     ;Rodoviario  ;288.000;12;0.000;0.000;MARABA_PA_JCB DO BRASIL LTDA_18000000;18,;432,;CARVALIMA;REVERSA;FALLBACK_CIDADE_X2;Planilha2!E/F - linha 7375;CONFLITO/REVISAR
187;JCB DO BRASIL LTDA;1;JCB GROUND;102011211;JCB TRANSPORTE RODOVIARIO;  ;18000000;SOROCABA;SP;78995000;VILHENA;RO;Indiferente     ;Rodoviario  ;192.000;8;0.000;0.000;VILHENA_RO_JCB DO BRASIL LTDA_18000000;18,;432,;CARVALIMA;REVERSA;FALLBACK_CIDADE_X2;Planilha2!E/F - linha 7391;CONFLITO/REVISAR
187;JCB DO BRASIL LTDA;1;JCB GROUND;102011212;JCB - SPOT LTL BATERIAS;  ;13200000;JUNDIAI;SP;56300000;PETROLINA;PE;Indiferente     ;Rodoviario  ;216.000;9;0.000;0.000;PETROLINA_PE_JCB DO BRASIL LTDA_13200000;20,;480,;TECMAR;REVERSA;FALLBACK_CIDADE_X2;Planilha2!E/F - linha 6177;CONFLITO/REVISAR
187;JCB DO BRASIL LTDA;1;JCB GROUND;102011212;JCB - SPOT LTL BATERIAS;  ;13200000;JUNDIAI;SP;78975000;CACOAL;RO;Indiferente     ;Rodoviario  ;264.000;11;0.000;0.000;CACOAL_RO_JCB DO BRASIL LTDA_13200000;9,;216,;CARVALIMA;DISTRIBUICAO;CHAVE_EXATA;Planilha2!G/F - linha 7444;OK - DISTRIBUICAO
187;JCB DO BRASIL LTDA;1;JCB GROUND;102011212;JCB - SPOT LTL BATERIAS;  ;13200000;JUNDIAI;SP;78995000;VILHENA;RO;Indiferente     ;Rodoviario  ;264.000;11;0.000;0.000;VILHENA_RO_JCB DO BRASIL LTDA_13200000;8,;192,;CARVALIMA;DISTRIBUICAO;CHAVE_EXATA;Planilha2!G/F - linha 7447;OK - DISTRIBUICAO
187;JCB DO BRASIL LTDA;1;JCB GROUND;102011212;JCB - SPOT LTL BATERIAS;  ;13290000;LOUVEIRA;SP;56300000;PETROLINA;PE;Indiferente     ;Rodoviario  ;216.000;9;0.000;0.000;PETROLINA_PE_JCB DO BRASIL LTDA_13290000;20,;480,;TECMAR;REVERSA;FALLBACK_CIDADE_X2;Planilha2!E/F - linha 6177;CONFLITO/REVISAR
187;JCB DO BRASIL LTDA;1;JCB GROUND;102011212;JCB - SPOT LTL BATERIAS;  ;13290000;LOUVEIRA;SP;78975000;CACOAL;RO;Indiferente     ;Rodoviario  ;264.000;11;0.000;0.000;CACOAL_RO_JCB DO BRASIL LTDA_13290000;20,;480,;CARVALIMA;REVERSA;FALLBACK_CIDADE_X2;Planilha2!E/F - linha 7393;CONFLITO/REVISAR
187;JCB DO BRASIL LTDA;1;JCB GROUND;102011212;JCB - SPOT LTL BATERIAS;  ;13290000;LOUVEIRA;SP;78995000;VILHENA;RO;Indiferente     ;Rodoviario  ;264.000;11;0.000;0.000;VILHENA_RO_JCB DO BRASIL LTDA_13290000;18,;432,;CARVALIMA;REVERSA;FALLBACK_CIDADE_X2;Planilha2!E/F - linha 7391;CONFLITO/REVISAR
187;JCB DO BRASIL LTDA;1;JCB GROUND;102011223;JCB TRANSPORTE DEDICADO;  ;13200000;JUNDIAI;SP;83000000;SAO JOSE DOS PINHAIS;PR;Indiferente     ;Rodoviario  ;24.000;1;0.000;0.000;SAO JOSE DOS PINHAIS_PR_JCB DO BRASIL LTDA_13200000;4,;96,;ALFA;REVERSA;FALLBACK_CIDADE_X2;Planilha2!E/F - linha 704;CONFLITO/REVISAR
187;JCB DO BRASIL LTDA;1;JCB GROUND;102011223;JCB TRANSPORTE DEDICADO;  ;13200000;JUNDIAI;SP;90000000;PORTO ALEGRE;RS;Indiferente     ;Rodoviario  ;48.000;2;0.000;0.000;PORTO ALEGRE_RS_JCB DO BRASIL LTDA_13200000;2,;48,;TRANSTRY;DISTRIBUICAO;CHAVE_EXATA;Planilha2!G/F - linha 6335;OK - DISTRIBUICAO
187;JCB DO BRASIL LTDA;1;JCB GROUND;102021211;JCB TRANSPORTE AEREO;  ;13200000;JUNDIAI;SP;20000000;RIO DE JANEIRO;RJ;Indiferente     ;Aereo       ;48.000;2;0.000;0.000;RIO DE JANEIRO_RJ_JCB DO BRASIL LTDA_13200000;3,;72,;CAMILO DOS SANTOS;DISTRIBUICAO;CHAVE_EXATA;Planilha2!G/F - linha 7490;OK - DISTRIBUICAO
187;JCB DO BRASIL LTDA;1;JCB GROUND;102021211;JCB TRANSPORTE AEREO;  ;13200000;JUNDIAI;SP;20000000;RIO DE JANEIRO;RJ;Indiferente     ;Rodoviario  ;48.000;2;0.000;0.000;RIO DE JANEIRO_RJ_JCB DO BRASIL LTDA_13200000;3,;72,;CAMILO DOS SANTOS;DISTRIBUICAO;CHAVE_EXATA;Planilha2!G/F - linha 7490;OK - DISTRIBUICAO
187;JCB DO BRASIL LTDA;1;JCB GROUND;102021211;JCB TRANSPORTE AEREO;  ;13200000;JUNDIAI;SP;29160000;SERRA;ES;Indiferente     ;Rodoviario  ;48.000;2;0.000;0.000;SERRA_ES_JCB DO BRASIL LTDA_13200000;3,;72,;CAMILO DOS SANTOS;DISTRIBUICAO;CHAVE_EXATA;Planilha2!G/F - linha 7489;OK - DISTRIBUICAO
187;JCB DO BRASIL LTDA;1;JCB GROUND;102021211;JCB TRANSPORTE AEREO;  ;13200000;JUNDIAI;SP;30000000;BELO HORIZONTE;MG;Indiferente     ;Rodoviario  ;48.000;2;0.000;0.000;BELO HORIZONTE_MG_JCB DO BRASIL LTDA_13200000;2,;48,;CAMILO DOS SANTOS;DISTRIBUICAO;CHAVE_EXATA;Planilha2!G/F - linha 7491;OK - DISTRIBUICAO
187;JCB DO BRASIL LTDA;1;JCB GROUND;102021211;JCB TRANSPORTE AEREO;  ;13200000;JUNDIAI;SP;38400000;UBERLANDIA;MG;Indiferente     ;Aereo       ;72.000;3;0.000;0.000;UBERLANDIA_MG_JCB DO BRASIL LTDA_13200000;12,;288,;CAMILO DOS SANTOS;REVERSA;FALLBACK_CIDADE_X2;Planilha2!E/F - linha 7473;CONFLITO/REVISAR
187;JCB DO BRASIL LTDA;1;JCB GROUND;102021211;JCB TRANSPORTE AEREO;  ;13200000;JUNDIAI;SP;38400000;UBERLANDIA;MG;Indiferente     ;Rodoviario  ;72.000;3;0.000;0.000;UBERLANDIA_MG_JCB DO BRASIL LTDA_13200000;12,;288,;CAMILO DOS SANTOS;REVERSA;FALLBACK_CIDADE_X2;Planilha2!E/F - linha 7473;CONFLITO/REVISAR
187;JCB DO BRASIL LTDA;1;JCB GROUND;102021211;JCB TRANSPORTE AEREO;  ;13200000;JUNDIAI;SP;45000000;VITORIA DA CONQUISTA;BA;Indiferente     ;Aereo       ;96.000;4;0.000;0.000;VITORIA DA CONQUISTA_BA_JCB DO BRASIL LTDA_13200000;9,;216,;TERMACO;DISTRIBUICAO;CHAVE_EXATA;Planilha2!G/F - linha 7286;OK - DISTRIBUICAO
187;JCB DO BRASIL LTDA;1;JCB GROUND;102021211;JCB TRANSPORTE AEREO;  ;13200000;JUNDIAI;SP;45000000;VITORIA DA CONQUISTA;BA;Indiferente     ;Rodoviario  ;96.000;4;0.000;0.000;VITORIA DA CONQUISTA_BA_JCB DO BRASIL LTDA_13200000;9,;216,;TERMACO;DISTRIBUICAO;CHAVE_EXATA;Planilha2!G/F - linha 7286;OK - DISTRIBUICAO
187;JCB DO BRASIL LTDA;1;JCB GROUND;102021211;JCB TRANSPORTE AEREO;  ;13200000;JUNDIAI;SP;47850000;LUIS EDUARDO MAGALHAES;BA;Indiferente     ;Rodoviario  ;144.000;6;0.000;0.000;LUIS EDUARDO MAGALHAES_BA_JCB DO BRASIL LTDA_13200000;9,;216,;TERMACO;DISTRIBUICAO;CHAVE_EXATA;Planilha2!G/F - linha 7283;OK - DISTRIBUICAO
187;JCB DO BRASIL LTDA;1;JCB GROUND;102021211;JCB TRANSPORTE AEREO;  ;13200000;JUNDIAI;SP;50000000;RECIFE;PE;Indiferente     ;Aereo       ;48.000;2;0.000;0.000;RECIFE_PE_JCB DO BRASIL LTDA_13200000;7,;168,;TERMACO;DISTRIBUICAO;CHAVE_EXATA;Planilha2!G/F - linha 7277;OK - DISTRIBUICAO
187;JCB DO BRASIL LTDA;1;JCB GROUND;102021211;JCB TRANSPORTE AEREO;  ;13200000;JUNDIAI;SP;50000000;RECIFE;PE;Indiferente     ;Rodoviario  ;48.000;2;0.000;0.000;RECIFE_PE_JCB DO BRASIL LTDA_13200000;7,;168,;TERMACO;DISTRIBUICAO;CHAVE_EXATA;Planilha2!G/F - linha 7277;OK - DISTRIBUICAO
187;JCB DO BRASIL LTDA;1;JCB GROUND;102021211;JCB TRANSPORTE AEREO;  ;13200000;JUNDIAI;SP;56300000;PETROLINA;PE;Indiferente     ;Rodoviario  ;96.000;4;0.000;0.000;PETROLINA_PE_JCB DO BRASIL LTDA_13200000;20,;480,;TECMAR;REVERSA;FALLBACK_CIDADE_X2;Planilha2!E/F - linha 6177;CONFLITO/REVISAR
187;JCB DO BRASIL LTDA;1;JCB GROUND;102021211;JCB TRANSPORTE AEREO;  ;13200000;JUNDIAI;SP;59140000;PARNAMIRIM;RN;Indiferente     ;Aereo       ;72.000;3;0.000;0.000;PARNAMIRIM_RN_JCB DO BRASIL LTDA_13200000;8,;192,;TERMACO;DISTRIBUICAO;CHAVE_EXATA;Planilha2!G/F - linha 7278;OK - DISTRIBUICAO
187;JCB DO BRASIL LTDA;1;JCB GROUND;102021211;JCB TRANSPORTE AEREO;  ;13200000;JUNDIAI;SP;59140000;PARNAMIRIM;RN;Indiferente     ;Rodoviario  ;72.000;3;0.000;0.000;PARNAMIRIM_RN_JCB DO BRASIL LTDA_13200000;8,;192,;TERMACO;DISTRIBUICAO;CHAVE_EXATA;Planilha2!G/F - linha 7278;OK - DISTRIBUICAO
187;JCB DO BRASIL LTDA;1;JCB GROUND;102021211;JCB TRANSPORTE AEREO;  ;13200000;JUNDIAI;SP;62825000;SAO JOSE;CE;Indiferente     ;Aereo       ;72.000;3;0.000;0.000;SAO JOSE_CE_JCB DO BRASIL LTDA_13200000;6,;144,;ALFA;REVERSA;FALLBACK_CIDADE_X2;Planilha2!E/F - linha 717;CONFLITO/REVISAR
187;JCB DO BRASIL LTDA;1;JCB GROUND;102021211;JCB TRANSPORTE AEREO;  ;13200000;JUNDIAI;SP;62825000;SAO JOSE;CE;Indiferente     ;Rodoviario  ;72.000;3;0.000;0.000;SAO JOSE_CE_JCB DO BRASIL LTDA_13200000;6,;144,;ALFA;REVERSA;FALLBACK_CIDADE_X2;Planilha2!E/F - linha 717;CONFLITO/REVISAR
187;JCB DO BRASIL LTDA;1;JCB GROUND;102021211;JCB TRANSPORTE AEREO;  ;13200000;JUNDIAI;SP;63180000;BARBALHA;CE;Indiferente     ;Aereo       ;120.000;5;0.000;0.000;BARBALHA_CE_JCB DO BRASIL LTDA_13200000;;0,;TSP Sem Cadastro;;;;SEM_CADASTRO - TT E TSP
187;JCB DO BRASIL LTDA;1;JCB GROUND;102021211;JCB TRANSPORTE AEREO;  ;13200000;JUNDIAI;SP;65900000;IMPERATRIZ;MA;Indiferente     ;Aereo       ;120.000;5;0.000;0.000;IMPERATRIZ_MA_JCB DO BRASIL LTDA_13200000;11,;264,;TERMACO;DISTRIBUICAO;CHAVE_EXATA;Planilha2!G/F - linha 7280;OK - DISTRIBUICAO
187;JCB DO BRASIL LTDA;1;JCB GROUND;102021211;JCB TRANSPORTE AEREO;  ;13200000;JUNDIAI;SP;65900000;IMPERATRIZ;MA;Indiferente     ;Rodoviario  ;120.000;5;0.000;0.000;IMPERATRIZ_MA_JCB DO BRASIL LTDA_13200000;11,;264,;TERMACO;DISTRIBUICAO;CHAVE_EXATA;Planilha2!G/F - linha 7280;OK - DISTRIBUICAO
187;JCB DO BRASIL LTDA;1;JCB GROUND;102021211;JCB TRANSPORTE AEREO;  ;13200000;JUNDIAI;SP;67000000;ANANINDEUA;PA;Indiferente     ;Aereo       ;96.000;4;0.000;0.000;ANANINDEUA_PA_JCB DO BRASIL LTDA_13200000;18,;432,;CARVALIMA;REVERSA;FALLBACK_CIDADE_X2;Planilha2!E/F - linha 7372;CONFLITO/REVISAR
187;JCB DO BRASIL LTDA;1;JCB GROUND;102021211;JCB TRANSPORTE AEREO;  ;13200000;JUNDIAI;SP;67000000;ANANINDEUA;PA;Indiferente     ;Rodoviario  ;120.000;5;0.000;0.000;ANANINDEUA_PA_JCB DO BRASIL LTDA_13200000;18,;432,;CARVALIMA;REVERSA;FALLBACK_CIDADE_X2;Planilha2!E/F - linha 7372;CONFLITO/REVISAR
187;JCB DO BRASIL LTDA;1;JCB GROUND;102021211;JCB TRANSPORTE AEREO;  ;13200000;JUNDIAI;SP;68500000;MARABA;PA;Indiferente     ;Rodoviario  ;120.000;5;0.000;0.000;MARABA_PA_JCB DO BRASIL LTDA_13200000;8,;192,;CARVALIMA;DISTRIBUICAO;CHAVE_EXATA;Planilha2!G/F - linha 7438;OK - DISTRIBUICAO
187;JCB DO BRASIL LTDA;1;JCB GROUND;102021211;JCB TRANSPORTE AEREO;  ;13200000;JUNDIAI;SP;76800000;PORTO VELHO;RO;Indiferente     ;Rodoviario  ;96.000;4;0.000;0.000;PORTO VELHO_RO_JCB DO BRASIL LTDA_13200000;8,;192,;CARVALIMA;DISTRIBUICAO;CHAVE_EXATA;Planilha2!G/F - linha 7446;OK - DISTRIBUICAO
187;JCB DO BRASIL LTDA;1;JCB GROUND;102021211;JCB TRANSPORTE AEREO;  ;13200000;JUNDIAI;SP;77400000;GURUPI;TO;Indiferente     ;Aereo       ;120.000;5;0.000;0.000;GURUPI_TO_JCB DO BRASIL LTDA_13200000;4,;96,;RIO VERMELHO;DISTRIBUICAO;CHAVE_EXATA;Planilha2!G/F - linha 846;OK - DISTRIBUICAO
187;JCB DO BRASIL LTDA;1;JCB GROUND;102021211;JCB TRANSPORTE AEREO;  ;13200000;JUNDIAI;SP;77800000;ARAGUAINA;TO;Indiferente     ;Aereo       ;120.000;5;0.000;0.000;ARAGUAINA_TO_JCB DO BRASIL LTDA_13200000;7,;168,;RIO VERMELHO;DISTRIBUICAO;CHAVE_EXATA;Planilha2!G/F - linha 847;OK - DISTRIBUICAO
187;JCB DO BRASIL LTDA;1;JCB GROUND;102021211;JCB TRANSPORTE AEREO;  ;13200000;JUNDIAI;SP;78110000;VARZEA GRANDE;MT;Indiferente     ;Aereo       ;96.000;4;0.000;0.000;VARZEA GRANDE_MT_JCB DO BRASIL LTDA_13200000;5,;120,;CARVALIMA;DISTRIBUICAO;CHAVE_EXATA;Planilha2!G/F - linha 7435;OK - DISTRIBUICAO
187;JCB DO BRASIL LTDA;1;JCB GROUND;102021211;JCB TRANSPORTE AEREO;  ;13290000;LOUVEIRA;SP;50000000;RECIFE;PE;Indiferente     ;Rodoviario  ;48.000;2;0.000;0.000;RECIFE_PE_JCB DO BRASIL LTDA_13290000;16,;384,;TECMAR;REVERSA;FALLBACK_CIDADE_X2;Planilha2!E/F - linha 6178;CONFLITO/REVISAR
187;JCB DO BRASIL LTDA;1;JCB GROUND;102021211;JCB TRANSPORTE AEREO;  ;13290000;LOUVEIRA;SP;56300000;PETROLINA;PE;Indiferente     ;Rodoviario  ;96.000;4;0.000;0.000;PETROLINA_PE_JCB DO BRASIL LTDA_13290000;20,;480,;TECMAR;REVERSA;FALLBACK_CIDADE_X2;Planilha2!E/F - linha 6177;CONFLITO/REVISAR
187;JCB DO BRASIL LTDA;1;JCB GROUND;102021211;JCB TRANSPORTE AEREO;  ;13290000;LOUVEIRA;SP;59140000;PARNAMIRIM;RN;Indiferente     ;Rodoviario  ;72.000;3;0.000;0.000;PARNAMIRIM_RN_JCB DO BRASIL LTDA_13290000;16,;384,;TERMACO;REVERSA;FALLBACK_CIDADE_X2;Planilha2!E/F - linha 7278;CONFLITO/REVISAR
187;JCB DO BRASIL LTDA;1;JCB GROUND;102021211;JCB TRANSPORTE AEREO;  ;13290000;LOUVEIRA;SP;60000000;FORTALEZA;CE;Indiferente     ;Rodoviario  ;72.000;3;0.000;0.000;FORTALEZA_CE_JCB DO BRASIL LTDA_13290000;20,;480,;TECMAR;REVERSA;FALLBACK_CIDADE_X2;Planilha2!E/F - linha 6171;CONFLITO/REVISAR
187;JCB DO BRASIL LTDA;1;JCB GROUND;102021211;JCB TRANSPORTE AEREO;  ;13290000;LOUVEIRA;SP;77800000;ARAGUAINA;TO;Indiferente     ;Rodoviario  ;120.000;5;0.000;0.000;ARAGUAINA_TO_JCB DO BRASIL LTDA_13290000;16,;384,;RIO VERMELHO;REVERSA;FALLBACK_CIDADE_X2;Planilha2!E/F - linha 741;CONFLITO/REVISAR
187;JCB DO BRASIL LTDA;1;JCB GROUND;102021211;JCB TRANSPORTE AEREO;  ;13290000;LOUVEIRA;SP;79000000;CAMPO GRANDE;MS;Indiferente     ;Rodoviario  ;72.000;3;0.000;0.000;CAMPO GRANDE_MS_JCB DO BRASIL LTDA_13290000;10,;240,;CARVALIMA;REVERSA;FALLBACK_CIDADE_X2;Planilha2!E/F - linha 7343;CONFLITO/REVISAR
187;JCB DO BRASIL LTDA;1;JCB GROUND;102021211;JCB TRANSPORTE AEREO;  ;13290000;LOUVEIRA;SP;85800000;CASCAVEL;PR;Indiferente     ;Rodoviario  ;96.000;4;0.000;0.000;CASCAVEL_PR_JCB DO BRASIL LTDA_13290000;8,;192,;PROGRESSIVA;REVERSA;FALLBACK_CIDADE_X2;Planilha2!E/F - linha 6133;CONFLITO/REVISAR
187;JCB DO BRASIL LTDA;1;JCB GROUND;102021211;JCB TRANSPORTE AEREO;  ;18000000;SOROCABA;SP;20000000;RIO DE JANEIRO;RJ;Indiferente     ;Rodoviario  ;48.000;2;0.000;0.000;RIO DE JANEIRO_RJ_JCB DO BRASIL LTDA_18000000;4,;96,;CAMILO DOS SANTOS;REVERSA;FALLBACK_CIDADE_X2;Planilha2!E/F - linha 7483;CONFLITO/REVISAR
187;JCB DO BRASIL LTDA;1;JCB GROUND;102021211;JCB TRANSPORTE AEREO;  ;18000000;SOROCABA;SP;29160000;SERRA;ES;Indiferente     ;Rodoviario  ;48.000;2;0.000;0.000;SERRA_ES_JCB DO BRASIL LTDA_18000000;8,;192,;CAMILO DOS SANTOS;REVERSA;FALLBACK_CIDADE_X2;Planilha2!E/F - linha 7463;CONFLITO/REVISAR
187;JCB DO BRASIL LTDA;1;JCB GROUND;102021211;JCB TRANSPORTE AEREO;  ;18000000;SOROCABA;SP;30000000;BELO HORIZONTE;MG;Indiferente     ;Rodoviario  ;48.000;2;0.000;0.000;BELO HORIZONTE_MG_JCB DO BRASIL LTDA_18000000;6,;144,;CAMILO DOS SANTOS;REVERSA;FALLBACK_CIDADE_X2;Planilha2!E/F - linha 7464;CONFLITO/REVISAR
187;JCB DO BRASIL LTDA;1;JCB GROUND;102021211;JCB TRANSPORTE AEREO;  ;18000000;SOROCABA;SP;38400000;UBERLANDIA;MG;Indiferente     ;Rodoviario  ;72.000;3;0.000;0.000;UBERLANDIA_MG_JCB DO BRASIL LTDA_18000000;12,;288,;CAMILO DOS SANTOS;REVERSA;FALLBACK_CIDADE_X2;Planilha2!E/F - linha 7473;CONFLITO/REVISAR
187;JCB DO BRASIL LTDA;1;JCB GROUND;102021211;JCB TRANSPORTE AEREO;  ;18000000;SOROCABA;SP;40000000;SALVADOR;BA;Indiferente     ;Rodoviario  ;48.000;2;0.000;0.000;SALVADOR_BA_JCB DO BRASIL LTDA_18000000;16,;384,;TECMAR;REVERSA;FALLBACK_CIDADE_X2;Planilha2!E/F - linha 6169;CONFLITO/REVISAR
187;JCB DO BRASIL LTDA;1;JCB GROUND;102021211;JCB TRANSPORTE AEREO;  ;18000000;SOROCABA;SP;45000000;VITORIA DA CONQUISTA;BA;Indiferente     ;Rodoviario  ;96.000;4;0.000;0.000;VITORIA DA CONQUISTA_BA_JCB DO BRASIL LTDA_18000000;18,;432,;TERMACO;REVERSA;FALLBACK_CIDADE_X2;Planilha2!E/F - linha 7286;OK - REVERSA IDENTIFICADA POR FALLBACK X2
187;JCB DO BRASIL LTDA;1;JCB GROUND;102021211;JCB TRANSPORTE AEREO;  ;18000000;SOROCABA;SP;47850000;LUIS EDUARDO MAGALHAES;BA;Indiferente     ;Rodoviario  ;144.000;6;0.000;0.000;LUIS EDUARDO MAGALHAES_BA_JCB DO BRASIL LTDA_18000000;;0,;TERMACO;;;;SEM_CADASTRO
187;JCB DO BRASIL LTDA;1;JCB GROUND;102021211;JCB TRANSPORTE AEREO;  ;18000000;SOROCABA;SP;49000000;ARACAJU;SE;Indiferente     ;Rodoviario  ;72.000;3;0.000;0.000;ARACAJU_SE_JCB DO BRASIL LTDA_18000000;18,;432,;TECMAR;REVERSA;FALLBACK_CIDADE_X2;Planilha2!E/F - linha 6181;CONFLITO/REVISAR
187;JCB DO BRASIL LTDA;1;JCB GROUND;102021211;JCB TRANSPORTE AEREO;  ;18000000;SOROCABA;SP;50000000;RECIFE;PE;Indiferente     ;Rodoviario  ;48.000;2;0.000;0.000;RECIFE_PE_JCB DO BRASIL LTDA_18000000;16,;384,;TECMAR;REVERSA;FALLBACK_CIDADE_X2;Planilha2!E/F - linha 6178;CONFLITO/REVISAR
187;JCB DO BRASIL LTDA;1;JCB GROUND;102021211;JCB TRANSPORTE AEREO;  ;18000000;SOROCABA;SP;59140000;PARNAMIRIM;RN;Indiferente     ;Rodoviario  ;72.000;3;0.000;0.000;PARNAMIRIM_RN_JCB DO BRASIL LTDA_18000000;16,;384,;TERMACO;REVERSA;FALLBACK_CIDADE_X2;Planilha2!E/F - linha 7278;CONFLITO/REVISAR
187;JCB DO BRASIL LTDA;1;JCB GROUND;102021211;JCB TRANSPORTE AEREO;  ;18000000;SOROCABA;SP;60000000;FORTALEZA;CE;Indiferente     ;Rodoviario  ;72.000;3;0.000;0.000;FORTALEZA_CE_JCB DO BRASIL LTDA_18000000;20,;480,;TECMAR;REVERSA;FALLBACK_CIDADE_X2;Planilha2!E/F - linha 6171;CONFLITO/REVISAR
187;JCB DO BRASIL LTDA;1;JCB GROUND;102021211;JCB TRANSPORTE AEREO;  ;18000000;SOROCABA;SP;65000000;SAO LUIS;MA;Indiferente     ;Rodoviario  ;72.000;3;0.000;0.000;SAO LUIS_MA_JCB DO BRASIL LTDA_18000000;18,;432,;TECMAR;REVERSA;FALLBACK_CIDADE_X2;Planilha2!E/F - linha 7299;CONFLITO/REVISAR
187;JCB DO BRASIL LTDA;1;JCB GROUND;102021211;JCB TRANSPORTE AEREO;  ;18000000;SOROCABA;SP;65900000;IMPERATRIZ;MA;Indiferente     ;Rodoviario  ;120.000;5;0.000;0.000;IMPERATRIZ_MA_JCB DO BRASIL LTDA_18000000;22,;528,;TERMACO;REVERSA;FALLBACK_CIDADE_X2;Planilha2!E/F - linha 7280;CONFLITO/REVISAR
198;ADVANCED STERILIZATION PRODUCTS DISTRIBU;2;INBOUND / OUTBOUND NACIONAL;102010411;OUTBOUND - FRACIONADO (LTL);  ;6400000;BARUERI;SP;17000000;BAURU;SP;Indiferente     ;Rodoviario  ;72.000;3;0.000;0.000;BAURU_SP_ADVANCED STERILIZATION PRODUCTS DISTRIBU_6400000;4,;96,;ALFA;REVERSA;FALLBACK_CIDADE_X2;Planilha2!E/F - linha 105;CONFLITO/REVISAR
198;ADVANCED STERILIZATION PRODUCTS DISTRIBU;2;INBOUND / OUTBOUND NACIONAL;102010411;OUTBOUND - FRACIONADO (LTL);  ;6400000;BARUERI;SP;19900000;OURINHOS;SP;Indiferente     ;Rodoviario  ;72.000;3;0.000;0.000;OURINHOS_SP_ADVANCED STERILIZATION PRODUCTS DISTRIBU_6400000;6,;144,;ALFA;REVERSA;FALLBACK_CIDADE_X2;Planilha2!E/F - linha 78;CONFLITO/REVISAR
198;ADVANCED STERILIZATION PRODUCTS DISTRIBU;2;INBOUND / OUTBOUND NACIONAL;102010411;OUTBOUND - FRACIONADO (LTL);  ;6400000;BARUERI;SP;53000000;OLINDA;PE;Indiferente     ;Rodoviario  ;240.000;10;0.000;0.000;OLINDA_PE_ADVANCED STERILIZATION PRODUCTS DISTRIBU_6400000;20,;480,;TECMAR;REVERSA;FALLBACK_CIDADE_X2;Planilha2!E/F - linha 6176;CONFLITO/REVISAR
198;ADVANCED STERILIZATION PRODUCTS DISTRIBU;2;INBOUND / OUTBOUND NACIONAL;102010411;OUTBOUND - FRACIONADO (LTL);  ;6400000;BARUERI;SP;80000000;CURITIBA;PR;Indiferente     ;Rodoviario  ;48.000;2;0.000;0.000;CURITIBA_PR_ADVANCED STERILIZATION PRODUCTS DISTRIBU_6400000;6,;144,;ALFA;REVERSA;FALLBACK_CIDADE_X2;Planilha2!E/F - linha 700;CONFLITO/REVISAR
198;ADVANCED STERILIZATION PRODUCTS DISTRIBU;2;INBOUND / OUTBOUND NACIONAL;102010411;OUTBOUND - FRACIONADO (LTL);  ;6400000;BARUERI;SP;83820000;FAZENDA RIO GRANDE;PR;Indiferente     ;Rodoviario  ;48.000;2;0.000;0.000;FAZENDA RIO GRANDE_PR_ADVANCED STERILIZATION PRODUCTS DISTRIBU_6400000;8,;192,;PROGRESSIVA;REVERSA;FALLBACK_CIDADE_X2;Planilha2!E/F - linha 6139;OK - REVERSA IDENTIFICADA POR FALLBACK X2
198;ADVANCED STERILIZATION PRODUCTS DISTRIBU;2;INBOUND / OUTBOUND NACIONAL;102010411;OUTBOUND - FRACIONADO (LTL);  ;6400000;BARUERI;SP;85850000;FOZ DO IGUACU;PR;Indiferente     ;Rodoviario  ;96.000;4;0.000;0.000;FOZ DO IGUACU_PR_ADVANCED STERILIZATION PRODUCTS DISTRIBU_6400000;6,;144,;PROGRESSIVA;REVERSA;FALLBACK_CIDADE_X2;Planilha2!E/F - linha 6192;CONFLITO/REVISAR
198;ADVANCED STERILIZATION PRODUCTS DISTRIBU;2;INBOUND / OUTBOUND NACIONAL;102010411;OUTBOUND - FRACIONADO (LTL);  ;6400000;BARUERI;SP;88350000;BRUSQUE;SC;Indiferente     ;Rodoviario  ;120.000;5;0.000;0.000;BRUSQUE_SC_ADVANCED STERILIZATION PRODUCTS DISTRIBU_6400000;10,;240,;PROGRESSIVA;REVERSA;FALLBACK_CIDADE_X2;Planilha2!E/F - linha 6129;CONFLITO/REVISAR
198;ADVANCED STERILIZATION PRODUCTS DISTRIBU;2;INBOUND / OUTBOUND NACIONAL;102010411;OUTBOUND - FRACIONADO (LTL);  ;6400000;BARUERI;SP;95940000;ARROIO DO MEIO;RS;Indiferente     ;Rodoviario  ;120.000;5;0.000;0.000;ARROIO DO MEIO_RS_ADVANCED STERILIZATION PRODUCTS DISTRIBU_6400000;6,;144,;LOGI SUL;REVERSA;FALLBACK_CIDADE_X2;Planilha2!E/F - linha 6799;OK - REVERSA IDENTIFICADA POR FALLBACK X2
198;ADVANCED STERILIZATION PRODUCTS DISTRIBU;2;INBOUND / OUTBOUND NACIONAL;102010411;OUTBOUND - FRACIONADO (LTL);  ;13200000;JUNDIAI;SP;1000000;SAO PAULO;SP;Indiferente     ;Rodoviario  ;48.000;2;0.000;0.000;SAO PAULO_SP_ADVANCED STERILIZATION PRODUCTS DISTRIBU_13200000;3,;72,;MVT;DISTRIBUICAO;CHAVE_EXATA;Planilha2!G/F - linha 1447;CONFLITO/REVISAR
198;ADVANCED STERILIZATION PRODUCTS DISTRIBU;2;INBOUND / OUTBOUND NACIONAL;102010411;OUTBOUND - FRACIONADO (LTL);  ;13200000;JUNDIAI;SP;1700000;BAURU;SP;Indiferente     ;Rodoviario  ;72.000;3;0.000;0.000;BAURU_SP_ADVANCED STERILIZATION PRODUCTS DISTRIBU_13200000;2,;48,;MVT;DISTRIBUICAO;CHAVE_EXATA;Planilha2!G/F - linha 940;CONFLITO/REVISAR
198;ADVANCED STERILIZATION PRODUCTS DISTRIBU;2;INBOUND / OUTBOUND NACIONAL;102010411;OUTBOUND - FRACIONADO (LTL);  ;13200000;JUNDIAI;SP;6000000;OSASCO;SP;Indiferente     ;Rodoviario  ;24.000;1;0.000;0.000;OSASCO_SP_ADVANCED STERILIZATION PRODUCTS DISTRIBU_13200000;3,;72,;MVT;DISTRIBUICAO;CHAVE_EXATA;Planilha2!G/F - linha 1434;CONFLITO/REVISAR
198;ADVANCED STERILIZATION PRODUCTS DISTRIBU;2;INBOUND / OUTBOUND NACIONAL;102010411;OUTBOUND - FRACIONADO (LTL);  ;13200000;JUNDIAI;SP;6300000;CARAPICUIBA;SP;Indiferente     ;Rodoviario  ;48.000;2;0.000;0.000;CARAPICUIBA_SP_ADVANCED STERILIZATION PRODUCTS DISTRIBU_13200000;3,;72,;MVT;DISTRIBUICAO;CHAVE_EXATA;Planilha2!G/F - linha 1416;CONFLITO/REVISAR
198;ADVANCED STERILIZATION PRODUCTS DISTRIBU;2;INBOUND / OUTBOUND NACIONAL;102010411;OUTBOUND - FRACIONADO (LTL);  ;13200000;JUNDIAI;SP;6500000;SANTANA DE PARNAIBA;SP;Indiferente     ;Rodoviario  ;72.000;3;0.000;0.000;SANTANA DE PARNAIBA_SP_ADVANCED STERILIZATION PRODUCTS DISTRIBU_13200000;3,;72,;MVT;DISTRIBUICAO;CHAVE_EXATA;Planilha2!G/F - linha 1442;CONFLITO/REVISAR
198;ADVANCED STERILIZATION PRODUCTS DISTRIBU;2;INBOUND / OUTBOUND NACIONAL;102010411;OUTBOUND - FRACIONADO (LTL);  ;13200000;JUNDIAI;SP;6730000;VARGEM GRANDE PAULISTA;SP;Indiferente     ;Rodoviario  ;48.000;2;0.000;0.000;VARGEM GRANDE PAULISTA_SP_ADVANCED STERILIZATION PRODUCTS DISTRIBU_13200000;3,;72,;MVT;DISTRIBUICAO;CHAVE_EXATA;Planilha2!G/F - linha 1450;CONFLITO/REVISAR
198;ADVANCED STERILIZATION PRODUCTS DISTRIBU;2;INBOUND / OUTBOUND NACIONAL;102010411;OUTBOUND - FRACIONADO (LTL);  ;13200000;JUNDIAI;SP;6750000;TABOAO DA SERRA;SP;Indiferente     ;Rodoviario  ;48.000;2;0.000;0.000;TABOAO DA SERRA_SP_ADVANCED STERILIZATION PRODUCTS DISTRIBU_13200000;3,;72,;MVT;DISTRIBUICAO;CHAVE_EXATA;Planilha2!G/F - linha 1449;CONFLITO/REVISAR
198;ADVANCED STERILIZATION PRODUCTS DISTRIBU;2;INBOUND / OUTBOUND NACIONAL;102010411;OUTBOUND - FRACIONADO (LTL);  ;13200000;JUNDIAI;SP;6850000;ITAPECERICA DA SERRA;SP;Indiferente     ;Rodoviario  ;24.000;1;0.000;0.000;ITAPECERICA DA SERRA_SP_ADVANCED STERILIZATION PRODUCTS DISTRIBU_13200000;3,;72,;MVT;DISTRIBUICAO;CHAVE_EXATA;Planilha2!G/F - linha 1425;CONFLITO/REVISAR
198;ADVANCED STERILIZATION PRODUCTS DISTRIBU;2;INBOUND / OUTBOUND NACIONAL;102010411;OUTBOUND - FRACIONADO (LTL);  ;13200000;JUNDIAI;SP;6893000;EMBU DAS ARTES;SP;Indiferente     ;Rodoviario  ;48.000;2;0.000;0.000;EMBU DAS ARTES_SP_ADVANCED STERILIZATION PRODUCTS DISTRIBU_13200000;3,;72,;MVT;DISTRIBUICAO;CHAVE_EXATA;Planilha2!G/F - linha 1419;CONFLITO/REVISAR
198;ADVANCED STERILIZATION PRODUCTS DISTRIBU;2;INBOUND / OUTBOUND NACIONAL;102010411;OUTBOUND - FRACIONADO (LTL);  ;13200000;JUNDIAI;SP;7000000;GUARULHOS;SP;Indiferente     ;Rodoviario  ;24.000;1;0.000;0.000;GUARULHOS_SP_ADVANCED STERILIZATION PRODUCTS DISTRIBU_13200000;3,;72,;MVT;DISTRIBUICAO;CHAVE_EXATA;Planilha2!G/F - linha 1424;CONFLITO/REVISAR
198;ADVANCED STERILIZATION PRODUCTS DISTRIBU;2;INBOUND / OUTBOUND NACIONAL;102010411;OUTBOUND - FRACIONADO (LTL);  ;13200000;JUNDIAI;SP;7700000;CAIEIRAS;SP;Indiferente     ;Rodoviario  ;24.000;1;0.000;0.000;CAIEIRAS_SP_ADVANCED STERILIZATION PRODUCTS DISTRIBU_13200000;3,;72,;MVT;DISTRIBUICAO;CHAVE_EXATA;Planilha2!G/F - linha 1414;CONFLITO/REVISAR
198;ADVANCED STERILIZATION PRODUCTS DISTRIBU;2;INBOUND / OUTBOUND NACIONAL;102010411;OUTBOUND - FRACIONADO (LTL);  ;13200000;JUNDIAI;SP;7750000;CAJAMAR;SP;Indiferente     ;Rodoviario  ;24.000;1;0.000;0.000;CAJAMAR_SP_ADVANCED STERILIZATION PRODUCTS DISTRIBU_13200000;3,;72,;MVT;DISTRIBUICAO;CHAVE_EXATA;Planilha2!G/F - linha 1415;CONFLITO/REVISAR
198;ADVANCED STERILIZATION PRODUCTS DISTRIBU;2;INBOUND / OUTBOUND NACIONAL;102010411;OUTBOUND - FRACIONADO (LTL);  ;13200000;JUNDIAI;SP;8700000;MOGI DAS CRUZES;SP;Indiferente     ;Rodoviario  ;72.000;3;0.000;0.000;MOGI DAS CRUZES_SP_ADVANCED STERILIZATION PRODUCTS DISTRIBU_13200000;3,;72,;MVT;DISTRIBUICAO;CHAVE_EXATA;Planilha2!G/F - linha 1433;CONFLITO/REVISAR
198;ADVANCED STERILIZATION PRODUCTS DISTRIBU;2;INBOUND / OUTBOUND NACIONAL;102010411;OUTBOUND - FRACIONADO (LTL);  ;13200000;JUNDIAI;SP;9000000;SANTO ANDRE;SP;Indiferente     ;Rodoviario  ;24.000;1;0.000;0.000;SANTO ANDRE_SP_ADVANCED STERILIZATION PRODUCTS DISTRIBU_13200000;3,;72,;MVT;DISTRIBUICAO;CHAVE_EXATA;Planilha2!G/F - linha 1443;CONFLITO/REVISAR
198;ADVANCED STERILIZATION PRODUCTS DISTRIBU;2;INBOUND / OUTBOUND NACIONAL;102010411;OUTBOUND - FRACIONADO (LTL);  ;13200000;JUNDIAI;SP;9300000;MAUA;SP;Indiferente     ;Rodoviario  ;48.000;2;0.000;0.000;MAUA_SP_ADVANCED STERILIZATION PRODUCTS DISTRIBU_13200000;3,;72,;MVT;DISTRIBUICAO;CHAVE_EXATA;Planilha2!G/F - linha 1432;CONFLITO/REVISAR
198;ADVANCED STERILIZATION PRODUCTS DISTRIBU;2;INBOUND / OUTBOUND NACIONAL;102010411;OUTBOUND - FRACIONADO (LTL);  ;13200000;JUNDIAI;SP;9400000;RIBEIRAO PIRES;SP;Indiferente     ;Rodoviario  ;48.000;2;0.000;0.000;RIBEIRAO PIRES_SP_ADVANCED STERILIZATION PRODUCTS DISTRIBU_13200000;3,;72,;MVT;DISTRIBUICAO;CHAVE_EXATA;Planilha2!G/F - linha 1438;CONFLITO/REVISAR
198;ADVANCED STERILIZATION PRODUCTS DISTRIBU;2;INBOUND / OUTBOUND NACIONAL;102010411;OUTBOUND - FRACIONADO (LTL);  ;13200000;JUNDIAI;SP;9500000;SAO CAETANO DO SUL;SP;Indiferente     ;Rodoviario  ;24.000;1;0.000;0.000;SAO CAETANO DO SUL_SP_ADVANCED STERILIZATION PRODUCTS DISTRIBU_13200000;3,;72,;MVT;DISTRIBUICAO;CHAVE_EXATA;Planilha2!G/F - linha 1445;CONFLITO/REVISAR
198;ADVANCED STERILIZATION PRODUCTS DISTRIBU;2;INBOUND / OUTBOUND NACIONAL;102010411;OUTBOUND - FRACIONADO (LTL);  ;13200000;JUNDIAI;SP;9900000;DIADEMA;SP;Indiferente     ;Rodoviario  ;72.000;3;0.000;0.000;DIADEMA_SP_ADVANCED STERILIZATION PRODUCTS DISTRIBU_13200000;3,;72,;MVT;DISTRIBUICAO;CHAVE_EXATA;Planilha2!G/F - linha 1418;CONFLITO/REVISAR
198;ADVANCED STERILIZATION PRODUCTS DISTRIBU;2;INBOUND / OUTBOUND NACIONAL;102010411;OUTBOUND - FRACIONADO (LTL);  ;13200000;JUNDIAI;SP;11000000;SANTOS;SP;Indiferente     ;Rodoviario  ;72.000;3;0.000;0.000;SANTOS_SP_ADVANCED STERILIZATION PRODUCTS DISTRIBU_13200000;4,;96,;MVT;DISTRIBUICAO;CHAVE_EXATA;Planilha2!G/F - linha 1458;CONFLITO/REVISAR
198;ADVANCED STERILIZATION PRODUCTS DISTRIBU;2;INBOUND / OUTBOUND NACIONAL;102010411;OUTBOUND - FRACIONADO (LTL);  ;13200000;JUNDIAI;SP;11500000;CUBATAO;SP;Indiferente     ;Rodoviario  ;48.000;2;0.000;0.000;CUBATAO_SP_ADVANCED STERILIZATION PRODUCTS DISTRIBU_13200000;4,;96,;MVT;DISTRIBUICAO;CHAVE_EXATA;Planilha2!G/F - linha 1452;CONFLITO/REVISAR
198;ADVANCED STERILIZATION PRODUCTS DISTRIBU;2;INBOUND / OUTBOUND NACIONAL;102010411;OUTBOUND - FRACIONADO (LTL);  ;13200000;JUNDIAI;SP;11700000;PRAIA GRANDE;SP;Indiferente     ;Rodoviario  ;72.000;3;0.000;0.000;PRAIA GRANDE_SP_ADVANCED STERILIZATION PRODUCTS DISTRIBU_13200000;4,;96,;MVT;DISTRIBUICAO;CHAVE_EXATA;Planilha2!G/F - linha 1457;CONFLITO/REVISAR
198;ADVANCED STERILIZATION PRODUCTS DISTRIBU;2;INBOUND / OUTBOUND NACIONAL;102010411;OUTBOUND - FRACIONADO (LTL);  ;13200000;JUNDIAI;SP;12000000;TAUBATE;SP;Indiferente     ;Rodoviario  ;72.000;3;0.000;0.000;TAUBATE_SP_ADVANCED STERILIZATION PRODUCTS DISTRIBU_13200000;1,;24,;MVT;DISTRIBUICAO;CHAVE_EXATA;Planilha2!G/F - linha 1162;CONFLITO/REVISAR
198;ADVANCED STERILIZATION PRODUCTS DISTRIBU;2;INBOUND / OUTBOUND NACIONAL;102010411;OUTBOUND - FRACIONADO (LTL);  ;13200000;JUNDIAI;SP;12200000;SAO JOSE DOS CAMPOS;SP;Indiferente     ;Rodoviario  ;72.000;3;0.000;0.000;SAO JOSE DOS CAMPOS_SP_ADVANCED STERILIZATION PRODUCTS DISTRIBU_13200000;1,;24,;MVT;DISTRIBUICAO;CHAVE_EXATA;Planilha2!G/F - linha 1159;CONFLITO/REVISAR
198;ADVANCED STERILIZATION PRODUCTS DISTRIBU;2;INBOUND / OUTBOUND NACIONAL;102010411;OUTBOUND - FRACIONADO (LTL);  ;13200000;JUNDIAI;SP;12300000;JACAREI;SP;Indiferente     ;Rodoviario  ;48.000;2;0.000;0.000;JACAREI_SP_ADVANCED STERILIZATION PRODUCTS DISTRIBU_13200000;1,;24,;MVT;DISTRIBUICAO;CHAVE_EXATA;Planilha2!G/F - linha 1139;CONFLITO/REVISAR
198;ADVANCED STERILIZATION PRODUCTS DISTRIBU;2;INBOUND / OUTBOUND NACIONAL;102010411;OUTBOUND - FRACIONADO (LTL);  ;13200000;JUNDIAI;SP;12900000;BRAGANCA PAULISTA;SP;Indiferente     ;Rodoviario  ;72.000;3;0.000;0.000;BRAGANCA PAULISTA_SP_ADVANCED STERILIZATION PRODUCTS DISTRIBU_13200000;2,;48,;MVT;DISTRIBUICAO;CHAVE_EXATA;Planilha2!G/F - linha 1022;CONFLITO/REVISAR
198;ADVANCED STERILIZATION PRODUCTS DISTRIBU;2;INBOUND / OUTBOUND NACIONAL;102010411;OUTBOUND - FRACIONADO (LTL);  ;13200000;JUNDIAI;SP;12940000;ATIBAIA;SP;Indiferente     ;Rodoviario  ;72.000;3;0.000;0.000;ATIBAIA_SP_ADVANCED STERILIZATION PRODUCTS DISTRIBU_13200000;2,;48,;MVT;DISTRIBUICAO;CHAVE_EXATA;Planilha2!G/F - linha 1018;CONFLITO/REVISAR
198;ADVANCED STERILIZATION PRODUCTS DISTRIBU;2;INBOUND / OUTBOUND NACIONAL;102010411;OUTBOUND - FRACIONADO (LTL);  ;13200000;JUNDIAI;SP;13000000;CAMPINAS;SP;Indiferente     ;Rodoviario  ;48.000;2;0.000;0.000;CAMPINAS_SP_ADVANCED STERILIZATION PRODUCTS DISTRIBU_13200000;1,;24,;MVT;DISTRIBUICAO;CHAVE_EXATA;Planilha2!G/F - linha 1024;CONFLITO/REVISAR
198;ADVANCED STERILIZATION PRODUCTS DISTRIBU;2;INBOUND / OUTBOUND NACIONAL;102010411;OUTBOUND - FRACIONADO (LTL);  ;13200000;JUNDIAI;SP;13140000;PAULINIA;SP;Indiferente     ;Rodoviario  ;48.000;2;0.000;0.000;PAULINIA_SP_ADVANCED STERILIZATION PRODUCTS DISTRIBU_13200000;1,;24,;MVT;DISTRIBUICAO;CHAVE_EXATA;Planilha2!G/F - linha 1059;OK - DISTRIBUICAO
198;ADVANCED STERILIZATION PRODUCTS DISTRIBU;2;INBOUND / OUTBOUND NACIONAL;102010411;OUTBOUND - FRACIONADO (LTL);  ;13200000;JUNDIAI;SP;13170000;SUMARE;SP;Indiferente     ;Rodoviario  ;48.000;2;0.000;0.000;SUMARE_SP_ADVANCED STERILIZATION PRODUCTS DISTRIBU_13200000;1,;24,;MVT;DISTRIBUICAO;CHAVE_EXATA;Planilha2!G/F - linha 1078;OK - DISTRIBUICAO
198;ADVANCED STERILIZATION PRODUCTS DISTRIBU;2;INBOUND / OUTBOUND NACIONAL;102010411;OUTBOUND - FRACIONADO (LTL);  ;13200000;JUNDIAI;SP;13200000;JUNDIAI;SP;Indiferente     ;Rodoviario  ;24.000;1;0.000;0.000;JUNDIAI_SP_ADVANCED STERILIZATION PRODUCTS DISTRIBU_13200000;1,;24,;MVT;DISTRIBUICAO;CHAVE_EXATA;Planilha2!G/F - linha 1048;CONFLITO/REVISAR
198;ADVANCED STERILIZATION PRODUCTS DISTRIBU;2;INBOUND / OUTBOUND NACIONAL;102010411;OUTBOUND - FRACIONADO (LTL);  ;13200000;JUNDIAI;SP;13300000;ITU;SP;Indiferente     ;Rodoviario  ;48.000;2;0.000;0.000;ITU_SP_ADVANCED STERILIZATION PRODUCTS DISTRIBU_13200000;2,;48,;MVT;DISTRIBUICAO;CHAVE_EXATA;Planilha2!G/F - linha 1042;CONFLITO/REVISAR
198;ADVANCED STERILIZATION PRODUCTS DISTRIBU;2;INBOUND / OUTBOUND NACIONAL;102010411;OUTBOUND - FRACIONADO (LTL);  ;13200000;JUNDIAI;SP;13400000;PIRACICABA;SP;Indiferente     ;Rodoviario  ;72.000;3;0.000;0.000;PIRACICABA_SP_ADVANCED STERILIZATION PRODUCTS DISTRIBU_13200000;2,;48,;MVT;DISTRIBUICAO;CHAVE_EXATA;Planilha2!G/F - linha 1278;CONFLITO/REVISAR
198;ADVANCED STERILIZATION PRODUCTS DISTRIBU;2;INBOUND / OUTBOUND NACIONAL;102010411;OUTBOUND - FRACIONADO (LTL);  ;13200000;JUNDIAI;SP;13465000;AMERICANA;SP;Indiferente     ;Rodoviario  ;72.000;3;0.000;0.000;AMERICANA_SP_ADVANCED STERILIZATION PRODUCTS DISTRIBU_13200000;1,;24,;MVT;DISTRIBUICAO;CHAVE_EXATA;Planilha2!G/F - linha 861;CONFLITO/REVISAR
198;ADVANCED STERILIZATION PRODUCTS DISTRIBU;2;INBOUND / OUTBOUND NACIONAL;102010411;OUTBOUND - FRACIONADO (LTL);  ;13200000;JUNDIAI;SP;13480000;LIMEIRA;SP;Indiferente     ;Rodoviario  ;48.000;2;0.000;0.000;LIMEIRA_SP_ADVANCED STERILIZATION PRODUCTS DISTRIBU_13200000;1,;24,;MVT;DISTRIBUICAO;CHAVE_EXATA;Planilha2!G/F - linha 883;CONFLITO/REVISAR
198;ADVANCED STERILIZATION PRODUCTS DISTRIBU;2;INBOUND / OUTBOUND NACIONAL;102010411;OUTBOUND - FRACIONADO (LTL);  ;13200000;JUNDIAI;SP;13560000;SAO CARLOS;SP;Indiferente     ;Rodoviario  ;72.000;3;0.000;0.000;SAO CARLOS_SP_ADVANCED STERILIZATION PRODUCTS DISTRIBU_13200000;2,;48,;MVT;DISTRIBUICAO;CHAVE_EXATA;Planilha2!G/F - linha 876;CONFLITO/REVISAR
198;ADVANCED STERILIZATION PRODUCTS DISTRIBU;2;INBOUND / OUTBOUND NACIONAL;102010411;OUTBOUND - FRACIONADO (LTL);  ;13200000;JUNDIAI;SP;13600000;ARARAS;SP;Indiferente     ;Rodoviario  ;72.000;3;0.000;0.000;ARARAS_SP_ADVANCED STERILIZATION PRODUCTS DISTRIBU_13200000;2,;48,;MVT;DISTRIBUICAO;CHAVE_EXATA;Planilha2!G/F - linha 878;CONFLITO/REVISAR
198;ADVANCED STERILIZATION PRODUCTS DISTRIBU;2;INBOUND / OUTBOUND NACIONAL;102010411;OUTBOUND - FRACIONADO (LTL);  ;13200000;JUNDIAI;SP;13720000;SAO JOSE DO RIO PARDO;SP;Indiferente     ;Rodoviario  ;120.000;5;0.000;0.000;SAO JOSE DO RIO PARDO_SP_ADVANCED STERILIZATION PRODUCTS DISTRIBU_13200000;2,;48,;MVT;DISTRIBUICAO;CHAVE_EXATA;Planilha2!G/F - linha 1258;CONFLITO/REVISAR
198;ADVANCED STERILIZATION PRODUCTS DISTRIBU;2;INBOUND / OUTBOUND NACIONAL;102010411;OUTBOUND - FRACIONADO (LTL);  ;13200000;JUNDIAI;SP;13840000;MOGI GUACU;SP;Indiferente     ;Rodoviario  ;72.000;3;0.000;0.000;MOGI GUACU_SP_ADVANCED STERILIZATION PRODUCTS DISTRIBU_13200000;2,;48,;MVT;DISTRIBUICAO;CHAVE_EXATA;Planilha2!G/F - linha 1053;CONFLITO/REVISAR
198;ADVANCED STERILIZATION PRODUCTS DISTRIBU;2;INBOUND / OUTBOUND NACIONAL;102010411;OUTBOUND - FRACIONADO (LTL);  ;13200000;JUNDIAI;SP;13870000;SAO JOAO DA BOA VISTA;SP;Indiferente     ;Rodoviario  ;72.000;3;0.000;0.000;SAO JOAO DA BOA VISTA_SP_ADVANCED STERILIZATION PRODUCTS DISTRIBU_13200000;2,;48,;MVT;DISTRIBUICAO;CHAVE_EXATA;Planilha2!G/F - linha 1255;CONFLITO/REVISAR
198;ADVANCED STERILIZATION PRODUCTS DISTRIBU;2;INBOUND / OUTBOUND NACIONAL;102010411;OUTBOUND - FRACIONADO (LTL);  ;13200000;JUNDIAI;SP;14000000;RIBEIRAO PRETO;SP;Indiferente     ;Rodoviario  ;72.000;3;0.000;0.000;RIBEIRAO PRETO_SP_ADVANCED STERILIZATION PRODUCTS DISTRIBU_13200000;2,;48,;MVT;DISTRIBUICAO;CHAVE_EXATA;Planilha2!G/F - linha 1247;CONFLITO/REVISAR
198;ADVANCED STERILIZATION PRODUCTS DISTRIBU;2;INBOUND / OUTBOUND NACIONAL;102010411;OUTBOUND - FRACIONADO (LTL);  ;13200000;JUNDIAI;SP;14160000;SERTAOZINHO;SP;Indiferente     ;Rodoviario  ;72.000;3;0.000;0.000;SERTAOZINHO_SP_ADVANCED STERILIZATION PRODUCTS DISTRIBU_13200000;2,;48,;MVT;DISTRIBUICAO;CHAVE_EXATA;Planilha2!G/F - linha 1263;CONFLITO/REVISAR
198;ADVANCED STERILIZATION PRODUCTS DISTRIBU;2;INBOUND / OUTBOUND NACIONAL;102010411;OUTBOUND - FRACIONADO (LTL);  ;13200000;JUNDIAI;SP;14400000;FRANCA;SP;Indiferente     ;Rodoviario  ;72.000;3;0.000;0.000;FRANCA_SP_ADVANCED STERILIZATION PRODUCTS DISTRIBU_13200000;2,;48,;MVT;DISTRIBUICAO;CHAVE_EXATA;Planilha2!G/F - linha 1088;CONFLITO/REVISAR
198;ADVANCED STERILIZATION PRODUCTS DISTRIBU;2;INBOUND / OUTBOUND NACIONAL;102010411;OUTBOUND - FRACIONADO (LTL);  ;13200000;JUNDIAI;SP;14700000;BEBEDOURO;SP;Indiferente     ;Rodoviario  ;96.000;4;0.000;0.000;BEBEDOURO_SP_ADVANCED STERILIZATION PRODUCTS DISTRIBU_13200000;2,;48,;MVT;DISTRIBUICAO;CHAVE_EXATA;Planilha2!G/F - linha 1205;CONFLITO/REVISAR
198;ADVANCED STERILIZATION PRODUCTS DISTRIBU;2;INBOUND / OUTBOUND NACIONAL;102010411;OUTBOUND - FRACIONADO (LTL);  ;13200000;JUNDIAI;SP;14780000;BARRETOS;SP;Indiferente     ;Rodoviario  ;96.000;4;0.000;0.000;BARRETOS_SP_ADVANCED STERILIZATION PRODUCTS DISTRIBU_13200000;2,;48,;MVT;DISTRIBUICAO;CHAVE_EXATA;Planilha2!G/F - linha 1202;CONFLITO/REVISAR
198;ADVANCED STERILIZATION PRODUCTS DISTRIBU;2;INBOUND / OUTBOUND NACIONAL;102010411;OUTBOUND - FRACIONADO (LTL);  ;13200000;JUNDIAI;SP;14800000;ARARAQUARA;SP;Indiferente     ;Rodoviario  ;72.000;3;0.000;0.000;ARARAQUARA_SP_ADVANCED STERILIZATION PRODUCTS DISTRIBU_13200000;2,;48,;MVT;DISTRIBUICAO;CHAVE_EXATA;Planilha2!G/F - linha 865;CONFLITO/REVISAR
198;ADVANCED STERILIZATION PRODUCTS DISTRIBU;2;INBOUND / OUTBOUND NACIONAL;102010411;OUTBOUND - FRACIONADO (LTL);  ;13200000;JUNDIAI;SP;15000000;SAO JOSE DO RIO PRETO;SP;Indiferente     ;Rodoviario  ;120.000;5;0.000;0.000;SAO JOSE DO RIO PRETO_SP_ADVANCED STERILIZATION PRODUCTS DISTRIBU_13200000;2,;48,;MVT;DISTRIBUICAO;CHAVE_EXATA;Planilha2!G/F - linha 1394;CONFLITO/REVISAR
198;ADVANCED STERILIZATION PRODUCTS DISTRIBU;2;INBOUND / OUTBOUND NACIONAL;102010411;OUTBOUND - FRACIONADO (LTL);  ;13200000;JUNDIAI;SP;15700000;JALES;SP;Indiferente     ;Rodoviario  ;72.000;3;0.000;0.000;JALES_SP_ADVANCED STERILIZATION PRODUCTS DISTRIBU_13200000;3,;72,;MVT;DISTRIBUICAO;CHAVE_EXATA;Planilha2!G/F - linha 1336;CONFLITO/REVISAR
198;ADVANCED STERILIZATION PRODUCTS DISTRIBU;2;INBOUND / OUTBOUND NACIONAL;102010411;OUTBOUND - FRACIONADO (LTL);  ;13200000;JUNDIAI;SP;15705000;VITORIA BRASIL;SP;Indiferente     ;Rodoviario  ;192.000;8;0.000;0.000;VITORIA BRASIL_SP_ADVANCED STERILIZATION PRODUCTS DISTRIBU_13200000;3,;72,;MVT;DISTRIBUICAO;CHAVE_EXATA;Planilha2!G/F - linha 1409;CONFLITO/REVISAR
198;ADVANCED STERILIZATION PRODUCTS DISTRIBU;2;INBOUND / OUTBOUND NACIONAL;102010411;OUTBOUND - FRACIONADO (LTL);  ;13200000;JUNDIAI;SP;15800000;CATANDUVA;SP;Indiferente     ;Rodoviario  ;96.000;4;0.000;0.000;CATANDUVA_SP_ADVANCED STERILIZATION PRODUCTS DISTRIBU_13200000;2,;48,;MVT;DISTRIBUICAO;CHAVE_EXATA;Planilha2!G/F - linha 1310;CONFLITO/REVISAR
198;ADVANCED STERILIZATION PRODUCTS DISTRIBU;2;INBOUND / OUTBOUND NACIONAL;102010411;OUTBOUND - FRACIONADO (LTL);  ;13200000;JUNDIAI;SP;17000000;BAURU;SP;Indiferente     ;Rodoviario  ;72.000;3;0.000;0.000;BAURU_SP_ADVANCED STERILIZATION PRODUCTS DISTRIBU_13200000;2,;48,;MVT;DISTRIBUICAO;CHAVE_EXATA;Planilha2!G/F - linha 940;CONFLITO/REVISAR
198;ADVANCED STERILIZATION PRODUCTS DISTRIBU;2;INBOUND / OUTBOUND NACIONAL;102010411;OUTBOUND - FRACIONADO (LTL);  ;13200000;JUNDIAI;SP;17200000;JAU;SP;Indiferente     ;Rodoviario  ;72.000;3;0.000;0.000;JAU_SP_ADVANCED STERILIZATION PRODUCTS DISTRIBU_13200000;2,;48,;MVT;DISTRIBUICAO;CHAVE_EXATA;Planilha2!G/F - linha 971;CONFLITO/REVISAR
198;ADVANCED STERILIZATION PRODUCTS DISTRIBU;2;INBOUND / OUTBOUND NACIONAL;102010411;OUTBOUND - FRACIONADO (LTL);  ;13200000;JUNDIAI;SP;17400000;GARCA;SP;Indiferente     ;Rodoviario  ;96.000;4;0.000;0.000;GARCA_SP_ADVANCED STERILIZATION PRODUCTS DISTRIBU_13200000;3,;72,;MVT;DISTRIBUICAO;CHAVE_EXATA;Planilha2!G/F - linha 960;CONFLITO/REVISAR
198;ADVANCED STERILIZATION PRODUCTS DISTRIBU;2;INBOUND / OUTBOUND NACIONAL;102010411;OUTBOUND - FRACIONADO (LTL);  ;13200000;JUNDIAI;SP;17600000;TUPA;SP;Indiferente     ;Rodoviario  ;96.000;4;0.000;0.000;TUPA_SP_ADVANCED STERILIZATION PRODUCTS DISTRIBU_13200000;2,;48,;MVT;DISTRIBUICAO;CHAVE_EXATA;Planilha2!G/F - linha 1507;CONFLITO/REVISAR
198;ADVANCED STERILIZATION PRODUCTS DISTRIBU;2;INBOUND / OUTBOUND NACIONAL;102010411;OUTBOUND - FRACIONADO (LTL);  ;13200000;JUNDIAI;SP;18000000;SOROCABA;SP;Indiferente     ;Rodoviario  ;72.000;3;0.000;0.000;SOROCABA_SP_ADVANCED STERILIZATION PRODUCTS DISTRIBU_13200000;1,;24,;MVT;DISTRIBUICAO;CHAVE_EXATA;Planilha2!G/F - linha 1077;CONFLITO/REVISAR
198;ADVANCED STERILIZATION PRODUCTS DISTRIBU;2;INBOUND / OUTBOUND NACIONAL;102010411;OUTBOUND - FRACIONADO (LTL);  ;13200000;JUNDIAI;SP;18130000;SAO ROQUE;SP;Indiferente     ;Rodoviario  ;72.000;3;0.000;0.000;SAO ROQUE_SP_ADVANCED STERILIZATION PRODUCTS DISTRIBU_13200000;2,;48,;MVT;DISTRIBUICAO;CHAVE_EXATA;Planilha2!G/F - linha 1073;CONFLITO/REVISAR
198;ADVANCED STERILIZATION PRODUCTS DISTRIBU;2;INBOUND / OUTBOUND NACIONAL;102010411;OUTBOUND - FRACIONADO (LTL);  ;13200000;JUNDIAI;SP;18190000;ARACOIABA DA SERRA;SP;Indiferente     ;Rodoviario  ;96.000;4;0.000;0.000;ARACOIABA DA SERRA_SP_ADVANCED STERILIZATION PRODUCTS DISTRIBU_13200000;3,;72,;MVT;DISTRIBUICAO;CHAVE_EXATA;Planilha2!G/F - linha 1016;CONFLITO/REVISAR
198;ADVANCED STERILIZATION PRODUCTS DISTRIBU;2;INBOUND / OUTBOUND NACIONAL;102010411;OUTBOUND - FRACIONADO (LTL);  ;13200000;JUNDIAI;SP;18200000;ITAPETININGA;SP;Indiferente     ;Rodoviario  ;48.000;2;0.000;0.000;ITAPETININGA_SP_ADVANCED STERILIZATION PRODUCTS DISTRIBU_13200000;3,;72,;MVT;DISTRIBUICAO;CHAVE_EXATA;Planilha2!G/F - linha 1113;CONFLITO/REVISAR
198;ADVANCED STERILIZATION PRODUCTS DISTRIBU;2;INBOUND / OUTBOUND NACIONAL;102010411;OUTBOUND - FRACIONADO (LTL);  ;13200000;JUNDIAI;SP;18600000;BOTUCATU;SP;Indiferente     ;Rodoviario  ;96.000;4;0.000;0.000;BOTUCATU_SP_ADVANCED STERILIZATION PRODUCTS DISTRIBU_13200000;2,;48,;MVT;DISTRIBUICAO;CHAVE_EXATA;Planilha2!G/F - linha 946;CONFLITO/REVISAR
198;ADVANCED STERILIZATION PRODUCTS DISTRIBU;2;INBOUND / OUTBOUND NACIONAL;102010411;OUTBOUND - FRACIONADO (LTL);  ;13200000;JUNDIAI;SP;19000000;PRESIDENTE PRUDENTE;SP;Indiferente     ;Rodoviario  ;120.000;5;0.000;0.000;PRESIDENTE PRUDENTE_SP_ADVANCED STERILIZATION PRODUCTS DISTRIBU_13200000;2,;48,;MVT;DISTRIBUICAO;CHAVE_EXATA;Planilha2!G/F - linha 1184;CONFLITO/REVISAR
198;ADVANCED STERILIZATION PRODUCTS DISTRIBU;2;INBOUND / OUTBOUND NACIONAL;102010411;OUTBOUND - FRACIONADO (LTL);  ;13200000;JUNDIAI;SP;19900000;OURINHOS;SP;Indiferente     ;Rodoviario  ;96.000;4;0.000;0.000;OURINHOS_SP_ADVANCED STERILIZATION PRODUCTS DISTRIBU_13200000;3,;72,;MVT;DISTRIBUICAO;CHAVE_EXATA;Planilha2!G/F - linha 981;OK - DISTRIBUICAO
198;ADVANCED STERILIZATION PRODUCTS DISTRIBU;2;INBOUND / OUTBOUND NACIONAL;102010411;OUTBOUND - FRACIONADO (LTL);  ;13200000;JUNDIAI;SP;20000000;RIO DE JANEIRO;RJ;Indiferente     ;Rodoviario  ;72.000;3;0.000;0.000;RIO DE JANEIRO_RJ_ADVANCED STERILIZATION PRODUCTS DISTRIBU_13200000;3,;72,;CAMILO DOS SANTOS;DISTRIBUICAO;CHAVE_EXATA;Planilha2!G/F - linha 7558;OK - DISTRIBUICAO
198;ADVANCED STERILIZATION PRODUCTS DISTRIBU;2;INBOUND / OUTBOUND NACIONAL;102010411;OUTBOUND - FRACIONADO (LTL);  ;13200000;JUNDIAI;SP;24000000;NITEROI;RJ;Indiferente     ;Rodoviario  ;72.000;3;0.000;0.000;NITEROI_RJ_ADVANCED STERILIZATION PRODUCTS DISTRIBU_13200000;3,;72,;CAMILO DOS SANTOS;DISTRIBUICAO;CHAVE_EXATA;Planilha2!G/F - linha 7556;OK - DISTRIBUICAO
198;ADVANCED STERILIZATION PRODUCTS DISTRIBU;2;INBOUND / OUTBOUND NACIONAL;102010411;OUTBOUND - FRACIONADO (LTL);  ;13200000;JUNDIAI;SP;24400000;SAO GONCALO;RJ;Indiferente     ;Rodoviario  ;144.000;6;0.000;0.000;SAO GONCALO_RJ_ADVANCED STERILIZATION PRODUCTS DISTRIBU_13200000;6,;144,;CAMILO DOS SANTOS;DISTRIBUICAO;CHAVE_EXATA;Planilha2!G/F - linha 7559;OK - DISTRIBUICAO
198;ADVANCED STERILIZATION PRODUCTS DISTRIBU;2;INBOUND / OUTBOUND NACIONAL;102010411;OUTBOUND - FRACIONADO (LTL);  ;13200000;JUNDIAI;SP;25000000;DUQUE DE CAXIAS;RJ;Indiferente     ;Rodoviario  ;144.000;6;0.000;0.000;DUQUE DE CAXIAS_RJ_ADVANCED STERILIZATION PRODUCTS DISTRIBU_13200000;6,;144,;CAMILO DOS SANTOS;DISTRIBUICAO;CHAVE_EXATA;Planilha2!G/F - linha 7554;OK - DISTRIBUICAO
198;ADVANCED STERILIZATION PRODUCTS DISTRIBU;2;INBOUND / OUTBOUND NACIONAL;102010411;OUTBOUND - FRACIONADO (LTL);  ;13200000;JUNDIAI;SP;27500000;RESENDE;RJ;Indiferente     ;Rodoviario  ;144.000;6;0.000;0.000;RESENDE_RJ_ADVANCED STERILIZATION PRODUCTS DISTRIBU_13200000;6,;144,;CAMILO DOS SANTOS;DISTRIBUICAO;CHAVE_EXATA;Planilha2!G/F - linha 7557;OK - DISTRIBUICAO
198;ADVANCED STERILIZATION PRODUCTS DISTRIBU;2;INBOUND / OUTBOUND NACIONAL;102010411;OUTBOUND - FRACIONADO (LTL);  ;13200000;JUNDIAI;SP;27900000;MACAE;RJ;Indiferente     ;Rodoviario  ;144.000;6;0.000;0.000;MACAE_RJ_ADVANCED STERILIZATION PRODUCTS DISTRIBU_13200000;6,;144,;CAMILO DOS SANTOS;DISTRIBUICAO;CHAVE_EXATA;Planilha2!G/F - linha 7555;OK - DISTRIBUICAO
198;ADVANCED STERILIZATION PRODUCTS DISTRIBU;2;INBOUND / OUTBOUND NACIONAL;102010411;OUTBOUND - FRACIONADO (LTL);  ;13200000;JUNDIAI;SP;29000000;VITORIA;ES;Indiferente     ;Rodoviario  ;96.000;4;0.000;0.000;VITORIA_ES_ADVANCED STERILIZATION PRODUCTS DISTRIBU_13200000;4,;96,;CAMILO DOS SANTOS;DISTRIBUICAO;CHAVE_EXATA;Planilha2!G/F - linha 7540;OK - DISTRIBUICAO
198;ADVANCED STERILIZATION PRODUCTS DISTRIBU;2;INBOUND / OUTBOUND NACIONAL;102010411;OUTBOUND - FRACIONADO (LTL);  ;13200000;JUNDIAI;SP;29100000;VILA VELHA;ES;Indiferente     ;Rodoviario  ;168.000;7;0.000;0.000;VILA VELHA_ES_ADVANCED STERILIZATION PRODUCTS DISTRIBU_13200000;7,;168,;CAMILO DOS SANTOS;DISTRIBUICAO;CHAVE_EXATA;Planilha2!G/F - linha 7539;OK - DISTRIBUICAO
198;ADVANCED STERILIZATION PRODUCTS DISTRIBU;2;INBOUND / OUTBOUND NACIONAL;102010411;OUTBOUND - FRACIONADO (LTL);  ;13200000;JUNDIAI;SP;29140000;CARIACICA;ES;Indiferente     ;Rodoviario  ;96.000;4;0.000;0.000;CARIACICA_ES_ADVANCED STERILIZATION PRODUCTS DISTRIBU_13200000;4,;96,;CAMILO DOS SANTOS;DISTRIBUICAO;CHAVE_EXATA;Planilha2!G/F - linha 7537;OK - DISTRIBUICAO
198;ADVANCED STERILIZATION PRODUCTS DISTRIBU;2;INBOUND / OUTBOUND NACIONAL;102010411;OUTBOUND - FRACIONADO (LTL);  ;13200000;JUNDIAI;SP;29160000;SERRA;ES;Indiferente     ;Rodoviario  ;96.000;4;0.000;0.000;SERRA_ES_ADVANCED STERILIZATION PRODUCTS DISTRIBU_13200000;4,;96,;CAMILO DOS SANTOS;DISTRIBUICAO;CHAVE_EXATA;Planilha2!G/F - linha 7538;OK - DISTRIBUICAO
198;ADVANCED STERILIZATION PRODUCTS DISTRIBU;2;INBOUND / OUTBOUND NACIONAL;102010411;OUTBOUND - FRACIONADO (LTL);  ;13200000;JUNDIAI;SP;29300000;CACHOEIRO DE ITAPEMIRIM;ES;Indiferente     ;Rodoviario  ;168.000;7;0.000;0.000;CACHOEIRO DE ITAPEMIRIM_ES_ADVANCED STERILIZATION PRODUCTS DISTRIBU_13200000;7,;168,;CAMILO DOS SANTOS;DISTRIBUICAO;CHAVE_EXATA;Planilha2!G/F - linha 7536;OK - DISTRIBUICAO
198;ADVANCED STERILIZATION PRODUCTS DISTRIBU;2;INBOUND / OUTBOUND NACIONAL;102010411;OUTBOUND - FRACIONADO (LTL);  ;13200000;JUNDIAI;SP;29700000;COLATINA;ES;Indiferente     ;Rodoviario  ;168.000;7;0.000;0.000;COLATINA_ES_ADVANCED STERILIZATION PRODUCTS DISTRIBU_13200000;6,;144,;CAMILO DOS SANTOS;REVERSA;FALLBACK_CIDADE_X2;Planilha2!E/F - linha 7498;CONFLITO/REVISAR
198;ADVANCED STERILIZATION PRODUCTS DISTRIBU;2;INBOUND / OUTBOUND NACIONAL;102010411;OUTBOUND - FRACIONADO (LTL);  ;13200000;JUNDIAI;SP;30000000;BELO HORIZONTE;MG;Indiferente     ;Rodoviario  ;72.000;3;0.000;0.000;BELO HORIZONTE_MG_ADVANCED STERILIZATION PRODUCTS DISTRIBU_13200000;3,;72,;CAMILO DOS SANTOS;DISTRIBUICAO;CHAVE_EXATA;Planilha2!G/F - linha 7542;OK - DISTRIBUICAO
198;ADVANCED STERILIZATION PRODUCTS DISTRIBU;2;INBOUND / OUTBOUND NACIONAL;102010411;OUTBOUND - FRACIONADO (LTL);  ;13200000;JUNDIAI;SP;32000000;CONTAGEM;MG;Indiferente     ;Rodoviario  ;72.000;3;0.000;0.000;CONTAGEM_MG_ADVANCED STERILIZATION PRODUCTS DISTRIBU_13200000;6,;144,;CAMILO DOS SANTOS;REVERSA;FALLBACK_CIDADE_X2;Planilha2!E/F - linha 7466;CONFLITO/REVISAR
198;ADVANCED STERILIZATION PRODUCTS DISTRIBU;2;INBOUND / OUTBOUND NACIONAL;102010411;OUTBOUND - FRACIONADO (LTL);  ;13200000;JUNDIAI;SP;32500000;BETIM;MG;Indiferente     ;Rodoviario  ;72.000;3;0.000;0.000;BETIM_MG_ADVANCED STERILIZATION PRODUCTS DISTRIBU_13200000;3,;72,;CAMILO DOS SANTOS;DISTRIBUICAO;CHAVE_EXATA;Planilha2!G/F - linha 7543;OK - DISTRIBUICAO
198;ADVANCED STERILIZATION PRODUCTS DISTRIBU;2;INBOUND / OUTBOUND NACIONAL;102010411;OUTBOUND - FRACIONADO (LTL);  ;13200000;JUNDIAI;SP;34000000;NOVA LIMA;MG;Indiferente     ;Rodoviario  ;168.000;7;0.000;0.000;NOVA LIMA_MG_ADVANCED STERILIZATION PRODUCTS DISTRIBU_13200000;7,;168,;CAMILO DOS SANTOS;DISTRIBUICAO;CHAVE_EXATA;Planilha2!G/F - linha 7547;OK - DISTRIBUICAO
198;ADVANCED STERILIZATION PRODUCTS DISTRIBU;2;INBOUND / OUTBOUND NACIONAL;102010411;OUTBOUND - FRACIONADO (LTL);  ;13200000;JUNDIAI;SP;35000000;GOVERNADOR VALADARES;MG;Indiferente     ;Rodoviario  ;168.000;7;0.000;0.000;GOVERNADOR VALADARES_MG_ADVANCED STERILIZATION PRODUCTS DISTRIBU_13200000;7,;168,;CAMILO DOS SANTOS;DISTRIBUICAO;CHAVE_EXATA;Planilha2!G/F - linha 7545;OK - DISTRIBUICAO
198;ADVANCED STERILIZATION PRODUCTS DISTRIBU;2;INBOUND / OUTBOUND NACIONAL;102010411;OUTBOUND - FRACIONADO (LTL);  ;13200000;JUNDIAI;SP;35160000;IPATINGA;MG;Indiferente     ;Rodoviario  ;168.000;7;0.000;0.000;IPATINGA_MG_ADVANCED STERILIZATION PRODUCTS DISTRIBU_13200000;7,;168,;CAMILO DOS SANTOS;DISTRIBUICAO;CHAVE_EXATA;Planilha2!G/F - linha 7546;OK - DISTRIBUICAO
198;ADVANCED STERILIZATION PRODUCTS DISTRIBU;2;INBOUND / OUTBOUND NACIONAL;102010411;OUTBOUND - FRACIONADO (LTL);  ;13200000;JUNDIAI;SP;35500000;DIVINOPOLIS;MG;Indiferente     ;Rodoviario  ;168.000;7;0.000;0.000;DIVINOPOLIS_MG_ADVANCED STERILIZATION PRODUCTS DISTRIBU_13200000;7,;168,;CAMILO DOS SANTOS;DISTRIBUICAO;CHAVE_EXATA;Planilha2!G/F - linha 7544;OK - DISTRIBUICAO
198;ADVANCED STERILIZATION PRODUCTS DISTRIBU;2;INBOUND / OUTBOUND NACIONAL;102010411;OUTBOUND - FRACIONADO (LTL);  ;13200000;JUNDIAI;SP;35519000;NOVA SERRANA;MG;Indiferente     ;Rodoviario  ;168.000;7;0.000;0.000;NOVA SERRANA_MG_ADVANCED STERILIZATION PRODUCTS DISTRIBU_13200000;7,;168,;CAMILO DOS SANTOS;DISTRIBUICAO;CHAVE_EXATA;Planilha2!G/F - linha 7548;OK - DISTRIBUICAO
198;ADVANCED STERILIZATION PRODUCTS DISTRIBU;2;INBOUND / OUTBOUND NACIONAL;102010411;OUTBOUND - FRACIONADO (LTL);  ;13200000;JUNDIAI;SP;35900000;ITABIRA;MG;Indiferente     ;Rodoviario  ;168.000;7;0.000;0.000;ITABIRA_MG_ADVANCED STERILIZATION PRODUCTS DISTRIBU_13200000;;0,;TSP Sem Cadastro;;;;SEM_CADASTRO - TT E TSP
198;ADVANCED STERILIZATION PRODUCTS DISTRIBU;2;INBOUND / OUTBOUND NACIONAL;102010411;OUTBOUND - FRACIONADO (LTL);  ;13200000;JUNDIAI;SP;36880000;MURIAE;MG;Indiferente     ;Rodoviario  ;96.000;4;0.000;0.000;MURIAE_MG_ADVANCED STERILIZATION PRODUCTS DISTRIBU_13200000;;0,;TSP Sem Cadastro;;;;SEM_CADASTRO - TT E TSP
198;ADVANCED STERILIZATION PRODUCTS DISTRIBU;2;INBOUND / OUTBOUND NACIONAL;102010411;OUTBOUND - FRACIONADO (LTL);  ;13200000;JUNDIAI;SP;37000000;VARGINHA;MG;Indiferente     ;Rodoviario  ;168.000;7;0.000;0.000;VARGINHA_MG_ADVANCED STERILIZATION PRODUCTS DISTRIBU_13200000;;0,;TSP Sem Cadastro;;;;SEM_CADASTRO - TT E TSP
198;ADVANCED STERILIZATION PRODUCTS DISTRIBU;2;INBOUND / OUTBOUND NACIONAL;102010411;OUTBOUND - FRACIONADO (LTL);  ;13200000;JUNDIAI;SP;37130000;ALFENAS;MG;Indiferente     ;Rodoviario  ;168.000;7;0.000;0.000;ALFENAS_MG_ADVANCED STERILIZATION PRODUCTS DISTRIBU_13200000;7,;168,;CAMILO DOS SANTOS;DISTRIBUICAO;CHAVE_EXATA;Planilha2!G/F - linha 7541;OK - DISTRIBUICAO
198;ADVANCED STERILIZATION PRODUCTS DISTRIBU;2;INBOUND / OUTBOUND NACIONAL;102010411;OUTBOUND - FRACIONADO (LTL);  ;13200000;JUNDIAI;SP;37550000;POUSO ALEGRE;MG;Indiferente     ;Rodoviario  ;168.000;7;0.000;0.000;POUSO ALEGRE_MG_ADVANCED STERILIZATION PRODUCTS DISTRIBU_13200000;7,;168,;CAMILO DOS SANTOS;DISTRIBUICAO;CHAVE_EXATA;Planilha2!G/F - linha 7551;OK - DISTRIBUICAO
198;ADVANCED STERILIZATION PRODUCTS DISTRIBU;2;INBOUND / OUTBOUND NACIONAL;102010411;OUTBOUND - FRACIONADO (LTL);  ;13200000;JUNDIAI;SP;37700000;POCOS DE CALDAS;MG;Indiferente     ;Rodoviario  ;168.000;7;0.000;0.000;POCOS DE CALDAS_MG_ADVANCED STERILIZATION PRODUCTS DISTRIBU_13200000;7,;168,;CAMILO DOS SANTOS;DISTRIBUICAO;CHAVE_EXATA;Planilha2!G/F - linha 7550;OK - DISTRIBUICAO
198;ADVANCED STERILIZATION PRODUCTS DISTRIBU;2;INBOUND / OUTBOUND NACIONAL;102010411;OUTBOUND - FRACIONADO (LTL);  ;13200000;JUNDIAI;SP;37900000;PASSOS;MG;Indiferente     ;Rodoviario  ;168.000;7;0.000;0.000;PASSOS_MG_ADVANCED STERILIZATION PRODUCTS DISTRIBU_13200000;7,;168,;CAMILO DOS SANTOS;DISTRIBUICAO;CHAVE_EXATA;Planilha2!G/F - linha 7549;OK - DISTRIBUICAO
198;ADVANCED STERILIZATION PRODUCTS DISTRIBU;2;INBOUND / OUTBOUND NACIONAL;102010411;OUTBOUND - FRACIONADO (LTL);  ;13200000;JUNDIAI;SP;38000000;UBERABA;MG;Indiferente     ;Rodoviario  ;168.000;7;0.000;0.000;UBERABA_MG_ADVANCED STERILIZATION PRODUCTS DISTRIBU_13200000;7,;168,;CAMILO DOS SANTOS;DISTRIBUICAO;CHAVE_EXATA;Planilha2!G/F - linha 7552;OK - DISTRIBUICAO
198;ADVANCED STERILIZATION PRODUCTS DISTRIBU;2;INBOUND / OUTBOUND NACIONAL;102010411;OUTBOUND - FRACIONADO (LTL);  ;13200000;JUNDIAI;SP;38400000;UBERLANDIA;MG;Indiferente     ;Rodoviario  ;168.000;7;0.000;0.000;UBERLANDIA_MG_ADVANCED STERILIZATION PRODUCTS DISTRIBU_13200000;7,;168,;CAMILO DOS SANTOS;DISTRIBUICAO;CHAVE_EXATA;Planilha2!G/F - linha 7553;OK - DISTRIBUICAO
198;ADVANCED STERILIZATION PRODUCTS DISTRIBU;2;INBOUND / OUTBOUND NACIONAL;102010411;OUTBOUND - FRACIONADO (LTL);  ;13200000;JUNDIAI;SP;40000000;SALVADOR;BA;Indiferente     ;Rodoviario  ;192.000;8;0.000;0.000;SALVADOR_BA_ADVANCED STERILIZATION PRODUCTS DISTRIBU_13200000;8,;192,;TECMAR;DISTRIBUICAO;CHAVE_EXATA;Planilha2!G/F - linha 6169;OK - DISTRIBUICAO
198;ADVANCED STERILIZATION PRODUCTS DISTRIBU;2;INBOUND / OUTBOUND NACIONAL;102010411;OUTBOUND - FRACIONADO (LTL);  ;13200000;JUNDIAI;SP;42700000;LAURO DE FREITAS;BA;Indiferente     ;Rodoviario  ;192.000;8;0.000;0.000;LAURO DE FREITAS_BA_ADVANCED STERILIZATION PRODUCTS DISTRIBU_13200000;8,;192,;TECMAR;DISTRIBUICAO;CHAVE_EXATA;Planilha2!G/F - linha 6167;OK - DISTRIBUICAO
198;ADVANCED STERILIZATION PRODUCTS DISTRIBU;2;INBOUND / OUTBOUND NACIONAL;102010411;OUTBOUND - FRACIONADO (LTL);  ;13200000;JUNDIAI;SP;44000000;FEIRA DE SANTANA;BA;Indiferente     ;Rodoviario  ;240.000;10;0.000;0.000;FEIRA DE SANTANA_BA_ADVANCED STERILIZATION PRODUCTS DISTRIBU_13200000;10,;240,;TECMAR;DISTRIBUICAO;CHAVE_EXATA;Planilha2!G/F - linha 6166;OK - DISTRIBUICAO
198;ADVANCED STERILIZATION PRODUCTS DISTRIBU;2;INBOUND / OUTBOUND NACIONAL;102010411;OUTBOUND - FRACIONADO (LTL);  ;13200000;JUNDIAI;SP;48600000;PAULO AFONSO;BA;Indiferente     ;Rodoviario  ;192.000;8;0.000;0.000;PAULO AFONSO_BA_ADVANCED STERILIZATION PRODUCTS DISTRIBU_13200000;8,;192,;TECMAR;DISTRIBUICAO;CHAVE_EXATA;Planilha2!G/F - linha 6168;OK - DISTRIBUICAO
198;ADVANCED STERILIZATION PRODUCTS DISTRIBU;2;INBOUND / OUTBOUND NACIONAL;102010411;OUTBOUND - FRACIONADO (LTL);  ;13200000;JUNDIAI;SP;49000000;ARACAJU;SE;Indiferente     ;Rodoviario  ;216.000;9;0.000;0.000;ARACAJU_SE_ADVANCED STERILIZATION PRODUCTS DISTRIBU_13200000;9,;216,;TECMAR;DISTRIBUICAO;CHAVE_EXATA;Planilha2!G/F - linha 6181;OK - DISTRIBUICAO
198;ADVANCED STERILIZATION PRODUCTS DISTRIBU;2;INBOUND / OUTBOUND NACIONAL;102010411;OUTBOUND - FRACIONADO (LTL);  ;13200000;JUNDIAI;SP;50000000;RECIFE;PE;Indiferente     ;Rodoviario  ;192.000;8;0.000;0.000;RECIFE_PE_ADVANCED STERILIZATION PRODUCTS DISTRIBU_13200000;8,;192,;TECMAR;DISTRIBUICAO;CHAVE_EXATA;Planilha2!G/F - linha 6178;OK - DISTRIBUICAO
198;ADVANCED STERILIZATION PRODUCTS DISTRIBU;2;INBOUND / OUTBOUND NACIONAL;102010411;OUTBOUND - FRACIONADO (LTL);  ;13200000;JUNDIAI;SP;53000000;OLINDA;PE;Indiferente     ;Rodoviario  ;240.000;10;0.000;0.000;OLINDA_PE_ADVANCED STERILIZATION PRODUCTS DISTRIBU_13200000;10,;240,;TECMAR;DISTRIBUICAO;CHAVE_EXATA;Planilha2!G/F - linha 6176;OK - DISTRIBUICAO
198;ADVANCED STERILIZATION PRODUCTS DISTRIBU;2;INBOUND / OUTBOUND NACIONAL;102010411;OUTBOUND - FRACIONADO (LTL);  ;13200000;JUNDIAI;SP;54000000;JABOATAO DOS GUARARAPES;PE;Indiferente     ;Rodoviario  ;192.000;8;0.000;0.000;JABOATAO DOS GUARARAPES_PE_ADVANCED STERILIZATION PRODUCTS DISTRIBU_13200000;8,;192,;TECMAR;DISTRIBUICAO;CHAVE_EXATA;Planilha2!G/F - linha 6175;OK - DISTRIBUICAO
198;ADVANCED STERILIZATION PRODUCTS DISTRIBU;2;INBOUND / OUTBOUND NACIONAL;102010411;OUTBOUND - FRACIONADO (LTL);  ;13200000;JUNDIAI;SP;54500000;CABO DE SANTO AGOSTINHO;PE;Indiferente     ;Rodoviario  ;192.000;8;0.000;0.000;CABO DE SANTO AGOSTINHO_PE_ADVANCED STERILIZATION PRODUCTS DISTRIBU_13200000;12,;288,;TERMACO;REVERSA;FALLBACK_CIDADE_X2;Planilha2!E/F - linha 7327;OK - REVERSA IDENTIFICADA POR FALLBACK X2
198;ADVANCED STERILIZATION PRODUCTS DISTRIBU;2;INBOUND / OUTBOUND NACIONAL;102010411;OUTBOUND - FRACIONADO (LTL);  ;13200000;JUNDIAI;SP;55000000;CARUARU;PE;Indiferente     ;Rodoviario  ;240.000;10;0.000;0.000;CARUARU_PE_ADVANCED STERILIZATION PRODUCTS DISTRIBU_13200000;10,;240,;TECMAR;DISTRIBUICAO;CHAVE_EXATA;Planilha2!G/F - linha 6174;OK - DISTRIBUICAO
198;ADVANCED STERILIZATION PRODUCTS DISTRIBU;2;INBOUND / OUTBOUND NACIONAL;102010411;OUTBOUND - FRACIONADO (LTL);  ;13200000;JUNDIAI;SP;56300000;PETROLINA;PE;Indiferente     ;Rodoviario  ;240.000;10;0.000;0.000;PETROLINA_PE_ADVANCED STERILIZATION PRODUCTS DISTRIBU_13200000;10,;240,;TECMAR;DISTRIBUICAO;CHAVE_EXATA;Planilha2!G/F - linha 6177;OK - DISTRIBUICAO
198;ADVANCED STERILIZATION PRODUCTS DISTRIBU;2;INBOUND / OUTBOUND NACIONAL;102010411;OUTBOUND - FRACIONADO (LTL);  ;13200000;JUNDIAI;SP;57000000;MACEIO;AL;Indiferente     ;Rodoviario  ;240.000;10;0.000;0.000;MACEIO_AL_ADVANCED STERILIZATION PRODUCTS DISTRIBU_13200000;10,;240,;TECMAR;DISTRIBUICAO;CHAVE_EXATA;Planilha2!G/F - linha 6165;OK - DISTRIBUICAO
198;ADVANCED STERILIZATION PRODUCTS DISTRIBU;2;INBOUND / OUTBOUND NACIONAL;102010411;OUTBOUND - FRACIONADO (LTL);  ;13200000;JUNDIAI;SP;58000000;JOAO PESSOA;PB;Indiferente     ;Rodoviario  ;240.000;10;0.000;0.000;JOAO PESSOA_PB_ADVANCED STERILIZATION PRODUCTS DISTRIBU_13200000;10,;240,;TECMAR;DISTRIBUICAO;CHAVE_EXATA;Planilha2!G/F - linha 6173;OK - DISTRIBUICAO
198;ADVANCED STERILIZATION PRODUCTS DISTRIBU;2;INBOUND / OUTBOUND NACIONAL;102010411;OUTBOUND - FRACIONADO (LTL);  ;13200000;JUNDIAI;SP;59000000;NATAL;RN;Indiferente     ;Rodoviario  ;216.000;9;0.000;0.000;NATAL_RN_ADVANCED STERILIZATION PRODUCTS DISTRIBU_13200000;9,;216,;TECMAR;DISTRIBUICAO;CHAVE_EXATA;Planilha2!G/F - linha 6180;OK - DISTRIBUICAO
198;ADVANCED STERILIZATION PRODUCTS DISTRIBU;2;INBOUND / OUTBOUND NACIONAL;102010411;OUTBOUND - FRACIONADO (LTL);  ;13200000;JUNDIAI;SP;59600000;MOSSORO;RN;Indiferente     ;Rodoviario  ;336.000;14;0.000;0.000;MOSSORO_RN_ADVANCED STERILIZATION PRODUCTS DISTRIBU_13200000;20,;480,;TERMACO;REVERSA;FALLBACK_CIDADE_X2;Planilha2!E/F - linha 7312;OK - REVERSA IDENTIFICADA POR FALLBACK X2
198;ADVANCED STERILIZATION PRODUCTS DISTRIBU;2;INBOUND / OUTBOUND NACIONAL;102010411;OUTBOUND - FRACIONADO (LTL);  ;13200000;JUNDIAI;SP;60000000;FORTALEZA;CE;Indiferente     ;Rodoviario  ;240.000;10;0.000;0.000;FORTALEZA_CE_ADVANCED STERILIZATION PRODUCTS DISTRIBU_13200000;10,;240,;TECMAR;DISTRIBUICAO;CHAVE_EXATA;Planilha2!G/F - linha 6171;OK - DISTRIBUICAO
198;ADVANCED STERILIZATION PRODUCTS DISTRIBU;2;INBOUND / OUTBOUND NACIONAL;102010411;OUTBOUND - FRACIONADO (LTL);  ;13200000;JUNDIAI;SP;61760000;EUSEBIO;CE;Indiferente     ;Rodoviario  ;240.000;10;0.000;0.000;EUSEBIO_CE_ADVANCED STERILIZATION PRODUCTS DISTRIBU_13200000;10,;240,;TECMAR;DISTRIBUICAO;CHAVE_EXATA;Planilha2!G/F - linha 6170;OK - DISTRIBUICAO
198;ADVANCED STERILIZATION PRODUCTS DISTRIBU;2;INBOUND / OUTBOUND NACIONAL;102010411;OUTBOUND - FRACIONADO (LTL);  ;13200000;JUNDIAI;SP;6400000;BARUERI;SP;Indiferente     ;Rodoviario  ;24.000;1;0.000;0.000;BARUERI_SP_ADVANCED STERILIZATION PRODUCTS DISTRIBU_13200000;3,;72,;MVT;DISTRIBUICAO;CHAVE_EXATA;Planilha2!G/F - linha 1412;CONFLITO/REVISAR
198;ADVANCED STERILIZATION PRODUCTS DISTRIBU;2;INBOUND / OUTBOUND NACIONAL;102010411;OUTBOUND - FRACIONADO (LTL);  ;13200000;JUNDIAI;SP;64000000;TERESINA;PI;Indiferente     ;Rodoviario  ;264.000;11;0.000;0.000;TERESINA_PI_ADVANCED STERILIZATION PRODUCTS DISTRIBU_13200000;11,;264,;TECMAR;DISTRIBUICAO;CHAVE_EXATA;Planilha2!G/F - linha 6179;OK - DISTRIBUICAO
198;ADVANCED STERILIZATION PRODUCTS DISTRIBU;2;INBOUND / OUTBOUND NACIONAL;102010411;OUTBOUND - FRACIONADO (LTL);  ;13200000;JUNDIAI;SP;65000000;SAO LUIS;MA;Indiferente     ;Rodoviario  ;240.000;10;0.000;0.000;SAO LUIS_MA_ADVANCED STERILIZATION PRODUCTS DISTRIBU_13200000;10,;240,;TECMAR;DISTRIBUICAO;CHAVE_EXATA;Planilha2!G/F - linha 6172;OK - DISTRIBUICAO
198;ADVANCED STERILIZATION PRODUCTS DISTRIBU;2;INBOUND / OUTBOUND NACIONAL;102010411;OUTBOUND - FRACIONADO (LTL);  ;13200000;JUNDIAI;SP;66000000;BELEM;PA;Indiferente     ;Rodoviario  ;240.000;10;0.000;0.000;BELEM_PA_ADVANCED STERILIZATION PRODUCTS DISTRIBU_13200000;18,;432,;CARVALIMA;REVERSA;FALLBACK_CIDADE_X2;Planilha2!E/F - linha 7373;CONFLITO/REVISAR
198;ADVANCED STERILIZATION PRODUCTS DISTRIBU;2;INBOUND / OUTBOUND NACIONAL;102010411;OUTBOUND - FRACIONADO (LTL);  ;13200000;JUNDIAI;SP;67000000;ANANINDEUA;PA;Indiferente     ;Rodoviario  ;240.000;10;0.000;0.000;ANANINDEUA_PA_ADVANCED STERILIZATION PRODUCTS DISTRIBU_13200000;18,;432,;CARVALIMA;REVERSA;FALLBACK_CIDADE_X2;Planilha2!E/F - linha 7372;CONFLITO/REVISAR
198;ADVANCED STERILIZATION PRODUCTS DISTRIBU;2;INBOUND / OUTBOUND NACIONAL;102010411;OUTBOUND - FRACIONADO (LTL);  ;13200000;JUNDIAI;SP;68370000;ALTAMIRA;PA;Indiferente     ;Rodoviario  ;384.000;16;0.000;0.000;ALTAMIRA_PA_ADVANCED STERILIZATION PRODUCTS DISTRIBU_13200000;20,;480,;CARVALIMA;REVERSA;FALLBACK_CIDADE_X2;Planilha2!E/F - linha 7384;OK - REVERSA IDENTIFICADA POR FALLBACK X2
198;ADVANCED STERILIZATION PRODUCTS DISTRIBU;2;INBOUND / OUTBOUND NACIONAL;102010411;OUTBOUND - FRACIONADO (LTL);  ;13200000;JUNDIAI;SP;68455000;TUCURUI;PA;Indiferente     ;Rodoviario  ;336.000;14;0.000;0.000;TUCURUI_PA_ADVANCED STERILIZATION PRODUCTS DISTRIBU_13200000;20,;480,;CARVALIMA;REVERSA;FALLBACK_CIDADE_X2;Planilha2!E/F - linha 7381;OK - REVERSA IDENTIFICADA POR FALLBACK X2
198;ADVANCED STERILIZATION PRODUCTS DISTRIBU;2;INBOUND / OUTBOUND NACIONAL;102010411;OUTBOUND - FRACIONADO (LTL);  ;13200000;JUNDIAI;SP;68500000;MARABA;PA;Indiferente     ;Rodoviario  ;288.000;12;0.000;0.000;MARABA_PA_ADVANCED STERILIZATION PRODUCTS DISTRIBU_13200000;18,;432,;CARVALIMA;REVERSA;FALLBACK_CIDADE_X2;Planilha2!E/F - linha 7375;CONFLITO/REVISAR
198;ADVANCED STERILIZATION PRODUCTS DISTRIBU;2;INBOUND / OUTBOUND NACIONAL;102010411;OUTBOUND - FRACIONADO (LTL);  ;13200000;JUNDIAI;SP;68550000;REDENCAO;PA;Indiferente     ;Rodoviario  ;288.000;12;0.000;0.000;REDENCAO_PA_ADVANCED STERILIZATION PRODUCTS DISTRIBU_13200000;20,;480,;CARVALIMA;REVERSA;FALLBACK_CIDADE_X2;Planilha2!E/F - linha 7385;CONFLITO/REVISAR
198;ADVANCED STERILIZATION PRODUCTS DISTRIBU;2;INBOUND / OUTBOUND NACIONAL;102010411;OUTBOUND - FRACIONADO (LTL);  ;13200000;JUNDIAI;SP;68900000;MACAPA;AP;Indiferente     ;Rodoviario  ;384.000;16;0.000;0.000;MACAPA_AP_ADVANCED STERILIZATION PRODUCTS DISTRIBU_13200000;;0,;TSP Sem Cadastro;;;;SEM_CADASTRO - TT E TSP
198;ADVANCED STERILIZATION PRODUCTS DISTRIBU;2;INBOUND / OUTBOUND NACIONAL;102010411;OUTBOUND - FRACIONADO (LTL);  ;13200000;JUNDIAI;SP;69000000;MANAUS;AM;Indiferente     ;Rodoviario  ;408.000;17;0.000;0.000;MANAUS_AM_ADVANCED STERILIZATION PRODUCTS DISTRIBU_13200000;;0,;TSP Sem Cadastro;;;;SEM_CADASTRO - TT E TSP
198;ADVANCED STERILIZATION PRODUCTS DISTRIBU;2;INBOUND / OUTBOUND NACIONAL;102010411;OUTBOUND - FRACIONADO (LTL);  ;13200000;JUNDIAI;SP;70000000;BRASILIA;DF;Indiferente     ;Rodoviario  ;96.000;4;0.000;0.000;BRASILIA_DF_ADVANCED STERILIZATION PRODUCTS DISTRIBU_13200000;2,;48,;RIO VERMELHO;DISTRIBUICAO;CHAVE_EXATA;Planilha2!G/F - linha 763;OK - DISTRIBUICAO
198;ADVANCED STERILIZATION PRODUCTS DISTRIBU;2;INBOUND / OUTBOUND NACIONAL;102010411;OUTBOUND - FRACIONADO (LTL);  ;13200000;JUNDIAI;SP;74000000;GOIANIA;GO;Indiferente     ;Rodoviario  ;96.000;4;0.000;0.000;GOIANIA_GO_ADVANCED STERILIZATION PRODUCTS DISTRIBU_13200000;2,;48,;RIO VERMELHO;DISTRIBUICAO;CHAVE_EXATA;Planilha2!G/F - linha 762;OK - DISTRIBUICAO
198;ADVANCED STERILIZATION PRODUCTS DISTRIBU;2;INBOUND / OUTBOUND NACIONAL;102010411;OUTBOUND - FRACIONADO (LTL);  ;13200000;JUNDIAI;SP;74900000;APARECIDA DE GOIANIA;GO;Indiferente     ;Rodoviario  ;96.000;4;0.000;0.000;APARECIDA DE GOIANIA_GO_ADVANCED STERILIZATION PRODUCTS DISTRIBU_13200000;2,;48,;RIO VERMELHO;DISTRIBUICAO;CHAVE_EXATA;Planilha2!G/F - linha 761;OK - DISTRIBUICAO
198;ADVANCED STERILIZATION PRODUCTS DISTRIBU;2;INBOUND / OUTBOUND NACIONAL;102010411;OUTBOUND - FRACIONADO (LTL);  ;13200000;JUNDIAI;SP;78000000;CUIABA;MT;Indiferente     ;Rodoviario  ;144.000;6;0.000;0.000;CUIABA_MT_ADVANCED STERILIZATION PRODUCTS DISTRIBU_13200000;10,;240,;CARVALIMA;REVERSA;FALLBACK_CIDADE_X2;Planilha2!E/F - linha 7359;CONFLITO/REVISAR
198;ADVANCED STERILIZATION PRODUCTS DISTRIBU;2;INBOUND / OUTBOUND NACIONAL;102010411;OUTBOUND - FRACIONADO (LTL);  ;13200000;JUNDIAI;SP;78450000;NOVA MUTUM;MT;Indiferente     ;Rodoviario  ;240.000;10;0.000;0.000;NOVA MUTUM_MT_ADVANCED STERILIZATION PRODUCTS DISTRIBU_13200000;12,;288,;CARVALIMA;REVERSA;FALLBACK_CIDADE_X2;Planilha2!E/F - linha 7364;CONFLITO/REVISAR
198;ADVANCED STERILIZATION PRODUCTS DISTRIBU;2;INBOUND / OUTBOUND NACIONAL;102010411;OUTBOUND - FRACIONADO (LTL);  ;13200000;JUNDIAI;SP;78700000;RONDONOPOLIS;MT;Indiferente     ;Rodoviario  ;168.000;7;0.000;0.000;RONDONOPOLIS_MT_ADVANCED STERILIZATION PRODUCTS DISTRIBU_13200000;12,;288,;CARVALIMA;REVERSA;FALLBACK_CIDADE_X2;Planilha2!E/F - linha 7366;CONFLITO/REVISAR
198;ADVANCED STERILIZATION PRODUCTS DISTRIBU;2;INBOUND / OUTBOUND NACIONAL;102010411;OUTBOUND - FRACIONADO (LTL);  ;13200000;JUNDIAI;SP;78900000;PORTO VELHO;RO;Indiferente     ;Rodoviario  ;240.000;10;0.000;0.000;PORTO VELHO_RO_ADVANCED STERILIZATION PRODUCTS DISTRIBU_13200000;22,;528,;CARVALIMA;REVERSA;FALLBACK_CIDADE_X2;Planilha2!E/F - linha 7396;CONFLITO/REVISAR
198;ADVANCED STERILIZATION PRODUCTS DISTRIBU;2;INBOUND / OUTBOUND NACIONAL;102010411;OUTBOUND - FRACIONADO (LTL);  ;13200000;JUNDIAI;SP;79000000;CAMPO GRANDE;MS;Indiferente     ;Rodoviario  ;144.000;6;0.000;0.000;CAMPO GRANDE_MS_ADVANCED STERILIZATION PRODUCTS DISTRIBU_13200000;10,;240,;CARVALIMA;REVERSA;FALLBACK_CIDADE_X2;Planilha2!E/F - linha 7343;CONFLITO/REVISAR
198;ADVANCED STERILIZATION PRODUCTS DISTRIBU;2;INBOUND / OUTBOUND NACIONAL;102010411;OUTBOUND - FRACIONADO (LTL);  ;13200000;JUNDIAI;SP;79600000;TRES LAGOAS;MS;Indiferente     ;Rodoviario  ;144.000;6;0.000;0.000;TRES LAGOAS_MS_ADVANCED STERILIZATION PRODUCTS DISTRIBU_13200000;10,;240,;CARVALIMA;REVERSA;FALLBACK_CIDADE_X2;Planilha2!E/F - linha 7349;CONFLITO/REVISAR
198;ADVANCED STERILIZATION PRODUCTS DISTRIBU;2;INBOUND / OUTBOUND NACIONAL;102010411;OUTBOUND - FRACIONADO (LTL);  ;13200000;JUNDIAI;SP;80000000;CURITIBA;PR;Indiferente     ;Rodoviario  ;48.000;2;0.000;0.000;CURITIBA_PR_ADVANCED STERILIZATION PRODUCTS DISTRIBU_13200000;2,;48,;PROGRESSIVA;DISTRIBUICAO;CHAVE_EXATA;Planilha2!G/F - linha 6137;OK - DISTRIBUICAO
198;ADVANCED STERILIZATION PRODUCTS DISTRIBU;2;INBOUND / OUTBOUND NACIONAL;102010411;OUTBOUND - FRACIONADO (LTL);  ;13200000;JUNDIAI;SP;83000000;SAO JOSE DOS PINHAIS;PR;Indiferente     ;Rodoviario  ;48.000;2;0.000;0.000;SAO JOSE DOS PINHAIS_PR_ADVANCED STERILIZATION PRODUCTS DISTRIBU_13200000;2,;48,;PROGRESSIVA;DISTRIBUICAO;CHAVE_EXATA;Planilha2!G/F - linha 6155;OK - DISTRIBUICAO
198;ADVANCED STERILIZATION PRODUCTS DISTRIBU;2;INBOUND / OUTBOUND NACIONAL;102010411;OUTBOUND - FRACIONADO (LTL);  ;13200000;JUNDIAI;SP;83320000;PINHAIS;PR;Indiferente     ;Rodoviario  ;96.000;4;0.000;0.000;PINHAIS_PR_ADVANCED STERILIZATION PRODUCTS DISTRIBU_13200000;3,;72,;PROGRESSIVA;DISTRIBUICAO;CHAVE_EXATA;Planilha2!G/F - linha 6151;OK - DISTRIBUICAO
198;ADVANCED STERILIZATION PRODUCTS DISTRIBU;2;INBOUND / OUTBOUND NACIONAL;102010411;OUTBOUND - FRACIONADO (LTL);  ;13200000;JUNDIAI;SP;83430000;CAMPINA GRANDE DO SUL;PR;Indiferente     ;Rodoviario  ;120.000;5;0.000;0.000;CAMPINA GRANDE DO SUL_PR_ADVANCED STERILIZATION PRODUCTS DISTRIBU_13200000;2,;48,;PROGRESSIVA;DISTRIBUICAO;CHAVE_EXATA;Planilha2!G/F - linha 6131;OK - DISTRIBUICAO
198;ADVANCED STERILIZATION PRODUCTS DISTRIBU;2;INBOUND / OUTBOUND NACIONAL;102010411;OUTBOUND - FRACIONADO (LTL);  ;13200000;JUNDIAI;SP;83820000;FAZENDA RIO GRANDE;PR;Indiferente     ;Rodoviario  ;96.000;4;0.000;0.000;FAZENDA RIO GRANDE_PR_ADVANCED STERILIZATION PRODUCTS DISTRIBU_13200000;4,;96,;PROGRESSIVA;DISTRIBUICAO;CHAVE_EXATA;Planilha2!G/F - linha 6139;OK - DISTRIBUICAO
198;ADVANCED STERILIZATION PRODUCTS DISTRIBU;2;INBOUND / OUTBOUND NACIONAL;102010411;OUTBOUND - FRACIONADO (LTL);  ;13200000;JUNDIAI;SP;85000000;GUARAPUAVA;PR;Indiferente     ;Rodoviario  ;120.000;5;0.000;0.000;GUARAPUAVA_PR_ADVANCED STERILIZATION PRODUCTS DISTRIBU_13200000;3,;72,;PROGRESSIVA;DISTRIBUICAO;CHAVE_EXATA;Planilha2!G/F - linha 6143;OK - DISTRIBUICAO
198;ADVANCED STERILIZATION PRODUCTS DISTRIBU;2;INBOUND / OUTBOUND NACIONAL;102010411;OUTBOUND - FRACIONADO (LTL);  ;13200000;JUNDIAI;SP;85600000;FRANCISCO BELTRAO;PR;Indiferente     ;Rodoviario  ;120.000;5;0.000;0.000;FRANCISCO BELTRAO_PR_ADVANCED STERILIZATION PRODUCTS DISTRIBU_13200000;4,;96,;PROGRESSIVA;DISTRIBUICAO;CHAVE_EXATA;Planilha2!G/F - linha 6142;OK - DISTRIBUICAO
198;ADVANCED STERILIZATION PRODUCTS DISTRIBU;2;INBOUND / OUTBOUND NACIONAL;102010411;OUTBOUND - FRACIONADO (LTL);  ;13200000;JUNDIAI;SP;85800000;CASCAVEL;PR;Indiferente     ;Rodoviario  ;96.000;4;0.000;0.000;CASCAVEL_PR_ADVANCED STERILIZATION PRODUCTS DISTRIBU_13200000;4,;96,;PROGRESSIVA;DISTRIBUICAO;CHAVE_EXATA;Planilha2!G/F - linha 6133;OK - DISTRIBUICAO
198;ADVANCED STERILIZATION PRODUCTS DISTRIBU;2;INBOUND / OUTBOUND NACIONAL;102010411;OUTBOUND - FRACIONADO (LTL);  ;13200000;JUNDIAI;SP;85850000;FOZ DO IGUACU;PR;Indiferente     ;Rodoviario  ;96.000;4;0.000;0.000;FOZ DO IGUACU_PR_ADVANCED STERILIZATION PRODUCTS DISTRIBU_13200000;5,;120,;PROGRESSIVA;DISTRIBUICAO;CHAVE_EXATA;Planilha2!G/F - linha 6141;OK - DISTRIBUICAO
198;ADVANCED STERILIZATION PRODUCTS DISTRIBU;2;INBOUND / OUTBOUND NACIONAL;102010411;OUTBOUND - FRACIONADO (LTL);  ;13200000;JUNDIAI;SP;86000000;LONDRINA;PR;Indiferente     ;Rodoviario  ;96.000;4;0.000;0.000;LONDRINA_PR_ADVANCED STERILIZATION PRODUCTS DISTRIBU_13200000;2,;48,;PROGRESSIVA;DISTRIBUICAO;CHAVE_EXATA;Planilha2!G/F - linha 6149;OK - DISTRIBUICAO
198;ADVANCED STERILIZATION PRODUCTS DISTRIBU;2;INBOUND / OUTBOUND NACIONAL;102010411;OUTBOUND - FRACIONADO (LTL);  ;13200000;JUNDIAI;SP;86180000;CAMBE;PR;Indiferente     ;Rodoviario  ;120.000;5;0.000;0.000;CAMBE_PR_ADVANCED STERILIZATION PRODUCTS DISTRIBU_13200000;3,;72,;PROGRESSIVA;DISTRIBUICAO;CHAVE_EXATA;Planilha2!G/F - linha 6130;OK - DISTRIBUICAO
198;ADVANCED STERILIZATION PRODUCTS DISTRIBU;2;INBOUND / OUTBOUND NACIONAL;102010411;OUTBOUND - FRACIONADO (LTL);  ;13200000;JUNDIAI;SP;86420000;CARLOPOLIS;PR;Indiferente     ;Rodoviario  ;120.000;5;0.000;0.000;CARLOPOLIS_PR_ADVANCED STERILIZATION PRODUCTS DISTRIBU_13200000;5,;120,;PROGRESSIVA;DISTRIBUICAO;CHAVE_EXATA;Planilha2!G/F - linha 6132;OK - DISTRIBUICAO
198;ADVANCED STERILIZATION PRODUCTS DISTRIBU;2;INBOUND / OUTBOUND NACIONAL;102010411;OUTBOUND - FRACIONADO (LTL);  ;13200000;JUNDIAI;SP;86700000;ARAPONGAS;PR;Indiferente     ;Rodoviario  ;120.000;5;0.000;0.000;ARAPONGAS_PR_ADVANCED STERILIZATION PRODUCTS DISTRIBU_13200000;3,;72,;PROGRESSIVA;DISTRIBUICAO;CHAVE_EXATA;Planilha2!G/F - linha 6125;OK - DISTRIBUICAO
198;ADVANCED STERILIZATION PRODUCTS DISTRIBU;2;INBOUND / OUTBOUND NACIONAL;102010411;OUTBOUND - FRACIONADO (LTL);  ;13200000;JUNDIAI;SP;87000000;MARINGA;PR;Indiferente     ;Rodoviario  ;96.000;4;0.000;0.000;MARINGA_PR_ADVANCED STERILIZATION PRODUCTS DISTRIBU_13200000;2,;48,;PROGRESSIVA;DISTRIBUICAO;CHAVE_EXATA;Planilha2!G/F - linha 6150;OK - DISTRIBUICAO
198;ADVANCED STERILIZATION PRODUCTS DISTRIBU;2;INBOUND / OUTBOUND NACIONAL;102010411;OUTBOUND - FRACIONADO (LTL);  ;13200000;JUNDIAI;SP;87500000;UMUARAMA;PR;Indiferente     ;Rodoviario  ;120.000;5;0.000;0.000;UMUARAMA_PR_ADVANCED STERILIZATION PRODUCTS DISTRIBU_13200000;4,;96,;PROGRESSIVA;DISTRIBUICAO;CHAVE_EXATA;Planilha2!G/F - linha 6163;OK - DISTRIBUICAO
198;ADVANCED STERILIZATION PRODUCTS DISTRIBU;2;INBOUND / OUTBOUND NACIONAL;102010411;OUTBOUND - FRACIONADO (LTL);  ;13200000;JUNDIAI;SP;88000000;FLORIANOPOLIS;SC;Indiferente     ;Rodoviario  ;72.000;3;0.000;0.000;FLORIANOPOLIS_SC_ADVANCED STERILIZATION PRODUCTS DISTRIBU_13200000;2,;48,;PROGRESSIVA;DISTRIBUICAO;CHAVE_EXATA;Planilha2!G/F - linha 6140;OK - DISTRIBUICAO
198;ADVANCED STERILIZATION PRODUCTS DISTRIBU;2;INBOUND / OUTBOUND NACIONAL;102010411;OUTBOUND - FRACIONADO (LTL);  ;13200000;JUNDIAI;SP;88330000;BALNEARIO CAMBORIU;SC;Indiferente     ;Rodoviario  ;120.000;5;0.000;0.000;BALNEARIO CAMBORIU_SC_ADVANCED STERILIZATION PRODUCTS DISTRIBU_13200000;3,;72,;PROGRESSIVA;DISTRIBUICAO;CHAVE_EXATA;Planilha2!G/F - linha 6127;OK - DISTRIBUICAO
198;ADVANCED STERILIZATION PRODUCTS DISTRIBU;2;INBOUND / OUTBOUND NACIONAL;102010411;OUTBOUND - FRACIONADO (LTL);  ;13200000;JUNDIAI;SP;88350000;BRUSQUE;SC;Indiferente     ;Rodoviario  ;120.000;5;0.000;0.000;BRUSQUE_SC_ADVANCED STERILIZATION PRODUCTS DISTRIBU_13200000;5,;120,;PROGRESSIVA;DISTRIBUICAO;CHAVE_EXATA;Planilha2!G/F - linha 6129;OK - DISTRIBUICAO
198;ADVANCED STERILIZATION PRODUCTS DISTRIBU;2;INBOUND / OUTBOUND NACIONAL;102010411;OUTBOUND - FRACIONADO (LTL);  ;13200000;JUNDIAI;SP;88700000;TUBARAO;SC;Indiferente     ;Rodoviario  ;120.000;5;0.000;0.000;TUBARAO_SC_ADVANCED STERILIZATION PRODUCTS DISTRIBU_13200000;5,;120,;PROGRESSIVA;DISTRIBUICAO;CHAVE_EXATA;Planilha2!G/F - linha 6162;OK - DISTRIBUICAO
198;ADVANCED STERILIZATION PRODUCTS DISTRIBU;2;INBOUND / OUTBOUND NACIONAL;102010411;OUTBOUND - FRACIONADO (LTL);  ;13200000;JUNDIAI;SP;88800000;CRICIUMA;SC;Indiferente     ;Rodoviario  ;120.000;5;0.000;0.000;CRICIUMA_SC_ADVANCED STERILIZATION PRODUCTS DISTRIBU_13200000;6,;144,;PROGRESSIVA;DISTRIBUICAO;CHAVE_EXATA;Planilha2!G/F - linha 6136;OK - DISTRIBUICAO
198;ADVANCED STERILIZATION PRODUCTS DISTRIBU;2;INBOUND / OUTBOUND NACIONAL;102010411;OUTBOUND - FRACIONADO (LTL);  ;13200000;JUNDIAI;SP;89000000;BLUMENAU;SC;Indiferente     ;Rodoviario  ;120.000;5;0.000;0.000;BLUMENAU_SC_ADVANCED STERILIZATION PRODUCTS DISTRIBU_13200000;2,;48,;PROGRESSIVA;DISTRIBUICAO;CHAVE_EXATA;Planilha2!G/F - linha 6128;OK - DISTRIBUICAO
198;ADVANCED STERILIZATION PRODUCTS DISTRIBU;2;INBOUND / OUTBOUND NACIONAL;102010411;OUTBOUND - FRACIONADO (LTL);  ;13200000;JUNDIAI;SP;89200000;JOINVILLE;SC;Indiferente     ;Rodoviario  ;120.000;5;0.000;0.000;JOINVILLE_SC_ADVANCED STERILIZATION PRODUCTS DISTRIBU_13200000;2,;48,;PROGRESSIVA;DISTRIBUICAO;CHAVE_EXATA;Planilha2!G/F - linha 6147;OK - DISTRIBUICAO
198;ADVANCED STERILIZATION PRODUCTS DISTRIBU;2;INBOUND / OUTBOUND NACIONAL;102010411;OUTBOUND - FRACIONADO (LTL);  ;13200000;JUNDIAI;SP;89800000;CHAPECO;SC;Indiferente     ;Rodoviario  ;120.000;5;0.000;0.000;CHAPECO_SC_ADVANCED STERILIZATION PRODUCTS DISTRIBU_13200000;5,;120,;PROGRESSIVA;DISTRIBUICAO;CHAVE_EXATA;Planilha2!G/F - linha 6134;OK - DISTRIBUICAO
198;ADVANCED STERILIZATION PRODUCTS DISTRIBU;2;INBOUND / OUTBOUND NACIONAL;102010411;OUTBOUND - FRACIONADO (LTL);  ;13200000;JUNDIAI;SP;90000000;PORTO ALEGRE;RS;Indiferente     ;Rodoviario  ;72.000;3;0.000;0.000;PORTO ALEGRE_RS_ADVANCED STERILIZATION PRODUCTS DISTRIBU_13200000;2,;48,;PROGRESSIVA;DISTRIBUICAO;CHAVE_EXATA;Planilha2!G/F - linha 6119;OK - DISTRIBUICAO
198;ADVANCED STERILIZATION PRODUCTS DISTRIBU;2;INBOUND / OUTBOUND NACIONAL;102010411;OUTBOUND - FRACIONADO (LTL);  ;13200000;JUNDIAI;SP;93300000;NOVO HAMBURGO;RS;Indiferente     ;Rodoviario  ;120.000;5;0.000;0.000;NOVO HAMBURGO_RS_ADVANCED STERILIZATION PRODUCTS DISTRIBU_13200000;7,;168,;PROGRESSIVA;DISTRIBUICAO;CHAVE_EXATA;Planilha2!G/F - linha 6116;OK - DISTRIBUICAO
198;ADVANCED STERILIZATION PRODUCTS DISTRIBU;2;INBOUND / OUTBOUND NACIONAL;102010411;OUTBOUND - FRACIONADO (LTL);  ;13200000;JUNDIAI;SP;95000000;CAXIAS DO SUL;RS;Indiferente     ;Rodoviario  ;120.000;5;0.000;0.000;CAXIAS DO SUL_RS_ADVANCED STERILIZATION PRODUCTS DISTRIBU_13200000;4,;96,;PROGRESSIVA;DISTRIBUICAO;CHAVE_EXATA;Planilha2!G/F - linha 6112;OK - DISTRIBUICAO
198;ADVANCED STERILIZATION PRODUCTS DISTRIBU;2;INBOUND / OUTBOUND NACIONAL;102010411;OUTBOUND - FRACIONADO (LTL);  ;13200000;JUNDIAI;SP;95940000;ARROIO DO MEIO;RS;Indiferente     ;Rodoviario  ;144.000;6;0.000;0.000;ARROIO DO MEIO_RS_ADVANCED STERILIZATION PRODUCTS DISTRIBU_13200000;6,;144,;LOGI SUL;REVERSA;FALLBACK_CIDADE_X2;Planilha2!E/F - linha 6799;OK - REVERSA IDENTIFICADA POR FALLBACK X2
198;ADVANCED STERILIZATION PRODUCTS DISTRIBU;2;INBOUND / OUTBOUND NACIONAL;102010411;OUTBOUND - FRACIONADO (LTL);  ;13200000;JUNDIAI;SP;9600000;SAO BERNARDO DO CAMPO;SP;Indiferente     ;Rodoviario  ;24.000;1;0.000;0.000;SAO BERNARDO DO CAMPO_SP_ADVANCED STERILIZATION PRODUCTS DISTRIBU_13200000;3,;72,;MVT;DISTRIBUICAO;CHAVE_EXATA;Planilha2!G/F - linha 1444;CONFLITO/REVISAR
198;ADVANCED STERILIZATION PRODUCTS DISTRIBU;2;INBOUND / OUTBOUND NACIONAL;102010411;OUTBOUND - FRACIONADO (LTL);  ;13200000;JUNDIAI;SP;96000000;PELOTAS;RS;Indiferente     ;Rodoviario  ;120.000;5;0.000;0.000;PELOTAS_RS_ADVANCED STERILIZATION PRODUCTS DISTRIBU_13200000;4,;96,;PROGRESSIVA;DISTRIBUICAO;CHAVE_EXATA;Planilha2!G/F - linha 6118;OK - DISTRIBUICAO
198;ADVANCED STERILIZATION PRODUCTS DISTRIBU;2;INBOUND / OUTBOUND NACIONAL;102010411;OUTBOUND - FRACIONADO (LTL);  ;13200000;JUNDIAI;SP;97000000;SANTA MARIA;RS;Indiferente     ;Rodoviario  ;120.000;5;0.000;0.000;SANTA MARIA_RS_ADVANCED STERILIZATION PRODUCTS DISTRIBU_13200000;4,;96,;PROGRESSIVA;DISTRIBUICAO;CHAVE_EXATA;Planilha2!G/F - linha 6120;OK - DISTRIBUICAO
198;ADVANCED STERILIZATION PRODUCTS DISTRIBU;2;INBOUND / OUTBOUND NACIONAL;102010411;OUTBOUND - FRACIONADO (LTL);  ;13200000;JUNDIAI;SP;97598000;SAO CARLOS;RS;Indiferente     ;Rodoviario  ;168.000;7;0.000;0.000;SAO CARLOS_RS_ADVANCED STERILIZATION PRODUCTS DISTRIBU_13200000;6,;144,;ALFA;REVERSA;FALLBACK_CIDADE_X2;Planilha2!E/F - linha 719;CONFLITO/REVISAR
198;ADVANCED STERILIZATION PRODUCTS DISTRIBU;2;INBOUND / OUTBOUND NACIONAL;102010411;OUTBOUND - FRACIONADO (LTL);  ;13200000;JUNDIAI;SP;99000000;PASSO FUNDO;RS;Indiferente     ;Rodoviario  ;120.000;5;0.000;0.000;PASSO FUNDO_RS_ADVANCED STERILIZATION PRODUCTS DISTRIBU_13200000;4,;96,;PROGRESSIVA;DISTRIBUICAO;CHAVE_EXATA;Planilha2!G/F - linha 6117;OK - DISTRIBUICAO
198;ADVANCED STERILIZATION PRODUCTS DISTRIBU;2;INBOUND / OUTBOUND NACIONAL;102010411;OUTBOUND - FRACIONADO (LTL);  ;13290000;LOUVEIRA;SP;80000000;CURITIBA;PR;Indiferente     ;Rodoviario  ;48.000;2;0.000;0.000;CURITIBA_PR_ADVANCED STERILIZATION PRODUCTS DISTRIBU_13290000;6,;144,;ALFA;REVERSA;FALLBACK_CIDADE_X2;Planilha2!E/F - linha 700;CONFLITO/REVISAR
198;ADVANCED STERILIZATION PRODUCTS DISTRIBU;2;INBOUND / OUTBOUND NACIONAL;102010423;DISTRIBUICAO DEDICADA (FTL);  ;13200000;JUNDIAI;SP;1000000;SAO PAULO;SP;Indiferente     ;Rodoviario  ;24.000;1;0.000;0.000;SAO PAULO_SP_ADVANCED STERILIZATION PRODUCTS DISTRIBU_13200000;3,;72,;MVT;DISTRIBUICAO;CHAVE_EXATA;Planilha2!G/F - linha 1447;CONFLITO/REVISAR
198;ADVANCED STERILIZATION PRODUCTS DISTRIBU;2;INBOUND / OUTBOUND NACIONAL;102010423;DISTRIBUICAO DEDICADA (FTL);  ;13200000;JUNDIAI;SP;6500000;SANTANA DE PARNAIBA;SP;Indiferente     ;Rodoviario  ;24.000;1;0.000;0.000;SANTANA DE PARNAIBA_SP_ADVANCED STERILIZATION PRODUCTS DISTRIBU_13200000;3,;72,;MVT;DISTRIBUICAO;CHAVE_EXATA;Planilha2!G/F - linha 1442;CONFLITO/REVISAR
198;ADVANCED STERILIZATION PRODUCTS DISTRIBU;2;INBOUND / OUTBOUND NACIONAL;102010423;DISTRIBUICAO DEDICADA (FTL);  ;13200000;JUNDIAI;SP;9000000;SANTO ANDRE;SP;Indiferente     ;Rodoviario  ;24.000;1;0.000;0.000;SANTO ANDRE_SP_ADVANCED STERILIZATION PRODUCTS DISTRIBU_13200000;3,;72,;MVT;DISTRIBUICAO;CHAVE_EXATA;Planilha2!G/F - linha 1443;CONFLITO/REVISAR
198;ADVANCED STERILIZATION PRODUCTS DISTRIBU;2;INBOUND / OUTBOUND NACIONAL;102010423;DISTRIBUICAO DEDICADA (FTL);  ;13200000;JUNDIAI;SP;14000000;RIBEIRAO PRETO;SP;Indiferente     ;Rodoviario  ;24.000;1;0.000;0.000;RIBEIRAO PRETO_SP_ADVANCED STERILIZATION PRODUCTS DISTRIBU_13200000;2,;48,;MVT;DISTRIBUICAO;CHAVE_EXATA;Planilha2!G/F - linha 1247;CONFLITO/REVISAR
198;ADVANCED STERILIZATION PRODUCTS DISTRIBU;2;INBOUND / OUTBOUND NACIONAL;102010423;DISTRIBUICAO DEDICADA (FTL);  ;13200000;JUNDIAI;SP;40000000;SALVADOR;BA;Indiferente     ;Rodoviario  ;72.000;3;0.000;0.000;SALVADOR_BA_ADVANCED STERILIZATION PRODUCTS DISTRIBU_13200000;8,;192,;TECMAR;DISTRIBUICAO;CHAVE_EXATA;Planilha2!G/F - linha 6169;OK - DISTRIBUICAO
198;ADVANCED STERILIZATION PRODUCTS DISTRIBU;2;INBOUND / OUTBOUND NACIONAL;102010423;DISTRIBUICAO DEDICADA (FTL);  ;13200000;JUNDIAI;SP;80000000;CURITIBA;PR;Indiferente     ;Rodoviario  ;24.000;1;0.000;0.000;CURITIBA_PR_ADVANCED STERILIZATION PRODUCTS DISTRIBU_13200000;2,;48,;PROGRESSIVA;DISTRIBUICAO;CHAVE_EXATA;Planilha2!G/F - linha 6137;OK - DISTRIBUICAO
198;ADVANCED STERILIZATION PRODUCTS DISTRIBU;2;INBOUND / OUTBOUND NACIONAL;102020412;OUT FRACIONADO AEREO URGENTE;  ;13200000;JUNDIAI;SP;14000000;RIBEIRAO PRETO;SP;Indiferente     ;Rodoviario  ;24.000;1;0.000;0.000;RIBEIRAO PRETO_SP_ADVANCED STERILIZATION PRODUCTS DISTRIBU_13200000;2,;48,;MVT;DISTRIBUICAO;CHAVE_EXATA;Planilha2!G/F - linha 1247;CONFLITO/REVISAR
198;ADVANCED STERILIZATION PRODUCTS DISTRIBU;2;INBOUND / OUTBOUND NACIONAL;102020412;OUT FRACIONADO AEREO URGENTE;  ;13200000;JUNDIAI;SP;19900000;OURINHOS;SP;Indiferente     ;Rodoviario  ;24.000;1;0.000;0.000;OURINHOS_SP_ADVANCED STERILIZATION PRODUCTS DISTRIBU_13200000;3,;72,;MVT;DISTRIBUICAO;CHAVE_EXATA;Planilha2!G/F - linha 981;OK - DISTRIBUICAO
198;ADVANCED STERILIZATION PRODUCTS DISTRIBU;2;INBOUND / OUTBOUND NACIONAL;102020412;OUT FRACIONADO AEREO URGENTE;  ;13200000;JUNDIAI;SP;20000000;RIO DE JANEIRO;RJ;Indiferente     ;Rodoviario  ;48.000;2;0.000;0.000;RIO DE JANEIRO_RJ_ADVANCED STERILIZATION PRODUCTS DISTRIBU_13200000;3,;72,;CAMILO DOS SANTOS;DISTRIBUICAO;CHAVE_EXATA;Planilha2!G/F - linha 7558;OK - DISTRIBUICAO
198;ADVANCED STERILIZATION PRODUCTS DISTRIBU;2;INBOUND / OUTBOUND NACIONAL;102020412;OUT FRACIONADO AEREO URGENTE;  ;13200000;JUNDIAI;SP;30000000;BELO HORIZONTE;MG;Indiferente     ;Rodoviario  ;24.000;1;0.000;0.000;BELO HORIZONTE_MG_ADVANCED STERILIZATION PRODUCTS DISTRIBU_13200000;3,;72,;CAMILO DOS SANTOS;DISTRIBUICAO;CHAVE_EXATA;Planilha2!G/F - linha 7542;OK - DISTRIBUICAO
198;ADVANCED STERILIZATION PRODUCTS DISTRIBU;2;INBOUND / OUTBOUND NACIONAL;102020412;OUT FRACIONADO AEREO URGENTE;  ;13200000;JUNDIAI;SP;35500000;DIVINOPOLIS;MG;Indiferente     ;Rodoviario  ;72.000;3;0.000;0.000;DIVINOPOLIS_MG_ADVANCED STERILIZATION PRODUCTS DISTRIBU_13200000;7,;168,;CAMILO DOS SANTOS;DISTRIBUICAO;CHAVE_EXATA;Planilha2!G/F - linha 7544;OK - DISTRIBUICAO
198;ADVANCED STERILIZATION PRODUCTS DISTRIBU;2;INBOUND / OUTBOUND NACIONAL;102020412;OUT FRACIONADO AEREO URGENTE;  ;13200000;JUNDIAI;SP;38000000;UBERABA;MG;Indiferente     ;Rodoviario  ;72.000;3;0.000;0.000;UBERABA_MG_ADVANCED STERILIZATION PRODUCTS DISTRIBU_13200000;7,;168,;CAMILO DOS SANTOS;DISTRIBUICAO;CHAVE_EXATA;Planilha2!G/F - linha 7552;OK - DISTRIBUICAO
198;ADVANCED STERILIZATION PRODUCTS DISTRIBU;2;INBOUND / OUTBOUND NACIONAL;102020412;OUT FRACIONADO AEREO URGENTE;  ;13200000;JUNDIAI;SP;40000000;SALVADOR;BA;Indiferente     ;Rodoviario  ;24.000;1;0.000;0.000;SALVADOR_BA_ADVANCED STERILIZATION PRODUCTS DISTRIBU_13200000;8,;192,;TECMAR;DISTRIBUICAO;CHAVE_EXATA;Planilha2!G/F - linha 6169;OK - DISTRIBUICAO
198;ADVANCED STERILIZATION PRODUCTS DISTRIBU;2;INBOUND / OUTBOUND NACIONAL;102020412;OUT FRACIONADO AEREO URGENTE;  ;13200000;JUNDIAI;SP;50000000;RECIFE;PE;Indiferente     ;Rodoviario  ;24.000;1;0.000;0.000;RECIFE_PE_ADVANCED STERILIZATION PRODUCTS DISTRIBU_13200000;8,;192,;TECMAR;DISTRIBUICAO;CHAVE_EXATA;Planilha2!G/F - linha 6178;OK - DISTRIBUICAO
198;ADVANCED STERILIZATION PRODUCTS DISTRIBU;2;INBOUND / OUTBOUND NACIONAL;102020412;OUT FRACIONADO AEREO URGENTE;  ;13200000;JUNDIAI;SP;57000000;MACEIO;AL;Indiferente     ;Rodoviario  ;48.000;2;0.000;0.000;MACEIO_AL_ADVANCED STERILIZATION PRODUCTS DISTRIBU_13200000;10,;240,;TECMAR;DISTRIBUICAO;CHAVE_EXATA;Planilha2!G/F - linha 6165;OK - DISTRIBUICAO
198;ADVANCED STERILIZATION PRODUCTS DISTRIBU;2;INBOUND / OUTBOUND NACIONAL;102020412;OUT FRACIONADO AEREO URGENTE;  ;13200000;JUNDIAI;SP;58000000;JOAO PESSOA;PB;Indiferente     ;Rodoviario  ;48.000;2;0.000;0.000;JOAO PESSOA_PB_ADVANCED STERILIZATION PRODUCTS DISTRIBU_13200000;10,;240,;TECMAR;DISTRIBUICAO;CHAVE_EXATA;Planilha2!G/F - linha 6173;OK - DISTRIBUICAO
198;ADVANCED STERILIZATION PRODUCTS DISTRIBU;2;INBOUND / OUTBOUND NACIONAL;102020412;OUT FRACIONADO AEREO URGENTE;  ;13200000;JUNDIAI;SP;59000000;NATAL;RN;Indiferente     ;Rodoviario  ;48.000;2;0.000;0.000;NATAL_RN_ADVANCED STERILIZATION PRODUCTS DISTRIBU_13200000;9,;216,;TECMAR;DISTRIBUICAO;CHAVE_EXATA;Planilha2!G/F - linha 6180;OK - DISTRIBUICAO
198;ADVANCED STERILIZATION PRODUCTS DISTRIBU;2;INBOUND / OUTBOUND NACIONAL;102020412;OUT FRACIONADO AEREO URGENTE;  ;13200000;JUNDIAI;SP;64000000;TERESINA;PI;Indiferente     ;Rodoviario  ;48.000;2;0.000;0.000;TERESINA_PI_ADVANCED STERILIZATION PRODUCTS DISTRIBU_13200000;11,;264,;TECMAR;DISTRIBUICAO;CHAVE_EXATA;Planilha2!G/F - linha 6179;OK - DISTRIBUICAO
198;ADVANCED STERILIZATION PRODUCTS DISTRIBU;2;INBOUND / OUTBOUND NACIONAL;102020412;OUT FRACIONADO AEREO URGENTE;  ;13200000;JUNDIAI;SP;65000000;SAO LUIS;MA;Indiferente     ;Rodoviario  ;48.000;2;0.000;0.000;SAO LUIS_MA_ADVANCED STERILIZATION PRODUCTS DISTRIBU_13200000;10,;240,;TECMAR;DISTRIBUICAO;CHAVE_EXATA;Planilha2!G/F - linha 6172;OK - DISTRIBUICAO
198;ADVANCED STERILIZATION PRODUCTS DISTRIBU;2;INBOUND / OUTBOUND NACIONAL;102020412;OUT FRACIONADO AEREO URGENTE;  ;13200000;JUNDIAI;SP;66000000;BELEM;PA;Indiferente     ;Rodoviario  ;48.000;2;0.000;0.000;BELEM_PA_ADVANCED STERILIZATION PRODUCTS DISTRIBU_13200000;18,;432,;CARVALIMA;REVERSA;FALLBACK_CIDADE_X2;Planilha2!E/F - linha 7373;CONFLITO/REVISAR
198;ADVANCED STERILIZATION PRODUCTS DISTRIBU;2;INBOUND / OUTBOUND NACIONAL;102020412;OUT FRACIONADO AEREO URGENTE;  ;13200000;JUNDIAI;SP;69000000;MANAUS;AM;Indiferente     ;Rodoviario  ;48.000;2;0.000;0.000;MANAUS_AM_ADVANCED STERILIZATION PRODUCTS DISTRIBU_13200000;;0,;TSP Sem Cadastro;;;;SEM_CADASTRO - TT E TSP
198;ADVANCED STERILIZATION PRODUCTS DISTRIBU;2;INBOUND / OUTBOUND NACIONAL;102020412;OUT FRACIONADO AEREO URGENTE;  ;13200000;JUNDIAI;SP;70000000;BRASILIA;DF;Indiferente     ;Rodoviario  ;24.000;1;0.000;0.000;BRASILIA_DF_ADVANCED STERILIZATION PRODUCTS DISTRIBU_13200000;2,;48,;RIO VERMELHO;DISTRIBUICAO;CHAVE_EXATA;Planilha2!G/F - linha 763;OK - DISTRIBUICAO
198;ADVANCED STERILIZATION PRODUCTS DISTRIBU;2;INBOUND / OUTBOUND NACIONAL;102020412;OUT FRACIONADO AEREO URGENTE;  ;13200000;JUNDIAI;SP;79000000;CAMPO GRANDE;MS;Indiferente     ;Rodoviario  ;48.000;2;0.000;0.000;CAMPO GRANDE_MS_ADVANCED STERILIZATION PRODUCTS DISTRIBU_13200000;10,;240,;CARVALIMA;REVERSA;FALLBACK_CIDADE_X2;Planilha2!E/F - linha 7343;CONFLITO/REVISAR
198;ADVANCED STERILIZATION PRODUCTS DISTRIBU;2;INBOUND / OUTBOUND NACIONAL;102020412;OUT FRACIONADO AEREO URGENTE;  ;13200000;JUNDIAI;SP;80000000;CURITIBA;PR;Indiferente     ;Rodoviario  ;24.000;1;0.000;0.000;CURITIBA_PR_ADVANCED STERILIZATION PRODUCTS DISTRIBU_13200000;2,;48,;PROGRESSIVA;DISTRIBUICAO;CHAVE_EXATA;Planilha2!G/F - linha 6137;OK - DISTRIBUICAO
198;ADVANCED STERILIZATION PRODUCTS DISTRIBU;2;INBOUND / OUTBOUND NACIONAL;102020412;OUT FRACIONADO AEREO URGENTE;  ;13200000;JUNDIAI;SP;83820000;FAZENDA RIO GRANDE;PR;Indiferente     ;Rodoviario  ;72.000;3;0.000;0.000;FAZENDA RIO GRANDE_PR_ADVANCED STERILIZATION PRODUCTS DISTRIBU_13200000;4,;96,;PROGRESSIVA;DISTRIBUICAO;CHAVE_EXATA;Planilha2!G/F - linha 6139;OK - DISTRIBUICAO
198;ADVANCED STERILIZATION PRODUCTS DISTRIBU;2;INBOUND / OUTBOUND NACIONAL;102020412;OUT FRACIONADO AEREO URGENTE;  ;13200000;JUNDIAI;SP;85000000;GUARAPUAVA;PR;Indiferente     ;Rodoviario  ;72.000;3;0.000;0.000;GUARAPUAVA_PR_ADVANCED STERILIZATION PRODUCTS DISTRIBU_13200000;3,;72,;PROGRESSIVA;DISTRIBUICAO;CHAVE_EXATA;Planilha2!G/F - linha 6143;OK - DISTRIBUICAO
198;ADVANCED STERILIZATION PRODUCTS DISTRIBU;2;INBOUND / OUTBOUND NACIONAL;102020412;OUT FRACIONADO AEREO URGENTE;  ;13200000;JUNDIAI;SP;85600000;FRANCISCO BELTRAO;PR;Indiferente     ;Rodoviario  ;72.000;3;0.000;0.000;FRANCISCO BELTRAO_PR_ADVANCED STERILIZATION PRODUCTS DISTRIBU_13200000;4,;96,;PROGRESSIVA;DISTRIBUICAO;CHAVE_EXATA;Planilha2!G/F - linha 6142;OK - DISTRIBUICAO
198;ADVANCED STERILIZATION PRODUCTS DISTRIBU;2;INBOUND / OUTBOUND NACIONAL;102020412;OUT FRACIONADO AEREO URGENTE;  ;13200000;JUNDIAI;SP;85800000;CASCAVEL;PR;Indiferente     ;Rodoviario  ;72.000;3;0.000;0.000;CASCAVEL_PR_ADVANCED STERILIZATION PRODUCTS DISTRIBU_13200000;4,;96,;PROGRESSIVA;DISTRIBUICAO;CHAVE_EXATA;Planilha2!G/F - linha 6133;OK - DISTRIBUICAO
198;ADVANCED STERILIZATION PRODUCTS DISTRIBU;2;INBOUND / OUTBOUND NACIONAL;102020412;OUT FRACIONADO AEREO URGENTE;  ;13200000;JUNDIAI;SP;85850000;FOZ DO IGUACU;PR;Indiferente     ;Rodoviario  ;72.000;3;0.000;0.000;FOZ DO IGUACU_PR_ADVANCED STERILIZATION PRODUCTS DISTRIBU_13200000;5,;120,;PROGRESSIVA;DISTRIBUICAO;CHAVE_EXATA;Planilha2!G/F - linha 6141;OK - DISTRIBUICAO
198;ADVANCED STERILIZATION PRODUCTS DISTRIBU;2;INBOUND / OUTBOUND NACIONAL;102020412;OUT FRACIONADO AEREO URGENTE;  ;13200000;JUNDIAI;SP;86180000;CAMBE;PR;Indiferente     ;Rodoviario  ;72.000;3;0.000;0.000;CAMBE_PR_ADVANCED STERILIZATION PRODUCTS DISTRIBU_13200000;3,;72,;PROGRESSIVA;DISTRIBUICAO;CHAVE_EXATA;Planilha2!G/F - linha 6130;OK - DISTRIBUICAO
198;ADVANCED STERILIZATION PRODUCTS DISTRIBU;2;INBOUND / OUTBOUND NACIONAL;102020412;OUT FRACIONADO AEREO URGENTE;  ;13200000;JUNDIAI;SP;87000000;MARINGA;PR;Indiferente     ;Rodoviario  ;72.000;3;0.000;0.000;MARINGA_PR_ADVANCED STERILIZATION PRODUCTS DISTRIBU_13200000;2,;48,;PROGRESSIVA;DISTRIBUICAO;CHAVE_EXATA;Planilha2!G/F - linha 6150;OK - DISTRIBUICAO
198;ADVANCED STERILIZATION PRODUCTS DISTRIBU;2;INBOUND / OUTBOUND NACIONAL;102020412;OUT FRACIONADO AEREO URGENTE;  ;13200000;JUNDIAI;SP;87500000;UMUARAMA;PR;Indiferente     ;Rodoviario  ;72.000;3;0.000;0.000;UMUARAMA_PR_ADVANCED STERILIZATION PRODUCTS DISTRIBU_13200000;4,;96,;PROGRESSIVA;DISTRIBUICAO;CHAVE_EXATA;Planilha2!G/F - linha 6163;OK - DISTRIBUICAO
198;ADVANCED STERILIZATION PRODUCTS DISTRIBU;2;INBOUND / OUTBOUND NACIONAL;102020412;OUT FRACIONADO AEREO URGENTE;  ;13200000;JUNDIAI;SP;88350000;BRUSQUE;SC;Indiferente     ;Rodoviario  ;48.000;2;0.000;0.000;BRUSQUE_SC_ADVANCED STERILIZATION PRODUCTS DISTRIBU_13200000;5,;120,;PROGRESSIVA;DISTRIBUICAO;CHAVE_EXATA;Planilha2!G/F - linha 6129;OK - DISTRIBUICAO
198;ADVANCED STERILIZATION PRODUCTS DISTRIBU;2;INBOUND / OUTBOUND NACIONAL;102020412;OUT FRACIONADO AEREO URGENTE;  ;13200000;JUNDIAI;SP;88700000;TUBARAO;SC;Indiferente     ;Rodoviario  ;48.000;2;0.000;0.000;TUBARAO_SC_ADVANCED STERILIZATION PRODUCTS DISTRIBU_13200000;5,;120,;PROGRESSIVA;DISTRIBUICAO;CHAVE_EXATA;Planilha2!G/F - linha 6162;OK - DISTRIBUICAO
198;ADVANCED STERILIZATION PRODUCTS DISTRIBU;2;INBOUND / OUTBOUND NACIONAL;102020412;OUT FRACIONADO AEREO URGENTE;  ;13200000;JUNDIAI;SP;89200000;JOINVILLE;SC;Indiferente     ;Rodoviario  ;48.000;2;0.000;0.000;JOINVILLE_SC_ADVANCED STERILIZATION PRODUCTS DISTRIBU_13200000;2,;48,;PROGRESSIVA;DISTRIBUICAO;CHAVE_EXATA;Planilha2!G/F - linha 6147;OK - DISTRIBUICAO
198;ADVANCED STERILIZATION PRODUCTS DISTRIBU;2;INBOUND / OUTBOUND NACIONAL;102020412;OUT FRACIONADO AEREO URGENTE;  ;13200000;JUNDIAI;SP;90000000;PORTO ALEGRE;RS;Indiferente     ;Rodoviario  ;48.000;2;0.000;0.000;PORTO ALEGRE_RS_ADVANCED STERILIZATION PRODUCTS DISTRIBU_13200000;2,;48,;PROGRESSIVA;DISTRIBUICAO;CHAVE_EXATA;Planilha2!G/F - linha 6119;OK - DISTRIBUICAO
198;ADVANCED STERILIZATION PRODUCTS DISTRIBU;2;INBOUND / OUTBOUND NACIONAL;102020412;OUT FRACIONADO AEREO URGENTE;  ;13200000;JUNDIAI;SP;92000000;CANOAS;RS;Indiferente     ;Rodoviario  ;48.000;2;0.000;0.000;CANOAS_RS_ADVANCED STERILIZATION PRODUCTS DISTRIBU_13200000;4,;96,;PROGRESSIVA;DISTRIBUICAO;CHAVE_EXATA;Planilha2!G/F - linha 6111;OK - DISTRIBUICAO
198;ADVANCED STERILIZATION PRODUCTS DISTRIBU;2;INBOUND / OUTBOUND NACIONAL;102020412;OUT FRACIONADO AEREO URGENTE;  ;13200000;JUNDIAI;SP;95940000;ARROIO DO MEIO;RS;Indiferente     ;Rodoviario  ;48.000;2;0.000;0.000;ARROIO DO MEIO_RS_ADVANCED STERILIZATION PRODUCTS DISTRIBU_13200000;6,;144,;LOGI SUL;REVERSA;FALLBACK_CIDADE_X2;Planilha2!E/F - linha 6799;OK - REVERSA IDENTIFICADA POR FALLBACK X2
198;ADVANCED STERILIZATION PRODUCTS DISTRIBU;2;INBOUND / OUTBOUND NACIONAL;102020412;OUT FRACIONADO AEREO URGENTE;  ;13200000;JUNDIAI;SP;97000000;SANTA MARIA;RS;Indiferente     ;Rodoviario  ;48.000;2;0.000;0.000;SANTA MARIA_RS_ADVANCED STERILIZATION PRODUCTS DISTRIBU_13200000;4,;96,;PROGRESSIVA;DISTRIBUICAO;CHAVE_EXATA;Planilha2!G/F - linha 6120;OK - DISTRIBUICAO
198;ADVANCED STERILIZATION PRODUCTS DISTRIBU;2;INBOUND / OUTBOUND NACIONAL;102020412;OUT FRACIONADO AEREO URGENTE;  ;13200000;JUNDIAI;SP;97598000;SAO CARLOS;RS;Indiferente     ;Rodoviario  ;48.000;2;0.000;0.000;SAO CARLOS_RS_ADVANCED STERILIZATION PRODUCTS DISTRIBU_13200000;6,;144,;ALFA;REVERSA;FALLBACK_CIDADE_X2;Planilha2!E/F - linha 719;CONFLITO/REVISAR
198;ADVANCED STERILIZATION PRODUCTS DISTRIBU;2;INBOUND / OUTBOUND NACIONAL;102020413;OUT FRACIONADO AEREO EXPRESSO;  ;6400000;BARUERI;SP;66000000;BELEM;PA;Indiferente     ;Rodoviario  ;96.000;4;0.000;0.000;BELEM_PA_ADVANCED STERILIZATION PRODUCTS DISTRIBU_6400000;18,;432,;CARVALIMA;REVERSA;FALLBACK_CIDADE_X2;Planilha2!E/F - linha 7373;CONFLITO/REVISAR
198;ADVANCED STERILIZATION PRODUCTS DISTRIBU;2;INBOUND / OUTBOUND NACIONAL;102020413;OUT FRACIONADO AEREO EXPRESSO;  ;6400000;BARUERI;SP;69000000;MANAUS;AM;Indiferente     ;Rodoviario  ;120.000;5;0.000;0.000;MANAUS_AM_ADVANCED STERILIZATION PRODUCTS DISTRIBU_6400000;;0,;TSP Sem Cadastro;;;;SEM_CADASTRO - TT E TSP
198;ADVANCED STERILIZATION PRODUCTS DISTRIBU;2;INBOUND / OUTBOUND NACIONAL;102020413;OUT FRACIONADO AEREO EXPRESSO;  ;132000000;JUNDIAI;SP;66000000;BELEM;PA;Indiferente     ;Rodoviario  ;96.000;4;0.000;0.000;BELEM_PA_ADVANCED STERILIZATION PRODUCTS DISTRIBU_132000000;18,;432,;CARVALIMA;REVERSA;FALLBACK_CIDADE_X2;Planilha2!E/F - linha 7373;CONFLITO/REVISAR
198;ADVANCED STERILIZATION PRODUCTS DISTRIBU;2;INBOUND / OUTBOUND NACIONAL;102020413;OUT FRACIONADO AEREO EXPRESSO;  ;132000000;JUNDIAI;SP;69000000;MANAUS;AM;Indiferente     ;Rodoviario  ;120.000;5;0.000;0.000;MANAUS_AM_ADVANCED STERILIZATION PRODUCTS DISTRIBU_132000000;;0,;TSP Sem Cadastro;;;;SEM_CADASTRO - TT E TSP
202;HYUNDAI MOTOR BRASIL MONTADORA DE AUTOMO;1;DISTRIBUICAO;102010711;DISTRIBUICAO RODOVIARIO;  ;18147000;ARACARIGUAMA;SP;1000000;SAO PAULO;SP;Indiferente     ;Rodoviario  ;24.000;1;;;SAO PAULO_SP_HYUNDAI MOTOR BRASIL MONTADORA DE AUTOMO_18147000;3,;72,;MVT;DISTRIBUICAO;CHAVE_EXATA;Planilha2!G/F - linha 3394;OK - DISTRIBUICAO
202;HYUNDAI MOTOR BRASIL MONTADORA DE AUTOMO;1;DISTRIBUICAO;102010711;DISTRIBUICAO RODOVIARIO;  ;18147000;ARACARIGUAMA;SP;6000000;OSASCO;SP;Indiferente     ;Rodoviario  ;24.000;1;;;OSASCO_SP_HYUNDAI MOTOR BRASIL MONTADORA DE AUTOMO_18147000;3,;72,;MVT;DISTRIBUICAO;CHAVE_EXATA;Planilha2!G/F - linha 3381;OK - DISTRIBUICAO
202;HYUNDAI MOTOR BRASIL MONTADORA DE AUTOMO;1;DISTRIBUICAO;102010711;DISTRIBUICAO RODOVIARIO;  ;18147000;ARACARIGUAMA;SP;7000000;GUARULHOS;SP;Indiferente     ;Rodoviario  ;24.000;1;;;GUARULHOS_SP_HYUNDAI MOTOR BRASIL MONTADORA DE AUTOMO_18147000;3,;72,;MVT;DISTRIBUICAO;CHAVE_EXATA;Planilha2!G/F - linha 3371;OK - DISTRIBUICAO
202;HYUNDAI MOTOR BRASIL MONTADORA DE AUTOMO;1;DISTRIBUICAO;102010711;DISTRIBUICAO RODOVIARIO;  ;18147000;ARACARIGUAMA;SP;8600000;SUZANO;SP;Indiferente     ;Rodoviario  ;24.000;1;;;SUZANO_SP_HYUNDAI MOTOR BRASIL MONTADORA DE AUTOMO_18147000;3,;72,;MVT;DISTRIBUICAO;CHAVE_EXATA;Planilha2!G/F - linha 3395;OK - DISTRIBUICAO
202;HYUNDAI MOTOR BRASIL MONTADORA DE AUTOMO;1;DISTRIBUICAO;102010711;DISTRIBUICAO RODOVIARIO;  ;18147000;ARACARIGUAMA;SP;8700000;MOGI DAS CRUZES;SP;Indiferente     ;Rodoviario  ;24.000;1;;;MOGI DAS CRUZES_SP_HYUNDAI MOTOR BRASIL MONTADORA DE AUTOMO_18147000;3,;72,;MVT;DISTRIBUICAO;CHAVE_EXATA;Planilha2!G/F - linha 3380;OK - DISTRIBUICAO
202;HYUNDAI MOTOR BRASIL MONTADORA DE AUTOMO;1;DISTRIBUICAO;102010711;DISTRIBUICAO RODOVIARIO;  ;18147000;ARACARIGUAMA;SP;9000000;SANTO ANDRE;SP;Indiferente     ;Rodoviario  ;24.000;1;;;SANTO ANDRE_SP_HYUNDAI MOTOR BRASIL MONTADORA DE AUTOMO_18147000;3,;72,;MVT;DISTRIBUICAO;CHAVE_EXATA;Planilha2!G/F - linha 3390;OK - DISTRIBUICAO
202;HYUNDAI MOTOR BRASIL MONTADORA DE AUTOMO;1;DISTRIBUICAO;102010711;DISTRIBUICAO RODOVIARIO;  ;18147000;ARACARIGUAMA;SP;9500000;SAO CAETANO DO SUL;SP;Indiferente     ;Rodoviario  ;24.000;1;;;SAO CAETANO DO SUL_SP_HYUNDAI MOTOR BRASIL MONTADORA DE AUTOMO_18147000;3,;72,;MVT;DISTRIBUICAO;CHAVE_EXATA;Planilha2!G/F - linha 3392;OK - DISTRIBUICAO
202;HYUNDAI MOTOR BRASIL MONTADORA DE AUTOMO;1;DISTRIBUICAO;102010711;DISTRIBUICAO RODOVIARIO;  ;18147000;ARACARIGUAMA;SP;9900000;DIADEMA;SP;Indiferente     ;Rodoviario  ;24.000;1;;;DIADEMA_SP_HYUNDAI MOTOR BRASIL MONTADORA DE AUTOMO_18147000;3,;72,;MVT;DISTRIBUICAO;CHAVE_EXATA;Planilha2!G/F - linha 3365;OK - DISTRIBUICAO
202;HYUNDAI MOTOR BRASIL MONTADORA DE AUTOMO;1;DISTRIBUICAO;102010711;DISTRIBUICAO RODOVIARIO;  ;18147000;ARACARIGUAMA;SP;11000000;SANTOS;SP;Indiferente     ;Rodoviario  ;48.000;2;;;SANTOS_SP_HYUNDAI MOTOR BRASIL MONTADORA DE AUTOMO_18147000;4,;96,;MVT;DISTRIBUICAO;CHAVE_EXATA;Planilha2!G/F - linha 3405;OK - DISTRIBUICAO
202;HYUNDAI MOTOR BRASIL MONTADORA DE AUTOMO;1;DISTRIBUICAO;102020711;DISTRIBUICAO AEREO;  ;18147000;ARACARIGUAMA;SP;1000000;SAO PAULO;SP;Indiferente     ;Rodoviario  ;24.000;1;0.000;0.000;SAO PAULO_SP_HYUNDAI MOTOR BRASIL MONTADORA DE AUTOMO_18147000;3,;72,;MVT;DISTRIBUICAO;CHAVE_EXATA;Planilha2!G/F - linha 3394;OK - DISTRIBUICAO
202;HYUNDAI MOTOR BRASIL MONTADORA DE AUTOMO;1;DISTRIBUICAO;102020711;DISTRIBUICAO AEREO;  ;18147000;ARACARIGUAMA;SP;6000000;OSASCO;SP;Indiferente     ;Rodoviario  ;24.000;1;0.000;0.000;OSASCO_SP_HYUNDAI MOTOR BRASIL MONTADORA DE AUTOMO_18147000;3,;72,;MVT;DISTRIBUICAO;CHAVE_EXATA;Planilha2!G/F - linha 3381;OK - DISTRIBUICAO
202;HYUNDAI MOTOR BRASIL MONTADORA DE AUTOMO;1;DISTRIBUICAO;102020711;DISTRIBUICAO AEREO;  ;18147000;ARACARIGUAMA;SP;7000000;GUARULHOS;SP;Indiferente     ;Rodoviario  ;24.000;1;0.000;0.000;GUARULHOS_SP_HYUNDAI MOTOR BRASIL MONTADORA DE AUTOMO_18147000;3,;72,;MVT;DISTRIBUICAO;CHAVE_EXATA;Planilha2!G/F - linha 3371;OK - DISTRIBUICAO
202;HYUNDAI MOTOR BRASIL MONTADORA DE AUTOMO;1;DISTRIBUICAO;102020711;DISTRIBUICAO AEREO;  ;18147000;ARACARIGUAMA;SP;8600000;SUZANO;SP;Indiferente     ;Rodoviario  ;24.000;1;0.000;0.000;SUZANO_SP_HYUNDAI MOTOR BRASIL MONTADORA DE AUTOMO_18147000;3,;72,;MVT;DISTRIBUICAO;CHAVE_EXATA;Planilha2!G/F - linha 3395;OK - DISTRIBUICAO
202;HYUNDAI MOTOR BRASIL MONTADORA DE AUTOMO;1;DISTRIBUICAO;102020711;DISTRIBUICAO AEREO;  ;18147000;ARACARIGUAMA;SP;8700000;MOGI DAS CRUZES;SP;Indiferente     ;Rodoviario  ;24.000;1;0.000;0.000;MOGI DAS CRUZES_SP_HYUNDAI MOTOR BRASIL MONTADORA DE AUTOMO_18147000;3,;72,;MVT;DISTRIBUICAO;CHAVE_EXATA;Planilha2!G/F - linha 3380;OK - DISTRIBUICAO
202;HYUNDAI MOTOR BRASIL MONTADORA DE AUTOMO;1;DISTRIBUICAO;102020711;DISTRIBUICAO AEREO;  ;18147000;ARACARIGUAMA;SP;9000000;SANTO ANDRE;SP;Indiferente     ;Rodoviario  ;24.000;1;0.000;0.000;SANTO ANDRE_SP_HYUNDAI MOTOR BRASIL MONTADORA DE AUTOMO_18147000;3,;72,;MVT;DISTRIBUICAO;CHAVE_EXATA;Planilha2!G/F - linha 3390;OK - DISTRIBUICAO
221;MOBIS BRASIL FABRICACAO DE AUTO PECAS LT;1;HYUNDAI MOBIS;102010311;HYUNDAI MOBIS RODOVIARIO;  ;13465000;AMERICANA;SP;13390000;RIO DAS PEDRAS;SP;Indiferente     ;Rodoviario  ;144.000;6;0.000;0.000;RIO DAS PEDRAS_SP_MOBIS BRASIL FABRICACAO DE AUTO PECAS LT_13465000;6,;144,;ALFA;REVERSA;FALLBACK_CIDADE_X2;Planilha2!E/F - linha 371;CONFLITO/REVISAR
221;MOBIS BRASIL FABRICACAO DE AUTO PECAS LT;1;HYUNDAI MOBIS;102010311;HYUNDAI MOBIS RODOVIARIO;  ;67000000;ANANINDEUA;PA;13390000;RIO DAS PEDRAS;SP;Indiferente     ;Rodoviario  ;432.000;18;0.000;0.000;RIO DAS PEDRAS_SP_MOBIS BRASIL FABRICACAO DE AUTO PECAS LT_67000000;6,;144,;ALFA;REVERSA;FALLBACK_CIDADE_X2;Planilha2!E/F - linha 371;CONFLITO/REVISAR
221;MOBIS BRASIL FABRICACAO DE AUTO PECAS LT;1;HYUNDAI MOBIS;102010311;HYUNDAI MOBIS RODOVIARIO;  ;75000000;ANAPOLIS;GO;13390000;RIO DAS PEDRAS;SP;Indiferente     ;Rodoviario  ;432.000;18;0.000;0.000;RIO DAS PEDRAS_SP_MOBIS BRASIL FABRICACAO DE AUTO PECAS LT_75000000;6,;144,;ALFA;REVERSA;FALLBACK_CIDADE_X2;Planilha2!E/F - linha 371;CONFLITO/REVISAR
221;MOBIS BRASIL FABRICACAO DE AUTO PECAS LT;1;HYUNDAI MOBIS;102010311;HYUNDAI MOBIS RODOVIARIO;  ;12570000;APARECIDA;SP;13390000;RIO DAS PEDRAS;SP;Indiferente     ;Rodoviario  ;192.000;8;0.000;0.000;RIO DAS PEDRAS_SP_MOBIS BRASIL FABRICACAO DE AUTO PECAS LT_12570000;6,;144,;ALFA;REVERSA;FALLBACK_CIDADE_X2;Planilha2!E/F - linha 371;CONFLITO/REVISAR
221;MOBIS BRASIL FABRICACAO DE AUTO PECAS LT;1;HYUNDAI MOBIS;102010311;HYUNDAI MOBIS RODOVIARIO;  ;74900000;APARECIDA DE GOIANIA;GO;13390000;RIO DAS PEDRAS;SP;Indiferente     ;Rodoviario  ;288.000;12;0.000;0.000;RIO DAS PEDRAS_SP_MOBIS BRASIL FABRICACAO DE AUTO PECAS LT_74900000;6,;144,;ALFA;REVERSA;FALLBACK_CIDADE_X2;Planilha2!E/F - linha 371;CONFLITO/REVISAR
221;MOBIS BRASIL FABRICACAO DE AUTO PECAS LT;1;HYUNDAI MOBIS;102010311;HYUNDAI MOBIS RODOVIARIO;  ;49000000;ARACAJU;SE;13390000;RIO DAS PEDRAS;SP;Indiferente     ;Rodoviario  ;432.000;18;0.000;0.000;RIO DAS PEDRAS_SP_MOBIS BRASIL FABRICACAO DE AUTO PECAS LT_49000000;6,;144,;ALFA;REVERSA;FALLBACK_CIDADE_X2;Planilha2!E/F - linha 371;CONFLITO/REVISAR
221;MOBIS BRASIL FABRICACAO DE AUTO PECAS LT;1;HYUNDAI MOBIS;102010311;HYUNDAI MOBIS RODOVIARIO;  ;16000000;ARACATUBA;SP;13390000;RIO DAS PEDRAS;SP;Indiferente     ;Rodoviario  ;192.000;8;0.000;0.000;RIO DAS PEDRAS_SP_MOBIS BRASIL FABRICACAO DE AUTO PECAS LT_16000000;6,;144,;ALFA;REVERSA;FALLBACK_CIDADE_X2;Planilha2!E/F - linha 371;CONFLITO/REVISAR
221;MOBIS BRASIL FABRICACAO DE AUTO PECAS LT;1;HYUNDAI MOBIS;102010311;HYUNDAI MOBIS RODOVIARIO;  ;77800000;ARAGUAINA;TO;13390000;RIO DAS PEDRAS;SP;Indiferente     ;Rodoviario  ;480.000;20;0.000;0.000;RIO DAS PEDRAS_SP_MOBIS BRASIL FABRICACAO DE AUTO PECAS LT_77800000;6,;144,;ALFA;REVERSA;FALLBACK_CIDADE_X2;Planilha2!E/F - linha 371;CONFLITO/REVISAR
221;MOBIS BRASIL FABRICACAO DE AUTO PECAS LT;1;HYUNDAI MOBIS;102010311;HYUNDAI MOBIS RODOVIARIO;  ;57300000;ARAPIRACA;AL;13390000;RIO DAS PEDRAS;SP;Indiferente     ;Rodoviario  ;576.000;24;0.000;0.000;RIO DAS PEDRAS_SP_MOBIS BRASIL FABRICACAO DE AUTO PECAS LT_57300000;6,;144,;ALFA;REVERSA;FALLBACK_CIDADE_X2;Planilha2!E/F - linha 371;CONFLITO/REVISAR
221;MOBIS BRASIL FABRICACAO DE AUTO PECAS LT;1;HYUNDAI MOBIS;102010311;HYUNDAI MOBIS RODOVIARIO;  ;88900000;ARARANGUA;SC;13390000;RIO DAS PEDRAS;SP;Indiferente     ;Rodoviario  ;240.000;10;0.000;0.000;RIO DAS PEDRAS_SP_MOBIS BRASIL FABRICACAO DE AUTO PECAS LT_88900000;6,;144,;ALFA;REVERSA;FALLBACK_CIDADE_X2;Planilha2!E/F - linha 371;CONFLITO/REVISAR
221;MOBIS BRASIL FABRICACAO DE AUTO PECAS LT;1;HYUNDAI MOBIS;102010311;HYUNDAI MOBIS RODOVIARIO;  ;14800000;ARARAQUARA;SP;13390000;RIO DAS PEDRAS;SP;Indiferente     ;Rodoviario  ;192.000;8;0.000;0.000;RIO DAS PEDRAS_SP_MOBIS BRASIL FABRICACAO DE AUTO PECAS LT_14800000;6,;144,;ALFA;REVERSA;FALLBACK_CIDADE_X2;Planilha2!E/F - linha 371;CONFLITO/REVISAR
221;MOBIS BRASIL FABRICACAO DE AUTO PECAS LT;1;HYUNDAI MOBIS;102010311;HYUNDAI MOBIS RODOVIARIO;  ;12940000;ATIBAIA;SP;13390000;RIO DAS PEDRAS;SP;Indiferente     ;Rodoviario  ;144.000;6;0.000;0.000;RIO DAS PEDRAS_SP_MOBIS BRASIL FABRICACAO DE AUTO PECAS LT_12940000;6,;144,;ALFA;REVERSA;FALLBACK_CIDADE_X2;Planilha2!E/F - linha 371;CONFLITO/REVISAR
221;MOBIS BRASIL FABRICACAO DE AUTO PECAS LT;1;HYUNDAI MOBIS;102010311;HYUNDAI MOBIS RODOVIARIO;  ;96400000;BAGE;RS;13390000;RIO DAS PEDRAS;SP;Indiferente     ;Rodoviario  ;336.000;14;0.000;0.000;RIO DAS PEDRAS_SP_MOBIS BRASIL FABRICACAO DE AUTO PECAS LT_96400000;6,;144,;ALFA;REVERSA;FALLBACK_CIDADE_X2;Planilha2!E/F - linha 371;CONFLITO/REVISAR
221;MOBIS BRASIL FABRICACAO DE AUTO PECAS LT;1;HYUNDAI MOBIS;102010311;HYUNDAI MOBIS RODOVIARIO;  ;88330000;BALNEARIO CAMBORIU;SC;13390000;RIO DAS PEDRAS;SP;Indiferente     ;Rodoviario  ;288.000;12;0.000;0.000;RIO DAS PEDRAS_SP_MOBIS BRASIL FABRICACAO DE AUTO PECAS LT_88330000;6,;144,;ALFA;REVERSA;FALLBACK_CIDADE_X2;Planilha2!E/F - linha 371;CONFLITO/REVISAR
221;MOBIS BRASIL FABRICACAO DE AUTO PECAS LT;1;HYUNDAI MOBIS;102020311;HYUNDAI MOBIS AEREO;  ;13390000;RIO DAS PEDRAS;SP;74000000;GOIANIA;GO;Indiferente     ;Rodoviario  ;72.000;3;0.000;0.000;GOIANIA_GO_MOBIS BRASIL FABRICACAO DE AUTO PECAS LT_13390000;8,;192,;RIO VERMELHO;REVERSA;FALLBACK_CIDADE_X2;Planilha2!E/F - linha 740;CONFLITO/REVISAR
221;MOBIS BRASIL FABRICACAO DE AUTO PECAS LT;1;HYUNDAI MOBIS;102020311;HYUNDAI MOBIS AEREO;  ;13390000;RIO DAS PEDRAS;SP;74900000;APARECIDA DE GOIANIA;GO;Indiferente     ;Rodoviario  ;120.000;5;0.000;0.000;APARECIDA DE GOIANIA_GO_MOBIS BRASIL FABRICACAO DE AUTO PECAS LT_13390000;8,;192,;RIO VERMELHO;REVERSA;FALLBACK_CIDADE_X2;Planilha2!E/F - linha 748;CONFLITO/REVISAR
221;MOBIS BRASIL FABRICACAO DE AUTO PECAS LT;1;HYUNDAI MOBIS;102020311;HYUNDAI MOBIS AEREO;  ;13390000;RIO DAS PEDRAS;SP;75000000;ANAPOLIS;GO;Indiferente     ;Rodoviario  ;120.000;5;0.000;0.000;ANAPOLIS_GO_MOBIS BRASIL FABRICACAO DE AUTO PECAS LT_13390000;14,;336,;RIO VERMELHO;REVERSA;FALLBACK_CIDADE_X2;Planilha2!E/F - linha 745;CONFLITO/REVISAR
221;MOBIS BRASIL FABRICACAO DE AUTO PECAS LT;1;HYUNDAI MOBIS;102020311;HYUNDAI MOBIS AEREO;  ;13390000;RIO DAS PEDRAS;SP;75500000;ITUMBIARA;GO;Indiferente     ;Rodoviario  ;120.000;5;0.000;0.000;ITUMBIARA_GO_MOBIS BRASIL FABRICACAO DE AUTO PECAS LT_13390000;12,;288,;RIO VERMELHO;REVERSA;FALLBACK_CIDADE_X2;Planilha2!E/F - linha 746;CONFLITO/REVISAR
221;MOBIS BRASIL FABRICACAO DE AUTO PECAS LT;1;HYUNDAI MOBIS;102020311;HYUNDAI MOBIS AEREO;  ;13390000;RIO DAS PEDRAS;SP;75700000;CATALAO;GO;Indiferente     ;Rodoviario  ;120.000;5;0.000;0.000;CATALAO_GO_MOBIS BRASIL FABRICACAO DE AUTO PECAS LT_13390000;16,;384,;RIO VERMELHO;REVERSA;FALLBACK_CIDADE_X2;Planilha2!E/F - linha 743;CONFLITO/REVISAR
221;MOBIS BRASIL FABRICACAO DE AUTO PECAS LT;1;HYUNDAI MOBIS;102020311;HYUNDAI MOBIS AEREO;  ;13390000;RIO DAS PEDRAS;SP;75900000;RIO VERDE;GO;Indiferente     ;Rodoviario  ;120.000;5;0.000;0.000;RIO VERDE_GO_MOBIS BRASIL FABRICACAO DE AUTO PECAS LT_13390000;12,;288,;RIO VERMELHO;REVERSA;FALLBACK_CIDADE_X2;Planilha2!E/F - linha 744;CONFLITO/REVISAR
221;MOBIS BRASIL FABRICACAO DE AUTO PECAS LT;1;HYUNDAI MOBIS;102020311;HYUNDAI MOBIS AEREO;  ;13390000;RIO DAS PEDRAS;SP;76100000;SAO LUIS DE MONTES BELOS;GO;Indiferente     ;Rodoviario  ;120.000;5;0.000;0.000;SAO LUIS DE MONTES BELOS_GO_MOBIS BRASIL FABRICACAO DE AUTO PECAS LT_13390000;16,;384,;RIO VERMELHO;REVERSA;FALLBACK_CIDADE_X2;Planilha2!E/F - linha 747;CONFLITO/REVISAR
221;MOBIS BRASIL FABRICACAO DE AUTO PECAS LT;1;HYUNDAI MOBIS;102020311;HYUNDAI MOBIS AEREO;  ;13390000;RIO DAS PEDRAS;SP;77000000;PALMAS;TO;Indiferente     ;Rodoviario  ;96.000;4;0.000;0.000;PALMAS_TO_MOBIS BRASIL FABRICACAO DE AUTO PECAS LT_13390000;10,;240,;RIO VERMELHO;REVERSA;FALLBACK_CIDADE_X2;Planilha2!E/F - linha 749;CONFLITO/REVISAR
221;MOBIS BRASIL FABRICACAO DE AUTO PECAS LT;1;HYUNDAI MOBIS;102020311;HYUNDAI MOBIS AEREO;  ;13390000;RIO DAS PEDRAS;SP;77800000;ARAGUAINA;TO;Indiferente     ;Rodoviario  ;144.000;6;0.000;0.000;ARAGUAINA_TO_MOBIS BRASIL FABRICACAO DE AUTO PECAS LT_13390000;16,;384,;RIO VERMELHO;REVERSA;FALLBACK_CIDADE_X2;Planilha2!E/F - linha 741;CONFLITO/REVISAR
221;MOBIS BRASIL FABRICACAO DE AUTO PECAS LT;1;HYUNDAI MOBIS;102020311;HYUNDAI MOBIS AEREO;  ;13390000;RIO DAS PEDRAS;SP;78000000;CUIABA;MT;Indiferente     ;Rodoviario  ;96.000;4;0.000;0.000;CUIABA_MT_MOBIS BRASIL FABRICACAO DE AUTO PECAS LT_13390000;10,;240,;CARVALIMA;REVERSA;FALLBACK_CIDADE_X2;Planilha2!E/F - linha 7359;CONFLITO/REVISAR
221;MOBIS BRASIL FABRICACAO DE AUTO PECAS LT;1;HYUNDAI MOBIS;102020311;HYUNDAI MOBIS AEREO;  ;13390000;RIO DAS PEDRAS;SP;78110000;VARZEA GRANDE;MT;Indiferente     ;Rodoviario  ;120.000;5;0.000;0.000;VARZEA GRANDE_MT_MOBIS BRASIL FABRICACAO DE AUTO PECAS LT_13390000;10,;240,;CARVALIMA;REVERSA;FALLBACK_CIDADE_X2;Planilha2!E/F - linha 7360;CONFLITO/REVISAR
221;MOBIS BRASIL FABRICACAO DE AUTO PECAS LT;1;HYUNDAI MOBIS;102020311;HYUNDAI MOBIS AEREO;  ;13390000;RIO DAS PEDRAS;SP;78300000;TANGARA DA SERRA;MT;Indiferente     ;Rodoviario  ;120.000;5;0.000;0.000;TANGARA DA SERRA_MT_MOBIS BRASIL FABRICACAO DE AUTO PECAS LT_13390000;12,;288,;CARVALIMA;REVERSA;FALLBACK_CIDADE_X2;Planilha2!E/F - linha 7369;CONFLITO/REVISAR
221;MOBIS BRASIL FABRICACAO DE AUTO PECAS LT;1;HYUNDAI MOBIS;102020311;HYUNDAI MOBIS AEREO;  ;13390000;RIO DAS PEDRAS;SP;78550000;SINOP;MT;Indiferente     ;Rodoviario  ;120.000;5;0.000;0.000;SINOP_MT_MOBIS BRASIL FABRICACAO DE AUTO PECAS LT_13390000;12,;288,;CARVALIMA;REVERSA;FALLBACK_CIDADE_X2;Planilha2!E/F - linha 7367;CONFLITO/REVISAR
221;MOBIS BRASIL FABRICACAO DE AUTO PECAS LT;1;HYUNDAI MOBIS;102020311;HYUNDAI MOBIS AEREO;  ;13390000;RIO DAS PEDRAS;SP;78700000;RONDONOPOLIS;MT;Indiferente     ;Rodoviario  ;120.000;5;0.000;0.000;RONDONOPOLIS_MT_MOBIS BRASIL FABRICACAO DE AUTO PECAS LT_13390000;12,;288,;CARVALIMA;REVERSA;FALLBACK_CIDADE_X2;Planilha2!E/F - linha 7366;CONFLITO/REVISAR
221;MOBIS BRASIL FABRICACAO DE AUTO PECAS LT;1;HYUNDAI MOBIS;102020311;HYUNDAI MOBIS AEREO;  ;13390000;RIO DAS PEDRAS;SP;78900000;PORTO VELHO;RO;Indiferente     ;Rodoviario  ;120.000;5;0.000;0.000;PORTO VELHO_RO_MOBIS BRASIL FABRICACAO DE AUTO PECAS LT_13390000;22,;528,;CARVALIMA;REVERSA;FALLBACK_CIDADE_X2;Planilha2!E/F - linha 7396;CONFLITO/REVISAR
221;MOBIS BRASIL FABRICACAO DE AUTO PECAS LT;1;HYUNDAI MOBIS;102020311;HYUNDAI MOBIS AEREO;  ;13390000;RIO DAS PEDRAS;SP;78960000;JIPARANA;RO;Indiferente     ;Rodoviario  ;192.000;8;0.000;0.000;JIPARANA_RO_MOBIS BRASIL FABRICACAO DE AUTO PECAS LT_13390000;;0,;TSP Sem Cadastro;;;;SEM_CADASTRO - TT E TSP
221;MOBIS BRASIL FABRICACAO DE AUTO PECAS LT;1;HYUNDAI MOBIS;102020311;HYUNDAI MOBIS AEREO;  ;13390000;RIO DAS PEDRAS;SP;78995000;VILHENA;RO;Indiferente     ;Rodoviario  ;192.000;8;0.000;0.000;VILHENA_RO_MOBIS BRASIL FABRICACAO DE AUTO PECAS LT_13390000;18,;432,;CARVALIMA;REVERSA;FALLBACK_CIDADE_X2;Planilha2!E/F - linha 7391;CONFLITO/REVISAR
221;MOBIS BRASIL FABRICACAO DE AUTO PECAS LT;1;HYUNDAI MOBIS;102020311;HYUNDAI MOBIS AEREO;  ;13390000;RIO DAS PEDRAS;SP;79000000;CAMPO GRANDE;MS;Indiferente     ;Rodoviario  ;96.000;4;0.000;0.000;CAMPO GRANDE_MS_MOBIS BRASIL FABRICACAO DE AUTO PECAS LT_13390000;10,;240,;CARVALIMA;REVERSA;FALLBACK_CIDADE_X2;Planilha2!E/F - linha 7343;CONFLITO/REVISAR
221;MOBIS BRASIL FABRICACAO DE AUTO PECAS LT;1;HYUNDAI MOBIS;102020311;HYUNDAI MOBIS AEREO;  ;13390000;RIO DAS PEDRAS;SP;79600000;TRES LAGOAS;MS;Indiferente     ;Rodoviario  ;120.000;5;0.000;0.000;TRES LAGOAS_MS_MOBIS BRASIL FABRICACAO DE AUTO PECAS LT_13390000;10,;240,;CARVALIMA;REVERSA;FALLBACK_CIDADE_X2;Planilha2!E/F - linha 7349;CONFLITO/REVISAR
221;MOBIS BRASIL FABRICACAO DE AUTO PECAS LT;1;HYUNDAI MOBIS;102020311;HYUNDAI MOBIS AEREO;  ;13390000;RIO DAS PEDRAS;SP;79800000;DOURADOS;MS;Indiferente     ;Rodoviario  ;120.000;5;0.000;0.000;DOURADOS_MS_MOBIS BRASIL FABRICACAO DE AUTO PECAS LT_13390000;10,;240,;CARVALIMA;REVERSA;FALLBACK_CIDADE_X2;Planilha2!E/F - linha 7344;CONFLITO/REVISAR
221;MOBIS BRASIL FABRICACAO DE AUTO PECAS LT;1;HYUNDAI MOBIS;102020311;HYUNDAI MOBIS AEREO;  ;13390000;RIO DAS PEDRAS;SP;80000000;CURITIBA;PR;Indiferente     ;Rodoviario  ;72.000;3;0.000;0.000;CURITIBA_PR_MOBIS BRASIL FABRICACAO DE AUTO PECAS LT_13390000;6,;144,;ALFA;REVERSA;FALLBACK_CIDADE_X2;Planilha2!E/F - linha 700;CONFLITO/REVISAR
221;MOBIS BRASIL FABRICACAO DE AUTO PECAS LT;1;HYUNDAI MOBIS;102020311;HYUNDAI MOBIS AEREO;  ;13390000;RIO DAS PEDRAS;SP;83000000;SAO JOSE DOS PINHAIS;PR;Indiferente     ;Rodoviario  ;120.000;5;0.000;0.000;SAO JOSE DOS PINHAIS_PR_MOBIS BRASIL FABRICACAO DE AUTO PECAS LT_13390000;4,;96,;ALFA;REVERSA;FALLBACK_CIDADE_X2;Planilha2!E/F - linha 704;CONFLITO/REVISAR
221;MOBIS BRASIL FABRICACAO DE AUTO PECAS LT;1;HYUNDAI MOBIS;102020311;HYUNDAI MOBIS AEREO;  ;13390000;RIO DAS PEDRAS;SP;84000000;PONTA GROSSA;PR;Indiferente     ;Rodoviario  ;120.000;5;0.000;0.000;PONTA GROSSA_PR_MOBIS BRASIL FABRICACAO DE AUTO PECAS LT_13390000;6,;144,;PROGRESSIVA;REVERSA;FALLBACK_CIDADE_X2;Planilha2!E/F - linha 6152;CONFLITO/REVISAR
221;MOBIS BRASIL FABRICACAO DE AUTO PECAS LT;1;HYUNDAI MOBIS;102020311;HYUNDAI MOBIS AEREO;  ;13390000;RIO DAS PEDRAS;SP;85000000;GUARAPUAVA;PR;Indiferente     ;Rodoviario  ;120.000;5;0.000;0.000;GUARAPUAVA_PR_MOBIS BRASIL FABRICACAO DE AUTO PECAS LT_13390000;6,;144,;PROGRESSIVA;REVERSA;FALLBACK_CIDADE_X2;Planilha2!E/F - linha 6143;CONFLITO/REVISAR
221;MOBIS BRASIL FABRICACAO DE AUTO PECAS LT;1;HYUNDAI MOBIS;102020311;HYUNDAI MOBIS AEREO;  ;13390000;RIO DAS PEDRAS;SP;85500000;PATO BRANCO;PR;Indiferente     ;Rodoviario  ;120.000;5;0.000;0.000;PATO BRANCO_PR_MOBIS BRASIL FABRICACAO DE AUTO PECAS LT_13390000;6,;144,;TRANSTRY;REVERSA;FALLBACK_CIDADE_X2;Planilha2!E/F - linha 6206;CONFLITO/REVISAR
221;MOBIS BRASIL FABRICACAO DE AUTO PECAS LT;1;HYUNDAI MOBIS;102020311;HYUNDAI MOBIS AEREO;  ;13390000;RIO DAS PEDRAS;SP;85600000;FRANCISCO BELTRAO;PR;Indiferente     ;Rodoviario  ;120.000;5;0.000;0.000;FRANCISCO BELTRAO_PR_MOBIS BRASIL FABRICACAO DE AUTO PECAS LT_13390000;8,;192,;PROGRESSIVA;REVERSA;FALLBACK_CIDADE_X2;Planilha2!E/F - linha 6193;CONFLITO/REVISAR
221;MOBIS BRASIL FABRICACAO DE AUTO PECAS LT;1;HYUNDAI MOBIS;102020311;HYUNDAI MOBIS AEREO;  ;13390000;RIO DAS PEDRAS;SP;85800000;CASCAVEL;PR;Indiferente     ;Rodoviario  ;120.000;5;0.000;0.000;CASCAVEL_PR_MOBIS BRASIL FABRICACAO DE AUTO PECAS LT_13390000;8,;192,;PROGRESSIVA;REVERSA;FALLBACK_CIDADE_X2;Planilha2!E/F - linha 6133;CONFLITO/REVISAR
221;MOBIS BRASIL FABRICACAO DE AUTO PECAS LT;1;HYUNDAI MOBIS;102020311;HYUNDAI MOBIS AEREO;  ;13390000;RIO DAS PEDRAS;SP;85850000;FOZ DO IGUACU;PR;Indiferente     ;Rodoviario  ;120.000;5;0.000;0.000;FOZ DO IGUACU_PR_MOBIS BRASIL FABRICACAO DE AUTO PECAS LT_13390000;6,;144,;PROGRESSIVA;REVERSA;FALLBACK_CIDADE_X2;Planilha2!E/F - linha 6192;CONFLITO/REVISAR
221;MOBIS BRASIL FABRICACAO DE AUTO PECAS LT;1;HYUNDAI MOBIS;102020311;HYUNDAI MOBIS AEREO;  ;13390000;RIO DAS PEDRAS;SP;85900000;TOLEDO;PR;Indiferente     ;Rodoviario  ;120.000;5;0.000;0.000;TOLEDO_PR_MOBIS BRASIL FABRICACAO DE AUTO PECAS LT_13390000;6,;144,;TRANSTRY;REVERSA;FALLBACK_CIDADE_X2;Planilha2!E/F - linha 6211;CONFLITO/REVISAR
221;MOBIS BRASIL FABRICACAO DE AUTO PECAS LT;1;HYUNDAI MOBIS;102020311;HYUNDAI MOBIS AEREO;  ;13390000;RIO DAS PEDRAS;SP;86000000;LONDRINA;PR;Indiferente     ;Rodoviario  ;120.000;5;0.000;0.000;LONDRINA_PR_MOBIS BRASIL FABRICACAO DE AUTO PECAS LT_13390000;10,;240,;ALFA;REVERSA;FALLBACK_CIDADE_X2;Planilha2!E/F - linha 732;CONFLITO/REVISAR
221;MOBIS BRASIL FABRICACAO DE AUTO PECAS LT;1;HYUNDAI MOBIS;102020311;HYUNDAI MOBIS AEREO;  ;13390000;RIO DAS PEDRAS;SP;87000000;MARINGA;PR;Indiferente     ;Rodoviario  ;120.000;5;0.000;0.000;MARINGA_PR_MOBIS BRASIL FABRICACAO DE AUTO PECAS LT_13390000;6,;144,;ALFA;REVERSA;FALLBACK_CIDADE_X2;Planilha2!E/F - linha 701;CONFLITO/REVISAR
221;MOBIS BRASIL FABRICACAO DE AUTO PECAS LT;1;HYUNDAI MOBIS;102020311;HYUNDAI MOBIS AEREO;  ;13390000;RIO DAS PEDRAS;SP;87500000;UMUARAMA;PR;Indiferente     ;Rodoviario  ;120.000;5;0.000;0.000;UMUARAMA_PR_MOBIS BRASIL FABRICACAO DE AUTO PECAS LT_13390000;8,;192,;PROGRESSIVA;REVERSA;FALLBACK_CIDADE_X2;Planilha2!E/F - linha 6163;CONFLITO/REVISAR
221;MOBIS BRASIL FABRICACAO DE AUTO PECAS LT;1;HYUNDAI MOBIS;102020311;HYUNDAI MOBIS AEREO;  ;13390000;RIO DAS PEDRAS;SP;88000000;FLORIANOPOLIS;SC;Indiferente     ;Rodoviario  ;72.000;3;0.000;0.000;FLORIANOPOLIS_SC_MOBIS BRASIL FABRICACAO DE AUTO PECAS LT_13390000;8,;192,;ALFA;REVERSA;FALLBACK_CIDADE_X2;Planilha2!E/F - linha 727;CONFLITO/REVISAR
221;MOBIS BRASIL FABRICACAO DE AUTO PECAS LT;1;HYUNDAI MOBIS;102020311;HYUNDAI MOBIS AEREO;  ;13390000;RIO DAS PEDRAS;SP;88100000;SAO JOSE;SC;Indiferente     ;Rodoviario  ;120.000;5;0.000;0.000;SAO JOSE_SC_MOBIS BRASIL FABRICACAO DE AUTO PECAS LT_13390000;6,;144,;ALFA;REVERSA;FALLBACK_CIDADE_X2;Planilha2!E/F - linha 717;CONFLITO/REVISAR
221;MOBIS BRASIL FABRICACAO DE AUTO PECAS LT;1;HYUNDAI MOBIS;102020311;HYUNDAI MOBIS AEREO;  ;13390000;RIO DAS PEDRAS;SP;88300000;ITAJAI;SC;Indiferente     ;Rodoviario  ;120.000;5;0.000;0.000;ITAJAI_SC_MOBIS BRASIL FABRICACAO DE AUTO PECAS LT_13390000;6,;144,;ALFA;REVERSA;FALLBACK_CIDADE_X2;Planilha2!E/F - linha 715;CONFLITO/REVISAR
221;MOBIS BRASIL FABRICACAO DE AUTO PECAS LT;1;HYUNDAI MOBIS;102020311;HYUNDAI MOBIS AEREO;  ;13390000;RIO DAS PEDRAS;SP;88330000;BALNEARIO CAMBORIU;SC;Indiferente     ;Rodoviario  ;120.000;5;0.000;0.000;BALNEARIO CAMBORIU_SC_MOBIS BRASIL FABRICACAO DE AUTO PECAS LT_13390000;6,;144,;PROGRESSIVA;REVERSA;FALLBACK_CIDADE_X2;Planilha2!E/F - linha 6214;CONFLITO/REVISAR
221;MOBIS BRASIL FABRICACAO DE AUTO PECAS LT;1;HYUNDAI MOBIS;102020311;HYUNDAI MOBIS AEREO;  ;13390000;RIO DAS PEDRAS;SP;88350000;BRUSQUE;SC;Indiferente     ;Rodoviario  ;120.000;5;0.000;0.000;BRUSQUE_SC_MOBIS BRASIL FABRICACAO DE AUTO PECAS LT_13390000;10,;240,;PROGRESSIVA;REVERSA;FALLBACK_CIDADE_X2;Planilha2!E/F - linha 6129;CONFLITO/REVISAR
221;MOBIS BRASIL FABRICACAO DE AUTO PECAS LT;1;HYUNDAI MOBIS;102020311;HYUNDAI MOBIS AEREO;  ;13390000;RIO DAS PEDRAS;SP;88500000;LAGES;SC;Indiferente     ;Rodoviario  ;120.000;5;0.000;0.000;LAGES_SC_MOBIS BRASIL FABRICACAO DE AUTO PECAS LT_13390000;8,;192,;PROGRESSIVA;REVERSA;FALLBACK_CIDADE_X2;Planilha2!E/F - linha 6148;CONFLITO/REVISAR
221;MOBIS BRASIL FABRICACAO DE AUTO PECAS LT;1;HYUNDAI MOBIS;102020311;HYUNDAI MOBIS AEREO;  ;13390000;RIO DAS PEDRAS;SP;88700000;TUBARAO;SC;Indiferente     ;Rodoviario  ;120.000;5;0.000;0.000;TUBARAO_SC_MOBIS BRASIL FABRICACAO DE AUTO PECAS LT_13390000;6,;144,;PROGRESSIVA;REVERSA;FALLBACK_CIDADE_X2;Planilha2!E/F - linha 6243;CONFLITO/REVISAR
221;MOBIS BRASIL FABRICACAO DE AUTO PECAS LT;1;HYUNDAI MOBIS;102020311;HYUNDAI MOBIS AEREO;  ;13390000;RIO DAS PEDRAS;SP;88800000;CRICIUMA;SC;Indiferente     ;Rodoviario  ;120.000;5;0.000;0.000;CRICIUMA_SC_MOBIS BRASIL FABRICACAO DE AUTO PECAS LT_13390000;6,;144,;PROGRESSIVA;REVERSA;FALLBACK_CIDADE_X2;Planilha2!E/F - linha 6223;CONFLITO/REVISAR
221;MOBIS BRASIL FABRICACAO DE AUTO PECAS LT;1;HYUNDAI MOBIS;102020311;HYUNDAI MOBIS AEREO;  ;13390000;RIO DAS PEDRAS;SP;88900000;ARARANGUA;SC;Indiferente     ;Rodoviario  ;120.000;5;0.000;0.000;ARARANGUA_SC_MOBIS BRASIL FABRICACAO DE AUTO PECAS LT_13390000;8,;192,;TRANSTRY;REVERSA;FALLBACK_CIDADE_X2;Planilha2!E/F - linha 6213;CONFLITO/REVISAR
221;MOBIS BRASIL FABRICACAO DE AUTO PECAS LT;1;HYUNDAI MOBIS;102020311;HYUNDAI MOBIS AEREO;  ;13390000;RIO DAS PEDRAS;SP;89000000;BLUMENAU;SC;Indiferente     ;Rodoviario  ;120.000;5;0.000;0.000;BLUMENAU_SC_MOBIS BRASIL FABRICACAO DE AUTO PECAS LT_13390000;4,;96,;PROGRESSIVA;REVERSA;FALLBACK_CIDADE_X2;Planilha2!E/F - linha 6128;CONFLITO/REVISAR
221;MOBIS BRASIL FABRICACAO DE AUTO PECAS LT;1;HYUNDAI MOBIS;102020311;HYUNDAI MOBIS AEREO;  ;13390000;RIO DAS PEDRAS;SP;89160000;RIO DO SUL;SC;Indiferente     ;Rodoviario  ;120.000;5;0.000;0.000;RIO DO SUL_SC_MOBIS BRASIL FABRICACAO DE AUTO PECAS LT_13390000;6,;144,;TRANSTRY;REVERSA;FALLBACK_CIDADE_X2;Planilha2!E/F - linha 6238;CONFLITO/REVISAR
221;MOBIS BRASIL FABRICACAO DE AUTO PECAS LT;1;HYUNDAI MOBIS;102020311;HYUNDAI MOBIS AEREO;  ;13390000;RIO DAS PEDRAS;SP;89200000;JOINVILLE;SC;Indiferente     ;Rodoviario  ;120.000;5;0.000;0.000;JOINVILLE_SC_MOBIS BRASIL FABRICACAO DE AUTO PECAS LT_13390000;6,;144,;ALFA;REVERSA;FALLBACK_CIDADE_X2;Planilha2!E/F - linha 716;CONFLITO/REVISAR
221;MOBIS BRASIL FABRICACAO DE AUTO PECAS LT;1;HYUNDAI MOBIS;102020311;HYUNDAI MOBIS AEREO;  ;29000000;VITORIA;ES;13390000;RIO DAS PEDRAS;SP;Indiferente     ;Rodoviario  ;144.000;6;0.000;0.000;RIO DAS PEDRAS_SP_MOBIS BRASIL FABRICACAO DE AUTO PECAS LT_29000000;6,;144,;ALFA;REVERSA;FALLBACK_CIDADE_X2;Planilha2!E/F - linha 371;CONFLITO/REVISAR
221;MOBIS BRASIL FABRICACAO DE AUTO PECAS LT;1;HYUNDAI MOBIS;102020311;HYUNDAI MOBIS AEREO;  ;45000000;VITORIA DA CONQUISTA;BA;13390000;RIO DAS PEDRAS;SP;Indiferente     ;Rodoviario  ;336.000;14;0.000;0.000;RIO DAS PEDRAS_SP_MOBIS BRASIL FABRICACAO DE AUTO PECAS LT_45000000;6,;144,;ALFA;REVERSA;FALLBACK_CIDADE_X2;Planilha2!E/F - linha 371;CONFLITO/REVISAR
221;MOBIS BRASIL FABRICACAO DE AUTO PECAS LT;1;HYUNDAI MOBIS;102020311;HYUNDAI MOBIS AEREO;  ;27200000;VOLTA REDONDA;RJ;13390000;RIO DAS PEDRAS;SP;Indiferente     ;Rodoviario  ;240.000;10;0.000;0.000;RIO DAS PEDRAS_SP_MOBIS BRASIL FABRICACAO DE AUTO PECAS LT_27200000;6,;144,;ALFA;REVERSA;FALLBACK_CIDADE_X2;Planilha2!E/F - linha 371;CONFLITO/REVISAR
223;VOLKSWAGEN TRUCK E BUS INDUSTRIA E COMER;1;PROJETO MAN CAMINHOES;102010311;PROJETO MAN CAMINHOES;  ;13200000;JUNDIAI;SP;69000000;MANAUS;AM;Indiferente     ;Rodoviario  ;432.000;18;0.000;0.000;MANAUS_AM_VOLKSWAGEN TRUCK E BUS INDUSTRIA E COMER_13200000;;0,;TSP Sem Cadastro;;;;SEM_CADASTRO - TT E TSP
223;VOLKSWAGEN TRUCK E BUS INDUSTRIA E COMER;1;PROJETO MAN CAMINHOES;102010311;PROJETO MAN CAMINHOES;  ;13200000;JUNDIAI;SP;77400000;GURUPI;TO;Indiferente     ;Rodoviario  ;168.000;7;0.000;0.000;GURUPI_TO_VOLKSWAGEN TRUCK E BUS INDUSTRIA E COMER_13200000;8,;192,;RIO VERMELHO;REVERSA;FALLBACK_CIDADE_X2;Planilha2!E/F - linha 778;OK - REVERSA IDENTIFICADA POR FALLBACK X2
223;VOLKSWAGEN TRUCK E BUS INDUSTRIA E COMER;1;PROJETO MAN CAMINHOES;102010311;PROJETO MAN CAMINHOES;  ;13280000;VINHEDO;SP;89000000;BLUMENAU;SC;Indiferente     ;Rodoviario  ;120.000;5;0.000;0.000;BLUMENAU_SC_VOLKSWAGEN TRUCK E BUS INDUSTRIA E COMER_13280000;4,;96,;PROGRESSIVA;REVERSA;FALLBACK_CIDADE_X2;Planilha2!E/F - linha 6128;CONFLITO/REVISAR
223;VOLKSWAGEN TRUCK E BUS INDUSTRIA E COMER;1;PROJETO MAN CAMINHOES;102010311;PROJETO MAN CAMINHOES;  ;13280000;VINHEDO;SP;89160000;RIO DO SUL;SC;Indiferente     ;Rodoviario  ;120.000;5;0.000;0.000;RIO DO SUL_SC_VOLKSWAGEN TRUCK E BUS INDUSTRIA E COMER_13280000;6,;144,;TRANSTRY;REVERSA;FALLBACK_CIDADE_X2;Planilha2!E/F - linha 6238;CONFLITO/REVISAR
223;VOLKSWAGEN TRUCK E BUS INDUSTRIA E COMER;1;PROJETO MAN CAMINHOES;102010311;PROJETO MAN CAMINHOES;  ;13280000;VINHEDO;SP;89200000;JOINVILLE;SC;Indiferente     ;Rodoviario  ;96.000;4;0.000;0.000;JOINVILLE_SC_VOLKSWAGEN TRUCK E BUS INDUSTRIA E COMER_13280000;6,;144,;ALFA;REVERSA;FALLBACK_CIDADE_X2;Planilha2!E/F - linha 716;CONFLITO/REVISAR
223;VOLKSWAGEN TRUCK E BUS INDUSTRIA E COMER;1;PROJETO MAN CAMINHOES;102010311;PROJETO MAN CAMINHOES;  ;13280000;VINHEDO;SP;89250000;JARAGUA DO SUL;SC;Indiferente     ;Rodoviario  ;96.000;4;0.000;0.000;JARAGUA DO SUL_SC_VOLKSWAGEN TRUCK E BUS INDUSTRIA E COMER_13280000;6,;144,;PROGRESSIVA;REVERSA;FALLBACK_CIDADE_X2;Planilha2!E/F - linha 6230;CONFLITO/REVISAR
223;VOLKSWAGEN TRUCK E BUS INDUSTRIA E COMER;1;PROJETO MAN CAMINHOES;102010311;PROJETO MAN CAMINHOES;  ;13280000;VINHEDO;SP;89500000;CACADOR;SC;Indiferente     ;Rodoviario  ;168.000;7;0.000;0.000;CACADOR_SC_VOLKSWAGEN TRUCK E BUS INDUSTRIA E COMER_13280000;8,;192,;TRANSTRY;REVERSA;FALLBACK_CIDADE_X2;Planilha2!E/F - linha 6218;CONFLITO/REVISAR
223;VOLKSWAGEN TRUCK E BUS INDUSTRIA E COMER;1;PROJETO MAN CAMINHOES;102010311;PROJETO MAN CAMINHOES;  ;13280000;VINHEDO;SP;89700000;CONCORDIA;SC;Indiferente     ;Rodoviario  ;144.000;6;0.000;0.000;CONCORDIA_SC_VOLKSWAGEN TRUCK E BUS INDUSTRIA E COMER_13280000;8,;192,;PROGRESSIVA;REVERSA;FALLBACK_CIDADE_X2;Planilha2!E/F - linha 6222;CONFLITO/REVISAR
223;VOLKSWAGEN TRUCK E BUS INDUSTRIA E COMER;1;PROJETO MAN CAMINHOES;102010311;PROJETO MAN CAMINHOES;  ;13280000;VINHEDO;SP;90000000;PORTO ALEGRE;RS;Indiferente     ;Rodoviario  ;96.000;4;0.000;0.000;PORTO ALEGRE_RS_VOLKSWAGEN TRUCK E BUS INDUSTRIA E COMER_13280000;6,;144,;ALFA;REVERSA;FALLBACK_CIDADE_X2;Planilha2!E/F - linha 712;CONFLITO/REVISAR
223;VOLKSWAGEN TRUCK E BUS INDUSTRIA E COMER;1;PROJETO MAN CAMINHOES;102010311;PROJETO MAN CAMINHOES;  ;13280000;VINHEDO;SP;92000000;CANOAS;RS;Indiferente     ;Rodoviario  ;96.000;4;0.000;0.000;CANOAS_RS_VOLKSWAGEN TRUCK E BUS INDUSTRIA E COMER_13280000;8,;192,;PROGRESSIVA;REVERSA;FALLBACK_CIDADE_X2;Planilha2!E/F - linha 6111;CONFLITO/REVISAR
223;VOLKSWAGEN TRUCK E BUS INDUSTRIA E COMER;1;PROJETO MAN CAMINHOES;102010311;PROJETO MAN CAMINHOES;  ;13280000;VINHEDO;SP;93300000;NOVO HAMBURGO;RS;Indiferente     ;Rodoviario  ;96.000;4;0.000;0.000;NOVO HAMBURGO_RS_VOLKSWAGEN TRUCK E BUS INDUSTRIA E COMER_13280000;14,;336,;PROGRESSIVA;REVERSA;FALLBACK_CIDADE_X2;Planilha2!E/F - linha 6116;CONFLITO/REVISAR
223;VOLKSWAGEN TRUCK E BUS INDUSTRIA E COMER;1;PROJETO MAN CAMINHOES;102010311;PROJETO MAN CAMINHOES;  ;13280000;VINHEDO;SP;95520000;OSORIO;RS;Indiferente     ;Rodoviario  ;120.000;5;0.000;0.000;OSORIO_RS_VOLKSWAGEN TRUCK E BUS INDUSTRIA E COMER_13280000;8,;192,;TRANSTRY;REVERSA;FALLBACK_CIDADE_X2;Planilha2!E/F - linha 6265;CONFLITO/REVISAR
223;VOLKSWAGEN TRUCK E BUS INDUSTRIA E COMER;1;PROJETO MAN CAMINHOES;102010311;PROJETO MAN CAMINHOES;  ;13280000;VINHEDO;SP;95700000;BENTO GONCALVES;RS;Indiferente     ;Rodoviario  ;144.000;6;0.000;0.000;BENTO GONCALVES_RS_VOLKSWAGEN TRUCK E BUS INDUSTRIA E COMER_13280000;6,;144,;TRANSTRY;REVERSA;FALLBACK_CIDADE_X2;Planilha2!E/F - linha 6248;CONFLITO/REVISAR
223;VOLKSWAGEN TRUCK E BUS INDUSTRIA E COMER;1;PROJETO MAN CAMINHOES;102010311;PROJETO MAN CAMINHOES;  ;13280000;VINHEDO;SP;95900000;LAJEADO;RS;Indiferente     ;Rodoviario  ;144.000;6;0.000;0.000;LAJEADO_RS_VOLKSWAGEN TRUCK E BUS INDUSTRIA E COMER_13280000;8,;192,;PROGRESSIVA;REVERSA;FALLBACK_CIDADE_X2;Planilha2!E/F - linha 6115;CONFLITO/REVISAR
223;VOLKSWAGEN TRUCK E BUS INDUSTRIA E COMER;1;PROJETO MAN CAMINHOES;102010311;PROJETO MAN CAMINHOES;  ;13280000;VINHEDO;SP;96000000;PELOTAS;RS;Indiferente     ;Rodoviario  ;120.000;5;0.000;0.000;PELOTAS_RS_VOLKSWAGEN TRUCK E BUS INDUSTRIA E COMER_13280000;8,;192,;PROGRESSIVA;REVERSA;FALLBACK_CIDADE_X2;Planilha2!E/F - linha 6118;CONFLITO/REVISAR
223;VOLKSWAGEN TRUCK E BUS INDUSTRIA E COMER;1;PROJETO MAN CAMINHOES;102010311;PROJETO MAN CAMINHOES;  ;13280000;VINHEDO;SP;96400000;BAGE;RS;Indiferente     ;Rodoviario  ;168.000;7;0.000;0.000;BAGE_RS_VOLKSWAGEN TRUCK E BUS INDUSTRIA E COMER_13280000;8,;192,;ALFA;REVERSA;FALLBACK_CIDADE_X2;Planilha2!E/F - linha 706;CONFLITO/REVISAR
223;VOLKSWAGEN TRUCK E BUS INDUSTRIA E COMER;1;PROJETO MAN CAMINHOES;102010311;PROJETO MAN CAMINHOES;  ;13280000;VINHEDO;SP;96800000;SANTA CRUZ DO SUL;RS;Indiferente     ;Rodoviario  ;144.000;6;0.000;0.000;SANTA CRUZ DO SUL_RS_VOLKSWAGEN TRUCK E BUS INDUSTRIA E COMER_13280000;10,;240,;ALFA;REVERSA;FALLBACK_CIDADE_X2;Planilha2!E/F - linha 714;CONFLITO/REVISAR
223;VOLKSWAGEN TRUCK E BUS INDUSTRIA E COMER;1;PROJETO MAN CAMINHOES;102010311;PROJETO MAN CAMINHOES;  ;13280000;VINHEDO;SP;97000000;SANTA MARIA;RS;Indiferente     ;Rodoviario  ;144.000;6;0.000;0.000;SANTA MARIA_RS_VOLKSWAGEN TRUCK E BUS INDUSTRIA E COMER_13280000;6,;144,;ALFA;REVERSA;FALLBACK_CIDADE_X2;Planilha2!E/F - linha 718;CONFLITO/REVISAR
223;VOLKSWAGEN TRUCK E BUS INDUSTRIA E COMER;1;PROJETO MAN CAMINHOES;102010311;PROJETO MAN CAMINHOES;  ;13280000;VINHEDO;SP;98700000;IJUI;RS;Indiferente     ;Rodoviario  ;144.000;6;0.000;0.000;IJUI_RS_VOLKSWAGEN TRUCK E BUS INDUSTRIA E COMER_13280000;12,;288,;TRANSTRY;REVERSA;FALLBACK_CIDADE_X2;Planilha2!E/F - linha 6260;CONFLITO/REVISAR
223;VOLKSWAGEN TRUCK E BUS INDUSTRIA E COMER;1;PROJETO MAN CAMINHOES;102010311;PROJETO MAN CAMINHOES;  ;13280000;VINHEDO;SP;99000000;PASSO FUNDO;RS;Indiferente     ;Rodoviario  ;120.000;5;0.000;0.000;PASSO FUNDO_RS_VOLKSWAGEN TRUCK E BUS INDUSTRIA E COMER_13280000;8,;192,;ALFA;REVERSA;FALLBACK_CIDADE_X2;Planilha2!E/F - linha 711;CONFLITO/REVISAR
223;VOLKSWAGEN TRUCK E BUS INDUSTRIA E COMER;1;PROJETO MAN CAMINHOES;102010311;PROJETO MAN CAMINHOES;  ;13280000;VINHEDO;SP;99700000;ERECHIM;RS;Indiferente     ;Rodoviario  ;144.000;6;0.000;0.000;ERECHIM_RS_VOLKSWAGEN TRUCK E BUS INDUSTRIA E COMER_13280000;8,;192,;PROGRESSIVA;REVERSA;FALLBACK_CIDADE_X2;Planilha2!E/F - linha 6113;CONFLITO/REVISAR
